serial_no,game_id,title,release_date,release_year,all_genres,theme,art_style,view_dimension,game_mode,is_multiplayer,controls,developers,publishers,all_platforms,platform_count,esrb_rating,user_rating,metacritic,ratings_count,reviews_count,library_count,avg_playtime_hours,achievements_count,game_series_count,status_owned,status_beaten,status_playing,status_dropped,status_toplay,status_yet,all_tags,available_stores,cover_image_url,official_website,url_slug,description_clean,popularity_score,engagement_score,decade,is_multi_platform,rating_tier,metacritic_tier
1,3498,Grand Theft Auto V,2013-09-17,2013.0,Action,Crime,Realistic,3D,Single & Multiplayer,1,Controller,Rockstar North|Rockstar Games,Rockstar Games,PC|PlayStation 5|Xbox Series S/X|PlayStation 4|PlayStation 3|Xbox 360|Xbox One,7.0,M — Mature (17+),4.47,92.0,7153.0,7268.0,22126.0,74.0,539.0,12.0,12740,6283,757,1162,630,554,Singleplayer|Steam Achievements|Multiplayer|Full controller support|Atmospheric|Great Soundtrack|RPG|Co-op|Open World|cooperative|First-Person|Third Person|Funny|Sandbox|Comedy|Third-Person Shooter|Moddable|Crime|vr mod,Steam|PlayStation Store|Epic Games|Xbox 360 Store|Xbox Store,https://media.rawg.io/media/games/20a/20aa03a10cda45239fe22d035c0ebe64.jpg,http://www.rockstargames.com/V/,grand-theft-auto-v,"Rockstar Games went bigger, since their previous installment of the series. You get the complicated and realistic world-building from Liberty City of GTA4 in the setting of lively and diverse Los Santos, from an old fan favorite GTA San Andreas. 561 different vehicles (including every transport you can operate) and the amount is rising with every update. Simultaneous storytelling from three unique perspectives: Follow Michael, ex-criminal living his life of leisure away from the past, Franklin, a kid that seeks the better future, and Trevor, the exact past Michael is trying to run away from. GTA Online will provide a lot of additional challenge even for the experienced players, coming fresh from the story mode. Now you will have other players around that can help you just as likely as ruin your mission. Every GTA mechanic up to date can be experienced by players through the unique customizable character, and community content paired with the leveling system tends to keep everyone busy and engaged.",96.28,21.75,2010s,1,excellent,universal_acclaim
2,3328,The Witcher 3: Wild Hunt,2015-05-18,2015.0,Action|RPG,Fantasy,Realistic,3D,Singleplayer,0,Controller,CD PROJEKT RED,CD PROJEKT RED,Xbox Series S/X|PlayStation 5|macOS|PlayStation 4|Nintendo Switch|PC|Xbox One,7.0,M — Mature (17+),4.64,92.0,6960.0,7073.0,21788.0,43.0,684.0,9.0,12744,5128,895,997,843,1181,Singleplayer|Full controller support|Atmospheric|Great Soundtrack|RPG|Story Rich|Open World|Third Person|Fantasy|Sandbox|Action RPG|Dark|Nudity|controller support|Choices Matter|Dark Fantasy|Mature|Medieval|Magic|Multiple Endings,GOG|PlayStation Store|Steam|Xbox Store|Nintendo Store,https://media.rawg.io/media/games/618/618c2031a07bbff6b4f611f10b6bcdbc.jpg,https://thewitcher.com/en/witcher3,the-witcher-3-wild-hunt,"The third game in a series, it holds nothing back from the player. Open world adventures of the renowned monster slayer Geralt of Rivia are now even on a larger scale. Following the source material more accurately, this time Geralt is trying to find the child of the prophecy, Ciri while making a quick coin from various contracts on the side. Great attention to the world building above all creates an immersive story, where your decisions will shape the world around you. CD Project Red are infamous for the amount of work they put into their games, and it shows, because aside from classic third-person action RPG base game they provided 2 massive DLCs with unique questlines and 16 smaller DLCs, containing extra quests and items. Players praise the game for its atmosphere and a wide open world that finds the balance between fantasy elements and realistic and believable mechanics, and the game deserved numerous awards for every aspect of the game, from music to direction.",95.81,17.19,2010s,1,masterpiece,universal_acclaim
3,4200,Portal 2,2011-04-18,2011.0,Shooter|Puzzle,Sci-Fi,Realistic,3D,Single & Multiplayer,1,Controller,Valve Software,Electronic Arts|Valve,PlayStation 3|PC|Xbox 360|Linux|macOS|Xbox One,6.0,E10+ — Everyone 10+,4.59,95.0,5941.0,5997.0,20625.0,11.0,152.0,3.0,13033,5740,162,630,398,662,Singleplayer|Steam Achievements|Multiplayer|Full controller support|Steam Cloud|Atmospheric|steam-trading-cards|Co-op|Story Rich|cooperative|First-Person|Sci-fi|FPS|Online Co-Op|Funny|Female Protagonist|Comedy|Local Co-Op|stats|Steam Workshop|Space|Includes level editor|Captions available|Commentary available|Science,Xbox Store|Steam|PlayStation Store|Xbox 360 Store,https://media.rawg.io/media/games/2ba/2bac0e87cf45e5b508f227d281c9252a.jpg,http://www.thinkwithportals.com/,portal-2,"Portal 2 is a first-person puzzle game developed by Valve Corporation and released on April 19, 2011 on Steam, PS3 and Xbox 360. It was published by Valve Corporation in digital form and by Electronic Arts in physical form. Its plot directly follows the first games, taking place in the Half-Life universe. You play as Chell, a test subject in a research facility formerly ran by the company Aperture Science, but taken over by an evil AI that turned upon its creators, GladOS. After defeating GladOS at the end of the first game but failing to escape the facility, Chell is woken up from a stasis chamber by an AI personality core, Wheatley, as the unkempt complex is falling apart. As the two attempt to navigate through the ruins and escape, they stumble upon GladOS, and accidentally re-activate her... Portal 2s core mechanics are very similar to the first games the player must make their way through several test chambers which involve puzzles. For this purpose, they possess a Portal Gun, a weapon capable of creating teleportation portals on white surfaces. This seemingly simple mechanic and its subtleties coupled with the many different puzzle elements that can appear in puzzles allows the game to be easy to start playing, yet still feature profound gameplay. The sequel adds several new puzzle elements, such as gel that can render surfaces bouncy or allow you to accelerate when running on them. The game is often praised for its gameplay, its memorable dialogue and writing and its aesthetic. Both games in the series are responsible for inspiring most puzzle games succeeding them, particularly first-person puzzle games. The series, its characters and even its items such as the portal gun and the companion cube have become a cultural icon within gaming communities. Portal 2 also features a co-op mode where two players take on the roles of robots being led through tests by GladOS, as well as an in-depth level editor.",91.26,15.24,2010s,1,masterpiece,universal_acclaim
4,4291,Counter-Strike: Global Offensive,2012-08-21,2012.0,Shooter,Horror,Realistic,3D,Multiplayer,1,Controller,Valve Software|Hidden Path Entertainment,Valve,PC|Linux|Xbox 360|PlayStation 3,4.0,M — Mature (17+),3.57,81.0,3586.0,3624.0,18284.0,64.0,179.0,5.0,14089,1117,631,2101,79,267,Steam Achievements|Multiplayer|Full controller support|steam-trading-cards|Co-op|cooperative|First-Person|FPS|Online Co-Op|Tactical|stats|Steam Workshop|PvP|Moddable|War|In-App Purchases|Realistic|Team-Based|Fast-Paced|Military|Competitive|Valve Anti-Cheat enabled|e-sports|Trading,PlayStation Store|Steam|Xbox 360 Store,https://media.rawg.io/media/games/736/73619bd336c894d6941d926bfd563946.jpg,http://blog.counter-strike.net/,counter-strike-global-offensive,"Counter-Strike is a multiplayer phenomenon in its simplicity. No complicated narratives to explain the source of the conflict, no futuristic and alien threats, but counter-terrorists against terrorists. Arena shooter at its core, CS:GO provides you with various methods of disposing enemies and reliant on cooperation within the team. During the round of the classical clash mode, you will gradually receive currency to purchase different equipment. Each player can carry a primary weapon, secondary pistol, knife and a set of grenades, which all can change the battle if wielded by the skilled player. Objectives are clear and vary from map to map, from game mode to game mode. Stop the terrorists from planting explosives, stop the counter-terrorist from retrieving the hostages, kill everyone who isnt you and just perform the best with. CS:GO is one of the major cybersport discipline, which makes playing it more exciting to some players. Aside from purchasing the game, CS:GO is infamous for its loot case system, that requires players to purchase keys, in order to open said cases. Customization items consist of weapon skins, weapon stickers, and sprays that do not affect gameplay and have purely visual value to the player.",73.56,8.79,2010s,1,good,generally_favorable
5,5286,Tomb Raider (2013),2013-03-05,2013.0,Action,Adventure,Realistic,3D,Single & Multiplayer,1,Controller,Crystal Dynamics,Square Enix,PlayStation 3|Xbox 360|macOS|PC|Xbox One|PlayStation 4,6.0,M — Mature (17+),4.06,86.0,4018.0,4050.0,17627.0,10.0,148.0,23.0,11552,4422,115,559,286,693,Singleplayer|Multiplayer|Full controller support|Atmospheric|RPG|Third Person|Exploration|Classic|Female Protagonist|Stealth|Action-Adventure|Third-Person Shooter|Retro|Cinematic|Quick-Time Events|Dinosaurs|Lara Croft,Xbox 360 Store|Steam|PlayStation Store|Google Play|App Store|Epic Games,https://media.rawg.io/media/games/021/021c4e21a1824d2526f925eff6324653.jpg,http://www.tombraider.com,tomb-raider,"A cinematic revival of the series in its action third person form, Tomb Rider follows Lara in her least experience period of life her youth. Heavily influenced by Naughty Dogs Uncharted, the game is a mix of everything, from stealth and survival to combat and QTE action scenes. Young Lara Croft arrives on the Yamatai, lost island near Japan, as the leader of the expedition in search of the Yamatai Kingdom, with a diverse team of specialists. But shipwreck postponed the successful arrival and seemingly forgotten island is heavily populated with hostile inhabitants, cultists of Solarii Brotherhood. The game will be graphic at times, especially after failed QTEs during some of the survival scenes, but overall players will enjoy classic action adventure, reminiscent of the beginning of the series. This game is not a direct sequel or continuation of existing sub-series within the franchise, but a reboot, setting up Tomb Raider to represent modern gaming experience. The game has RPG elements and has a world, which you can explore during the story campaign and after the completion. As well as multiplayer mode, where 2 teams (4 scavengers and 4 survivors) are clashing in 3 game modes while using weapons and environments from the single-player campaign.",76.54,13.77,2010s,1,excellent,generally_favorable
6,13536,Portal,2007-10-09,2007.0,Action|Puzzle,Sci-Fi,Realistic,3D,Singleplayer,0,Controller,Valve Software|NVIDIA Lightspeed Studios,Valve|Buka Entertainment|NVIDIA|CyberFront,macOS|PC|Android|PlayStation 3|Xbox 360|Linux|Nintendo Switch,7.0,T — Teen (13+),4.49,90.0,4896.0,4940.0,17582.0,4.0,15.0,3.0,11105,5216,86,422,285,468,Singleplayer|Steam Achievements|Atmospheric|Great Soundtrack|Story Rich|First-Person|Sci-fi|Partial Controller Support|FPS|Funny|Classic|Female Protagonist|Comedy|Includes level editor|Captions available|Short|Physics|Dark Humor|Commentary available|Includes Source SDK|Science,Steam|Google Play,https://media.rawg.io/media/games/7fa/7fa0b586293c5861ee32490e953a4996.jpg,http://www.whatistheorangebox.com/,portal,"Every single time you click your mouse while holding a gun, you expect bullets to fly and enemies to fall. But here you will try out the FPS game filled with environmental puzzles and engaging story. Silent template for your adventures, Chell, wakes up in a testing facility. Shes a subject of experiments on instant travel device, supervised by snarky and hostile GLaDOS. Players will have to complete the tests, room by room, expecting either reward, freedom or more tests. By using the gun, that shoots portals (Portal-Gun), players will move blocks, travel great distance quickly and learn about your current situation, which is unraveled through environmental storytelling. What you will be told might be different from what you will see. White environments will guide the players portal placement, forcing them to pay attention to the surroundings. Portal creates tension, allowing either solving puzzles at your own leisure or moving quickly, due to the time limit or threats.",81.43,15.2,2000s,1,excellent,universal_acclaim
7,12020,Left 4 Dead 2,2009-11-17,2009.0,Action|Shooter,Horror,Realistic,3D,Single & Multiplayer,1,Controller,Valve Software|Turtle Rock Studios,Electronic Arts|Valve|Akella,Xbox 360|Linux|PC|macOS,4.0,M — Mature (17+),4.09,89.0,3355.0,3380.0,17398.0,9.0,166.0,2.0,12885,2613,154,1236,116,394,Singleplayer|Steam Achievements|Multiplayer|Full controller support|Steam Cloud|steam-trading-cards|Co-op|cooperative|First-Person|Horror|FPS|Online Co-Op|Gore|Survival|Local Co-Op|Tactical|stats|Steam Workshop|Zombies|Moddable|Survival Horror|Post-apocalyptic|Captions available|Replay Value|Team-Based|Valve Anti-Cheat enabled|Commentary available|Includes Source SDK,Steam|Xbox 360 Store,https://media.rawg.io/media/games/d58/d588947d4286e7b5e0e12e1bea7d9844.jpg,http://www.l4d.com,left-4-dead-2,"Cooperative survival continues with a different set of characters. New survivors are making their way through 5 campaigns with an added ability to play through the story of the first game as well, using not only expanded arsenal of 20 ranged and 10 melee weapons but improved AI Director. Your surroundings and weather will change enemy and item placement will differ from map to map, from difficulty to difficulty. New unique special zombies, placed in the unlucky for the player spot, can end your run. High compatibility with community mods will allow you not only to add user-created maps but player models, enemy models, and even in-game music, which will help any player to create the unique experience on top of solid game mechanics. Competitive multiplayer mods from arena survival to a head-on competition with another team of survivors are addictive and, in addition to the campaign, will provide you with hundreds of hours of game content.",74.99,8.71,2000s,1,excellent,generally_favorable
8,5679,The Elder Scrolls V: Skyrim,2011-11-11,2011.0,Action|RPG,Fantasy,Realistic,3D,Singleplayer,0,Controller,Bethesda Game Studios,Bethesda Softworks,PC|Xbox Series S/X|PlayStation 5|Xbox One|PlayStation 4|Nintendo Switch|Xbox 360|PlayStation 3,8.0,M — Mature (17+),4.42,94.0,4803.0,4856.0,16593.0,46.0,302.0,15.0,9942,3937,402,1366,431,515,Singleplayer|Steam Achievements|Steam Cloud|Atmospheric|steam-trading-cards|Great Soundtrack|RPG|Story Rich|Open World|First-Person|Third Person|Partial Controller Support|Fantasy|Sandbox|Action RPG|Steam Workshop|role-playing|Moddable|Character Customization|Dark Fantasy|Medieval|Magic|Lore-Rich|Dragons,PlayStation Store|Steam|Nintendo Store|Xbox 360 Store,https://media.rawg.io/media/games/7cf/7cfc9220b401b7a300e409e539c9afd5.jpg,http://elderscrolls.com/,the-elder-scrolls-v-skyrim,"The fifth game in the series, Skyrim takes us on a journey through the coldest region of Cyrodiil. Once again player can traverse the open world RPG armed with various medieval weapons and magic, to become a hero of Nordic legends Dovahkiin, the Dragonborn. After mandatory character creation players will have to escape not only imprisonment but a fire-breathing dragon. Something Skyrim hasnt seen in centuries.",79.91,16.47,2010s,1,excellent,universal_acclaim
9,28,Red Dead Redemption 2,2018-10-26,2018.0,Action,Crime,Realistic,3D,Single & Multiplayer,1,Controller,Rockstar Games,Rockstar Games,PC|PlayStation 4|Xbox One,3.0,M — Mature (17+),4.59,96.0,5292.0,5416.0,16450.0,21.0,278.0,3.0,8666,3436,949,746,1658,995,Singleplayer|Multiplayer|Atmospheric|Great Soundtrack|Co-op|Story Rich|Open World|First-Person|Third Person|Partial Controller Support|FPS|Online Co-Op|Gore|Exploration|Sandbox|Violent|Third-Person Shooter|PvP|In-App Purchases|Mature|Realistic|Historical|Cinematic|Crime|Online PvP|3rd-Person Perspective|Blood|America|Masterpiece|Beautiful|Hunting|Western|3rd-person,PlayStation Store|Epic Games|Steam|Xbox Store,https://media.rawg.io/media/games/511/5118aff5091cb3efec399c808f8c598f.jpg,https://www.rockstargames.com/reddeadredemption2/,red-dead-redemption-2,"America, 1899. The end of the wild west era has begun as lawmen hunt down the last remaining outlaw gangs. Those who will not surrender or succumb are killed. After a robbery goes badly wrong in the western town of Blackwater, Arthur Morgan and the Van der Linde gang are forced to flee. With federal agents and the best bounty hunters in the nation massing on their heels, the gang must rob, steal and fight their way across the rugged heartland of America in order to survive. As deepening internal divisions threaten to tear the gang apart, Arthur must make a choice between his own ideals and loyalty to the gang who raised him. From the creators of Grand Theft Auto V and Red Dead Redemption, Red Dead Redemption 2 is an epic tale of life in America at the dawn of the modern age.",82.1,12.94,2010s,1,masterpiece,universal_acclaim
10,4062,BioShock Infinite,2013-03-26,2013.0,Action|Shooter,Sci-Fi,Realistic,3D,Singleplayer,0,Controller,Aspyr Media|2K Australia|Irrational Games,2K Games|Aspyr,PlayStation 4|Xbox 360|Nintendo Switch|Linux|PC|PlayStation 3|Xbox One,7.0,M — Mature (17+),4.38,94.0,4121.0,4163.0,15962.0,12.0,370.0,8.0,9610,4446,102,518,438,848,Singleplayer|Steam Achievements|Full controller support|Steam Cloud|Atmospheric|steam-trading-cards|Great Soundtrack|RPG|Story Rich|First-Person|Sci-fi|FPS|Fantasy|Gore|Controller|Dystopian|Linear|Steampunk|Alternate History|Time Travel|Political,Epic Games|App Store|Xbox Store|Nintendo Store|PlayStation Store|Steam|Xbox 360 Store,https://media.rawg.io/media/games/fc1/fc1307a2774506b5bd65d7e8424664a7.jpg,https://2k.com/en-US/game/bioshock-infinite,bioshock-infinite,"The third game in the series, Bioshock takes the story of the underwater confinement within the lost city of Rapture and takes it in the sky-city of Columbia. Players will follow Booker DeWitt, a private eye with a military past as he will attempt to wipe his debts with the only skill hes good at finding people. Aside from obvious story and style differences, this time Bioshock protagonist has a personality, character, and voice, no longer the protagonist is a silent man, trying to survive. Open and bright level design of Columbia shows industrial colonial America in a seemingly endless carnival. But Bioshock is not famous for its visuals, but for its story. Mystery and creative vision of Irrational Games invite players to uncover the secrets of Columbias leader - Zachary Comstock and save Elizabeth, the girl, thats been locked up in the flying city since her birth. Unique weapons and mechanics of Vigor will make encounters different, helping players to adjust to the new found mobility and hook shot, making fights fast-paced and imaginative.",76.7,15.94,2010s,1,excellent,universal_acclaim
11,13537,Half-Life 2,2004-11-16,2004.0,Action|Shooter,Horror,Realistic,3D,Single & Multiplayer,1,Controller,Valve Software|NVIDIA Lightspeed Studios,Valve,PC|macOS|Xbox 360|Linux|Xbox|Android,6.0,M — Mature (17+),4.48,96.0,3992.0,4017.0,15894.0,7.0,64.0,3.0,10300,3869,99,583,330,713,Singleplayer|Steam Achievements|Multiplayer|Steam Cloud|Atmospheric|steam-trading-cards|Great Soundtrack|Story Rich|First-Person|Sci-fi|Partial Controller Support|Horror|FPS|Classic|Zombies|Moddable|Captions available|Physics|Aliens|Dystopian|Includes Source SDK|Silent Protagonist|vr mod,Steam|Google Play,https://media.rawg.io/media/games/b8c/b8c243eaa0fbac8115e0cdccac3f91dc.jpg,http://www.half-life2.com,half-life-2,"Gordon Freeman became the most popular nameless and voiceless protagonist in gaming history. He is painted as the most famous scientist and a hero within the world of Half-Life, and for a good reason. In the first game he saved the planet from alien invasion, this time, when the invasion is already begun, the world needs his help one more time. And you, as a player, will help this world to survive. This time Gordon arrives in City 17, ravaged and occupied by Combines, where he meets his old Black Mesa friends. What is different, aside from the overall design quality, is the use of Valves Source engine that not only expands on the fluidity of character model animations and movement but allows players to interact with a myriad of objects with the advanced and realistic (to an extent) physics. Classic Headcrab Zombies are revamped and have new variants that provide players with different threats. For a story-driven FPS, Half-Life 2 is unique in its plot delivery, and making in-game mechanics feel natural, be it platforming or driving.",77.02,12.92,2000s,1,excellent,universal_acclaim
12,802,Borderlands 2,2012-09-18,2012.0,Action|Shooter|RPG,Sci-Fi,Stylized,3D,Single & Multiplayer,1,Controller,Aspyr Media|2K|Gearbox Software|Sony Computer Entertainment America,2K Games|Aspyr,PlayStation 3|macOS|PC|Android|Linux|PS Vita|Xbox 360,7.0,M — Mature (17+),4.01,89.0,3261.0,3281.0,15862.0,11.0,302.0,9.0,11043,2386,220,1323,249,641,Singleplayer|Steam Achievements|Multiplayer|Full controller support|Steam Cloud|Atmospheric|steam-trading-cards|RPG|Co-op|Open World|cooperative|Sci-fi|FPS|Online Co-Op|Funny|Comedy|Action RPG|Futuristic|Memes|Stylized|Dark Humor|Loot,PlayStation Store|Google Play|Steam|Xbox 360 Store|App Store|Xbox Store,https://media.rawg.io/media/games/49c/49c3dfa4ce2f6f140cc4825868e858cb.jpg,http://www.borderlands2.com/,borderlands-2,"Sequel to the 4-player cooperative FPS RPG Borderlands, where the new team of Vault Hunters arrives on the infamous planet Pandora in order to get the riches, hidden inside the Vault, and help to free the planet from the Handsome Jack, President of Hyperion. Clear out the endless waves and groups and marauders with various weapon types and character abilities. Unlike the first game, Borderlands 2 provided DLC not only expanding the world of Pandora with stand-alone story campaigns but adding 2 more characters. Now the main cast consists of Gunzerker Salvador(dual-wields guns at command), Siren Maya (holds and paralyzes the enemy), Commando Axton (summons turrets) and Zer0 the Assasin (invisible sniper ninja). But with the DLC players can try out summoning giant flying robots with Gaige the Mechromancer and Krieg the Psycho. Most of the game charm and popularity of Borderlands 2 comes from the supporting cast and the personalities of the NPC, making this fast-paced shooter with optional cover stand out.",71.63,9.26,2010s,1,excellent,generally_favorable
13,3439,Life is Strange,2015-01-29,2015.0,Adventure,Fantasy,Stylized,3D,Singleplayer,0,Controller,DONTNOD Entertainment,Square Enix|Feral Interactive,iOS|PC|Linux|PlayStation 3|macOS|Xbox 360|Android|PlayStation 4|Xbox One,9.0,M — Mature (17+),4.12,83.0,3717.0,3764.0,15788.0,6.0,607.0,5.0,10297,3507,153,663,374,794,Singleplayer|Full controller support|Atmospheric|steam-trading-cards|Great Soundtrack|Story Rich|Third Person|Female Protagonist|Dark|Point & Click|Mystery|Short|Choices Matter|Memes|Walking Simulator|Multiple Endings|Story|Episodic|Soundtrack|Time Travel|Time Manipulation|student|strange|photography,GOG|PlayStation Store|Steam|Xbox Store|Google Play|Xbox 360 Store|App Store,https://media.rawg.io/media/games/562/562553814dd54e001a541e4ee83a591c.jpg,https://www.lifeisstrange.com/en-us/games/life-is-strange,life-is-strange-episode-1-2,"Interactive storytelling and plot-heavy games gained popularity, and Life is Strange arrived as teen mystery adventure. The plot will go through the life of Maxine, a teenager in possession of curious power, allowing her to stop and rewind time, in order to manipulate her surroundings. Max, after the reunion with her friend Chloe, is on the path to uncovering the secrets of Arcadia Bay. Players will have to deal with puzzle solving through the fetch quests, in order to change the world around them. The game puts players in situations, where theyre forced to make a moral choice, going through the decision which may have short-term or long-term consequences. Every choice made by the player will trigger the butterfly effect, surrounding the first playthrough of the game with a lot of emotional struggle, thoughtfully crafted by the developers at Dontnod Entertainment. Life is Strange is third person adventure game, where players might seem just as an observer of the stories, unfolding in front of them.",72.01,13.29,2010s,1,excellent,generally_favorable
14,4286,BioShock,2007-08-21,2007.0,Action|Shooter,Horror,Realistic,3D,Singleplayer,0,Controller,Digital Extremes|2K Australia|2K Marin|Irrational Games|2K China,2K Games|Feral Interactive,PlayStation 3|macOS|PC|Xbox 360,4.0,M — Mature (17+),4.36,96.0,3321.0,3365.0,14633.0,3.0,415.0,8.0,9518,3272,114,744,338,647,Singleplayer|Atmospheric|Great Soundtrack|RPG|Story Rich|First-Person|Sci-fi|Partial Controller Support|Horror|FPS|Classic|Action RPG|Dark|Dystopian|Steampunk|Alternate History|Political|Underwater,PlayStation Store|App Store|Xbox Store|Steam|Xbox 360 Store,https://media.rawg.io/media/games/bc0/bc06a29ceac58652b684deefe7d56099.jpg,https://2k.com/en-US/game/bioshock/,bioshock,"FPS with RPG elements, Bioshock invites players to experience horrors of underwater isolation in the city of Rapture, the failed project of the better future. After surviving the plane crash, the protagonist has only one way to go to the giant lighthouse that opens a way to the underwater utopia. Players will have to unravel the complicated history of Rapture, relying only on themselves, their guns and Plasmids, a mystical substance, that allows its user to obtain near magical abilities. The atmosphere of isolation and threat is conveyed through the environmental sounds, subtle electrical buzzing and audio logs, telling the story of societal decay and despair. Players will shape the story, making moral choices along their way, saving Little Sisters or extracting ADAM, the mystical fuel for your abilities. While exploring the underwater city, players will complete missions for the last sane inhabitants of Rapture, while fending off the less fortunate ones.",72.38,12.58,2000s,1,excellent,universal_acclaim
15,32,Destiny 2,2017-09-06,2017.0,Action|Shooter,Sci-Fi,Realistic,3D,Single & Multiplayer,1,Controller,Bungie,Activision Blizzard|Bungie,PlayStation 4|Xbox One|PC|Web|Xbox Series S/X|PlayStation 5,6.0,T — Teen (13+),3.52,82.0,2648.0,2674.0,14537.0,6.0,124.0,1.0,11091,799,412,1587,173,475,Singleplayer|Multiplayer|Full controller support|Atmospheric|Great Soundtrack|Co-op|Open World|cooperative|First-Person|Sci-fi|FPS|Online Co-Op|Exploration|Free to Play|Online multiplayer|Action-Adventure|PvP|Space|combat|Futuristic|Aliens|Story|3rd-Person Perspective|online|MMORPG|PvE|Loot|Lore-Rich|city|console|friends|Masterpiece|weapons|skill|destroy|collect|hunt|gun|rain|enemy|quick|darkness|defender,Epic Games|PlayStation Store|Xbox Store|Steam,https://media.rawg.io/media/games/34b/34b1f1850a1c06fd971bc6ab3ac0ce0e.jpg,https://www.bungie.net/7/en/Destiny/NewLight,destiny-2,"Destiny 2 is an online multiplayer first-person shooter. You take on the role of a Guardian that needs to protect the last city on Earth from alien invaders. The game follows its predecessor, Destiny. The goal of the game is to return the Light that was stolen from the Guardians by the aliens. Destiny 2 features two main activity types: player versus environment and player versus player. PvE is focused on exploration, story missions interaction with NPCs and side quests. PvP features 4v4 team matches in different modes. The game also allows taking part in group missions, such as three-player strikes and six-player raids. Destiny 2 has a strong RPG aspect that includes character customization and development. There are three classes in the game - Warlock, Hunter, and Titan they provide different playstyles depending on their specialization and unique abilities. To develop the character you can gain experience points completing the story and side missions.",64.16,3.58,2010s,1,good,generally_favorable
16,58175,God of War (2018),2018-04-20,2018.0,Action,Sci-Fi,Realistic,3D,Singleplayer,0,Controller,Santa Monica Studio,Sony Interactive Entertainment|PlayStation PC,PC|PlayStation 4,2.0,M — Mature (17+),4.55,94.0,5000.0,5107.0,14227.0,15.0,184.0,12.0,7235,4284,421,377,1201,709,Singleplayer|Steam Achievements|Full controller support|Steam Cloud|Atmospheric|RPG|Story Rich|Third Person|Fantasy|Gore|Exploration|Violent|Action-Adventure|Action RPG|Hack and Slash|exclusive|3D|Crafting|combat|true exclusive|3rd-Person Perspective|Blood|PvE|Emotional|Souls-like|Mythology|Remote Play on TV,GOG|PlayStation Store|Steam|Epic Games,https://media.rawg.io/media/games/4be/4be6a6ad0364751a96229c56bf69be59.jpg,https://godofwar.playstation.com/,god-of-war-2,"It is a new beginning for Kratos. Living as a man outside the shadow of the gods, he ventures into the brutal Norse wilds with his son Atreus, fighting to fulfill a deeply personal quest. His vengeance against the Gods of Olympus years behind him, Kratos now lives as a man in the realm of Norse Gods and monsters. It is in this harsh, unforgiving world that he must fight to survive And teach his son to do the same. This startling reimagining of God of War deconstructs the core elements that defined the seriessatisfying combat breathtaking scale and a powerful narrativeand fuses them anew. Kratos is a father again. As mentor and protector to Atreus, a son determined to earn his respect, he is forced to deal with and control the rage that has long defined him while out in a very dangerous world with his son. From the marble and columns of ornate Olympus to the gritty forests, mountains, and caves of Pre-Viking Norse lore, this is a distinctly new realm with its own pantheon of creatures, monsters, and gods. With an added emphasis on discovery and exploration, the world will draw players in to explore every inch of God of Wars breathtakingly threatening landscapeby far the largest in the franchise. With an over the shoulder free camera that brings the player closer to the action than ever before, fights in God of War mirror the pantheon of Norse creatures Kratos will face: grand, gritty, and grueling. A new main weapon and new abilities retain the defining spirit of God of War while presenting a vision of violent conflict that forges new ground in the genre",76.7,16.79,2010s,1,masterpiece,universal_acclaim
17,3070,Fallout 4,2015-11-09,2015.0,Action|RPG,Post-Apocalyptic,Realistic,3D,Singleplayer,0,Controller,Bethesda Game Studios,Bethesda Softworks,PlayStation 4|PC|PlayStation 5|Xbox One,4.0,M — Mature (17+),3.81,84.0,3359.0,3392.0,14119.0,38.0,763.0,11.0,8980,2364,323,1367,440,645,Singleplayer|Steam Achievements|Full controller support|Steam Cloud|Atmospheric|Great Soundtrack|RPG|Story Rich|Open World|First-Person|Third Person|Sci-fi|FPS|Exploration|Sandbox|Survival|Action RPG|Third-Person Shooter|Post-apocalyptic,PlayStation Store|Xbox Store|Steam,https://media.rawg.io/media/games/d82/d82990b9c67ba0d2d09d4e6fa88885a7.jpg,http://www.fallout4.com,fallout-4,"The fourth game in the post-apocalyptic action RPG series from Bethesda studious brings players back to the retro-future. After customizing the facial features of the character, players will be admitted to the Vault 111 with their family, and tricked into entering the cryogenic capsule. After the rude awakening after the unknown amount of time has passed, the child is separated from the parents and the loving partner is killed in front of them the main quest is settled. Now theres only the giant open world to explore. Fallout 4 introduces the mechanics of settlement building, where players can build their own little town. Gathering material for crafting and building brings more survival elements into the old formula. Within their own settlements, players will be able to build all needed utilities, from storage spaces to power armor stations. Visual upgrade from the previous game brings life to what used to be brown wastelands, now filled with details and color.",66.96,13.61,2010s,1,good,generally_favorable
18,3939,PAYDAY 2,2013-08-13,2013.0,Action|Shooter,Crime,Realistic,3D,Single & Multiplayer,1,Controller,505 Games|OVERKILL Software,505 Games|Starbreeze,Linux|PC|Xbox One,3.0,AO — Adults Only (18+),3.52,79.0,2217.0,2238.0,14098.0,9.0,1415.0,3.0,11054,840,123,1469,109,503,Singleplayer|Steam Achievements|Multiplayer|Full controller support|steam-trading-cards|Great Soundtrack|Co-op|cooperative|First-Person|FPS|Online Co-Op|Funny|Stealth|Tactical|In-App Purchases|Team-Based|Crime|PvE|Heist|Gun Customization,Epic Games|PlayStation Store|Steam|Nintendo Store|Xbox 360 Store,https://media.rawg.io/media/games/73e/73eecb8909e0c39fb246f457b5d6cbbe.jpg,http://www.crimenet.info,payday-2,"The gang is back, and they have bigger and better plans. Objective based cooperative FPS became more complicated. The classic group of Hoxton, Dallas, Chains and Wolf got reinforcement, and now Payday Gang consists of 21 heisters, some of which are based on movie characters or even Youtubers. Players will be able to customize their own private arsenal, their masks, and skills, to complete the missions in their own way, be it stealthy sneak-in or full frontal assault. After completing missions, players will receive EXP points, money and a chance to get a special item that can be a gun modification, mask or a safe containing weapon skins. Payday 2 is a multiplayer game, meaning, that even during offline missions players will be followed by AI characters, whose loadouts, masks and perks can be customized as well. This game has been supported by the developers for many years, and amount of DLC speaks plenty of their dedication to the player base.",61.57,7.66,2010s,1,good,generally_favorable
19,1030,Limbo,2010-07-21,2010.0,Action|Adventure|Indie|Puzzle|Platformer,Crime,Pixel Art,2D,Singleplayer,0,Controller,Double Eleven|Playdead|鱼俞,Microsoft Studios|Playdead|鱼俞,PC|Android|PS Vita|PlayStation 4|PlayStation 3|Xbox 360|Linux|macOS|iOS|Xbox One|Nintendo Switch,11.0,T — Teen (13+),4.14,88.0,3339.0,3379.0,14012.0,3.0,111.0,0.0,8943,3335,98,731,323,582,Singleplayer|Full controller support|Atmospheric|2D|Horror|Difficult|Action-Adventure|Pixel Graphics|Controller|Dark|controller support|Short|Dark Fantasy|Physics|Side Scroller|Cinematic|combat|Linear|Surreal|Puzzle-Platformer|Minimalist|2D Fighter|Noir|Family Sharing|2D Platformer|2D-платформер|2D-файтинг,App Store|PlayStation Store|Xbox Store|Steam|GOG|Xbox 360 Store|Nintendo Store|Google Play|Epic Games,https://media.rawg.io/media/games/942/9424d6bb763dc38d9378b488603c87fa.jpg,http://playdead.com/limbo,limbo,"This popular 2D puzzle-platformer creates the atmosphere of isolation, where the player alone can guide the nameless protagonist to his destination. Hostile environments and one-hit deaths may seem difficult, but the game implements a fair amount of checkpoints. The monochrome color palette showcases cartoony proportions of every living thing while making lack of details threatening. Limbo shows you exactly what you encounter, but never how it looks. Limbo uses the atmosphere and sound design of the horror genre while avoiding tropes of the modern horror games. The overarching theme and unique style compensated for the rather short game with an abrupt ending, making Limbo one of the most impactful games for the genre. The simple controls and easy-to-pick-up mechanics help to make a clear distinction, which part of the stage players can interact with, and which part can lead to the quick death. Even though the game is in black and white, this separation is intuitive and natural, so the player would know exactly where to go or what to do.",68.83,12.45,2010s,1,excellent,generally_favorable
20,11859,Team Fortress 2,2007-10-10,2007.0,Action|Shooter,Sci-Fi,Cartoon / Cel-Shaded,3D,Multiplayer,1,Controller,Valve Software,Valve,PC|macOS|Linux,3.0,M — Mature (17+),3.68,92.0,2911.0,2940.0,13969.0,8.0,520.0,2.0,10878,817,177,1852,50,195,Steam Achievements|Multiplayer|steam-trading-cards|Co-op|cooperative|First-Person|Partial Controller Support|FPS|Online Co-Op|Funny|Comedy|Free to Play|Tactical|stats|Steam Workshop|Cross-Platform Multiplayer|Includes level editor|Moddable|In-App Purchases|Captions available|Crafting|Team-Based|Competitive|Valve Anti-Cheat enabled|Robots|Commentary available|Cartoony|Cartoon|Class-Based|Trading,Steam,https://media.rawg.io/media/games/46d/46d98e6910fbc0706e2948a7cc9b10c5.jpg,http://www.teamfortress.com/,team-fortress-2,"TF2 is an objective based arena shooter with unique characters, representing different classes, acting as a staple of casual and competitive gaming for Steam. Dozens of different maps and game modes are trying to keep this game alive, after all the years it was available. Each character has a vast arsenal that can be accessed through completing in-game achievements, randomly receiving them from loot-boxes within the game, crafting them or just buying and trading items on the Steam Market. For players, thats not into the direct clash with players from the enemy team, Team Fortress 2 introduced a PvE mode, which is wave defense from the mirrored robotic opponents that have qualities of some of the playable classes. Every update and introduction, made over years, provided a lot of entertainment In the form of comic books an short animated videos, creating and explaining a story behind endless clashes for resources, briefcases or pure domination.",66.51,5.03,2000s,1,good,universal_acclaim
21,2454,DOOM (2016),2016-05-12,2016.0,Action|Shooter,Horror,Realistic,3D,Single & Multiplayer,1,Controller,Bethesda Softworks|id Software|Panic Button|Tango Gameworks|Escalation Studios|Certain Affinity|Digital Domain|BattleCry Studios,Bethesda Softworks,PC|PlayStation 4|Nintendo Switch|Xbox One,4.0,M — Mature (17+),4.38,85.0,3575.0,3614.0,13905.0,10.0,334.0,9.0,8748,2964,304,772,525,592,Singleplayer|Multiplayer|Atmospheric|Great Soundtrack|Co-op|cooperative|First-Person|Sci-fi|Partial Controller Support|Horror|FPS|Gore|Difficult|Classic|Zombies|Memes|Fast-Paced|Remake|Blood|Demons,GOG|Steam|PlayStation Store|Nintendo Store|Xbox Store,https://media.rawg.io/media/games/587/587588c64afbff80e6f444eb2e46f9da.jpg,https://bethesda.net/game/doom,doom,"Return of the classic FPS, Doom (2016) acts as a reboot of the series and brings back the Doomslayer, protagonist of the original Doom games. In order to solve the energy crisis, humanity learned to harvest the energy from Hell, and when something went wrong and a demon invasion has started, its up to the player to control the Doomslayer and destroy the evil. Doom is a fast-paced game that restores the concept of instant health packs and leaves the player against armies of Hell with no cover, no health regeneration, or help from anyone. After damaging monsters enough, they will start glowing, which will allow players to perform glory kills to restore some health. While exploring the levels, players will come across secrets, collectible items, or upgrade points for the weapons and armor. The single-player campaign silent protagonist has a noticeable personality. He gets visibly annoyed and angry in his actions during expository cutscenes and forces his way through the game. Multiplayer maps gather players in Deathmatch/king-of-the-hill type game modes, with all the weapons from the single-player campaign.",69.65,12.41,2010s,1,excellent,generally_favorable
22,41494,Cyberpunk 2077,2020-12-10,2020.0,Action|Shooter|RPG,Crime,Realistic,3D,Singleplayer,0,Controller & Keyboard/Mouse,CD PROJEKT RED|CD PROJEKT,CD PROJEKT RED,Nintendo Switch|PlayStation 4|PC|Xbox Series S/X|PlayStation 5|Xbox One,6.0,M — Mature (17+),4.21,73.0,2855.0,2959.0,13635.0,29.0,259.0,1.0,6950,2367,524,493,2440,861,Singleplayer|Atmospheric|Great Soundtrack|RPG|Story Rich|Open World|First-Person|Sci-fi|FPS|Exploration|Sandbox|Violent|Action-Adventure|Action RPG|role-playing|Nudity|Mature|Cinematic|Futuristic|Sexual Content|Cyberpunk|Crime|Robots|3rd-Person Perspective|Blood|America|Masterpiece|Soundtrack|Hacking|Role Playing Game|immersive|Photorealistic,PlayStation Store|Xbox Store|Steam|Epic Games|GOG,https://media.rawg.io/media/games/26d/26d4437715bee60138dab4a7c8c59c92.jpg,https://www.cyberpunk.net/,cyberpunk-2077,"Cyberpunk 2077 is a science fiction game loosely based on the role-playing game Cyberpunk 2020. ###Setting The game is set in the year 2077 in a fictional futuristic metropolis Night City in California. In the world of the game, there are developed cybernetic augmentations that enhance peoples strength, agility, and memory. The city is governed by corporations. Many jobs are taken over by the robots, leaving a lot of people poor and homeless. Night City has a roaring underworld, with black markets, underground surgeons, drug dealers, and street gangs abound. ###Characters The main protagonist is fully customizable, including his or her sex and appearance, and goes by the nickname V. He or she is an underground mercenary who does dirty business for the various contractors. An NPC companion named Jackie joins the protagonist early at the game, and various other companions may join the player on certain missions as the plot demands. However, the game has no parties and no companion system. ###Gameplay The player controls V from the first person view, with the third-person view used for cutscenes only. The protagonist can travel across the city on feet or using various vehicles, in a manner some observers compared to GTA series. There are many options for the character customization, including three character classes, and a variety of augmentations V can install to enhance his or her abilities.",64.07,11.77,2020s,1,excellent,mixed
23,422,Terraria,2011-05-16,2011.0,Action|Indie|Platformer,Sci-Fi,Pixel Art,2D,Single & Multiplayer,1,Controller,Engine Software|Codeglue|Pipeworks Studio|Re-Logic,505 Games|Headup Games|Spike Chunsoft|Re-Logic,Xbox 360|Wii U|Nintendo 3DS|Xbox One|PlayStation 4|iOS|PC|macOS|Linux|Nintendo Switch|PlayStation 3|PS Vita|Android,13.0,T — Teen (13+),4.07,81.0,2425.0,2451.0,13399.0,15.0,377.0,0.0,9936,1269,235,1354,200,405,Singleplayer|Steam Achievements|Multiplayer|Full controller support|Steam Cloud|Atmospheric|steam-trading-cards|RPG|Co-op|Open World|2D|Online Co-Op|Exploration|Sandbox|Survival|Online multiplayer|Pixel Graphics|role-playing|Family Friendly|controller support|Replay Value|Crafting|Building|overlay,Xbox Store|Steam|GOG|Nintendo Store|App Store|Google Play|PlayStation Store,https://media.rawg.io/media/games/f46/f466571d536f2e3ea9e815ad17177501.jpg,http://www.terraria.org/,terraria,"Terraria is a 2D action adventure sandbox game, where players create a character and gather resources in order to gradually craft stronger weapons and armor. Players create randomly generated maps that contain different locations within it, and by gathering specific resources and triggering special events, players will fight one of the many in-game bosses. Created characters can be played on different maps. The game introduces hundreds of unique items that can be found across the entirety of the map, some of which may not even be encountered. Terraria have many different Biomes and areas with distinct visuals, containing resources and enemies unique to this biome. After gathering materials, players can craft furniture, and build settlements and houses, since after completing events or finding specific items NPCs will start to arrive, and will require players protection. Terraria can be played on three difficulties and has a large modding community.",63.48,7.01,2010s,1,excellent,generally_favorable
24,10213,Dota 2,2013-07-09,2013.0,Action|Massively Multiplayer,Sci-Fi,Realistic,3D,Multiplayer,1,Keyboard / Mouse,Valve Software,Valve,Linux|macOS|PC,3.0,Not Rated,3.07,90.0,2820.0,2859.0,13094.0,14.0,0.0,1.0,10100,547,465,1739,32,211,Multiplayer|steam-trading-cards|RPG|Co-op|cooperative|Online Co-Op|Fantasy|Difficult|Free to Play|Action RPG|Steam Workshop|PvP|In-App Purchases|Character Customization|Replay Value|Team-Based|RTS|Competitive|Valve Anti-Cheat enabled|Tower Defense|MOBA|e-sports|SteamVR Collectibles,Steam,https://media.rawg.io/media/games/6fc/6fcf4cd3b17c288821388e6085bb0fc9.jpg,http://www.dota2.com/,dota-2,"What used to be an unofficial modded map for the Warcraft 3, ended up being the most budgeted cybersport discipline, gathering millions of people to watch annual international championships. MOBA genre started with the DOTA, Defense of the Ancients, which can be efficiently described as 5 vs 5 top-down action strategy game, during which players are tasked to destroy the enemy core while protecting their own. Players can pick out of the roster of 112 heroes and battle on the single map while taking advantage of field vision, resources and item build that can either make heroes stronger or disable the enemy. DOTA 2 is still active, and receives updates weekly, reshaping metas and refreshing game balance, if by any chance some heroes became unreasonably strong. Each hero has not only a unique set of abilities but is fully customizable, through getting items for heroes after matches of through the trade. Not only heroes but terrain, couriers, that deliver items for you and even match announcers, that can be voiced by heroes, professional casters of just memorable characters from other forms of media.",61.84,3.23,2010s,1,average,universal_acclaim
25,766,Warframe,2013-03-25,2013.0,Action|Shooter|RPG|Massively Multiplayer,Sci-Fi,Realistic,3D,Single & Multiplayer,1,Controller,Digital Extremes|Panic Button,Digital Extremes,iOS|Xbox Series S/X|PlayStation 5|PlayStation 4|Xbox One|Nintendo Switch|PC,7.0,Not Rated,3.41,73.0,2095.0,2109.0,13089.0,8.0,679.0,0.0,10542,274,272,1614,77,310,Singleplayer|Multiplayer|steam-trading-cards|RPG|Co-op|cooperative|Third Person|Sci-fi|Partial Controller Support|FPS|Online Co-Op|Free to Play|Third-Person Shooter|Space|role-playing|Hack and Slash|In-App Purchases|Futuristic|Parkour|Cyberpunk|PvE|Ninja|looter shooter,App Store|Epic Games|PlayStation Store|Steam|Xbox Store|Nintendo Store,https://media.rawg.io/media/games/f87/f87457e8347484033cb34cde6101d08d.jpg,http://www.warframe.com,warframe,"Warframe is an online free-to-play cooperative third-person looter shooter. In the far future the Orokin had absolute control over the solar system but have since disappeared, now the militaristic Grineer, the money-worshipping Corpus, and the Infested fight for what they left behind. You are a Tenno - a master of gun and blade and user of the Warframes, it is up to you to bring back balance to the system from within, while also fighting a new threat from without: the Sentients. Over 40 unique Warframes to build, hundreds of guns and melee weapons to utilize, and various pet companions to help you along the way - all of which can be crafted for free and enhanced by an in-depth modding system. With constant updates by Digital Extremes, the game now has over six years of updates including new open-world landscapes (Plains of Eidolon-2017, Orb Vallis-2018) and cinematic story expansions (The Second Dream-2015, The War Within-2016, The The Sacrifice-2018) with more content being added every year.",57.76,3.6,2010s,1,average,mixed
26,4459,Grand Theft Auto IV,2008-04-29,2008.0,Action,Crime,Realistic,3D,Single & Multiplayer,1,Controller,Rockstar North,Capcom|Rockstar Games|Take Two Interactive,Xbox 360|PC|PlayStation 3|Xbox One,4.0,M — Mature (17+),4.26,95.0,3041.0,3073.0,13029.0,10.0,174.0,12.0,8301,2868,118,1117,248,377,Singleplayer|Multiplayer|Atmospheric|Co-op|Open World|cooperative|Third Person|Partial Controller Support|Funny|Gore|Classic|Sandbox|Third-Person Shooter|Moddable|Crime|Dark Humor|Satire|first person mod|Bowling,PlayStation Store|Xbox Store|Steam|Xbox 360 Store,https://media.rawg.io/media/games/4a0/4a0a1316102366260e6f38fd2a9cfdce.jpg,http://www.rockstargames.com/iv,grand-theft-auto-iv,"Every crime story is a story of a search for success. The player will become Niko Bellic, immigrant arriving at the Liberty City to reunite with his cousin Roman and find the man that betrayed him and his army unit fifteen years prior to the events of the game. While protecting his cousin, Niko has to deal with loan sharks, Russian mobsters, and other gangs. After the third game, GTA brought more realism to the player, in order to make the city and its people look more believable. Street vendors on every corner will sell food that replenishes health, bars with playable dart boards, bowling alleys and even comedy clubs and movie theatres. Open world will allow players not only hang out with important NPC in order to receive bonuses and unlocks but taking girls on the dates as well, to help Niko settle. Multiplayer mode allows up to 32 players to explore the copy of the single-player city and initiate multiplayer activities, like races or Deathmatches.",68.1,12.31,2000s,1,excellent,universal_acclaim
27,3272,Rocket League,2015-07-07,2015.0,Sports|Racing|Indie,Sci-Fi,Realistic,3D,Single & Multiplayer,1,Controller,Psyonix,Psyonix,Nintendo Switch|Linux|macOS|Xbox One|PC|PlayStation 4,6.0,E — Everyone (3+),3.93,86.0,2827.0,2849.0,12787.0,21.0,430.0,1.0,9396,858,544,1681,114,194,Singleplayer|Steam Achievements|Multiplayer|Full controller support|Steam Cloud|steam-trading-cards|Great Soundtrack|Co-op|cooperative|Online Co-Op|Funny|Split Screen|Local Co-Op|Local Multiplayer|stats|Steam Workshop|Cross-Platform Multiplayer|Team-Based|Fast-Paced|Competitive|4 Player Local|4 giocatori divano|Football|Soccer|lan party,Xbox Store|Steam|PlayStation Store|Nintendo Store|Epic Games,https://media.rawg.io/media/games/8cc/8cce7c0e99dcc43d66c8efd42f9d03e3.jpg,http://www.rocketleaguegame.com,rocket-league,"Highly competitive soccer game with rocket-cars is the most comprehensive way to describe this game. Technically a sequel to Psyonix previous game - Supersonic Acrobatic Rocket-Powered Battle-Cars Rocket League successfully became a standalone sensation, that can be enjoyed by anyone. Easy to learn, hard to master game mechanics are perfect for the tight controls. Players are invited to maneuver the different fields within several game modes, from arcade to ranked game either 1v1, or in 2v2 and 3v3 teams. Using boosters will not only speed up the car but will allow the car to propel itself into the air. Rocket League provides several levels of customization, where not only the color of your car can be adjusted, but the colors and form of the booster flame, different hats, and little flags. Or players can pick a completely different car. Collaboration with different franchises brought not only original transport but some famous cars, including Batmobile or Delorian from Back to the Future.",63.94,6.27,2010s,1,good,generally_favorable
28,278,Horizon Zero Dawn,2017-02-28,2017.0,Action|RPG,Post-Apocalyptic,Realistic,3D,Singleplayer,0,Controller & Keyboard/Mouse,Guerrilla Games,Sony Computer Entertainment,PC|PlayStation 4,2.0,T — Teen (13+),4.28,89.0,3729.0,3779.0,12696.0,11.0,480.0,3.0,6955,2976,488,768,826,683,Singleplayer|Atmospheric|Great Soundtrack|RPG|Story Rich|Open World|Third Person|Sci-fi|Exploration|Female Protagonist|Stealth|Action RPG|role-playing|exclusive|Post-apocalyptic|Cinematic|Futuristic|Robots|3rd-Person Perspective|Drama|Lore-Rich|3rd-person|Experience|open-world|atmosphere,PlayStation Store|Steam|Epic Games,https://media.rawg.io/media/games/b7d/b7d3f1715fa8381a4e780173a197a615.jpg,https://www.guerrilla-games.com/play/horizon,horizon-zero-dawn,"Horizon Zero Dawn is an experiment. A very impressive experiment that actually succeeded. Having a very curious mix of cyberpunk and prehistorical styles and esthetic, the game provides us with quite a unique experience. We need to arm ourselves with arrows and a bow, with a spear or any other prehistorical-ish weapon in order to defeat out enemies - dinosaur-mechanisms that are spread around the world. If that wasnt enough, Aloy our main protagonist can control an AI named GAIA. What were having here is an exciting connection with ""very old times"" and ""near future"", even though the game is set up in the 31st century. Being an outcast with her father Rost, Aloy must restore her position in the tribe and save the world by stopping the Eclipse, a cult that wants to rule the world. Join her on that journey, exploring the world and people that live in such hard surroundings.",68.3,13.96,2010s,1,excellent,generally_favorable
29,29028,Metro 2033,2010-03-16,2010.0,Action|Shooter,Horror,Realistic,3D,Singleplayer,0,Controller,4A Games,Deep Silver|THQ,Xbox 360|PC,2.0,M — Mature (17+),3.94,79.0,2241.0,2248.0,12642.0,2.0,96.0,3.0,9356,1969,38,467,182,630,Singleplayer|Steam Achievements|Full controller support|Steam Cloud|Atmospheric|Great Soundtrack|Story Rich|First-Person|Sci-fi|Horror|FPS|Survival|Stealth|Dark|Survival Horror|Post-apocalyptic|Linear|3D Vision|Based On A Novel|Benchmark,Steam|Xbox 360 Store,https://media.rawg.io/media/games/120/1201a40e4364557b124392ee50317b99.jpg,http://metro2033game.com,metro-2033,"Not all post-apocalyptic stories begin in the burned wastelands, this time nuclear and chemical locked up survivors in the Moscow Subway, and player will take the place of Artyom, one of the survivors from the VDNKh, adoptive son of the station commander, and taking upon himself the task to deliver information about the Dark Ones to the Polis, the capital of subway, after the special operative from Spartans named Hunter went missing, after he ventured to gather information on the Hive living space of the Dark Ones. Dark tunnels of broken subway create a claustrophobic atmosphere, where good and bad people alike are forced to bond. Closely following original book, Metro 2033 introducing bullets as currency. Players can exchange one type of bullets for another one, but its still ammo and will be wasted with inaccurate aim. Its a first person shooter that will allow players not only see how broken apart can society become but to explore such society and ruins of the city above the underground settlement. Various monsters and mutants are not the only threat to the players, but humans as well. FPS with some stealth sections, Metro 2033 will show you every historical enemy type: bandits, Communists, and Nazis.",60.68,8.22,2010s,1,good,generally_favorable
30,7689,Rise of the Tomb Raider,2015-11-10,2015.0,Action,Historical,Realistic,3D,Singleplayer,0,Controller,Feral Interactive|Crystal Dynamics|Nixxes,Square Enix|Microsoft Studios|Feral Interactive,Xbox One|PC|macOS|PlayStation 4,4.0,Not Rated,4.04,86.0,2755.0,2776.0,12259.0,14.0,1119.0,23.0,7807,2781,159,433,404,675,Singleplayer|Steam Achievements|Full controller support|Steam Cloud|Atmospheric|steam-trading-cards|Great Soundtrack|RPG|Story Rich|Open World|Third Person|Exploration|Steam Leaderboards|Female Protagonist|Survival|Stealth|Action-Adventure|Third-Person Shooter|Parkour|Quick-Time Events|Lara Croft,Xbox Store|Steam|Xbox 360 Store|App Store|Epic Games,https://media.rawg.io/media/games/b45/b45575f34285f2c4479c9a5f719d972e.jpg,http://www.tombraider.com/us/,rise-of-the-tomb-raider,"Rise of the Tomb Raider is the eleventh entry in the franchise, being a sequel to its predecessor, Tomb Raider, a reboot of the franchise. This story follows Lara Croft, one year after battling her supernatural experiences in Yamatai. This time she is trying to find the legendary city of Kitezh in Siberia, Russia. The legend behind the city begins in the 12th century and still comes nowadays, that this ancient city grants with a promise of immortality. While Lara tries to solve the mystery of Siberia, she encounters an organisation called Trinity. They want to retrieve this gift to themselves. Following the notes of her father, Lara tries to discover the secrets of the ancient city and stop Trinity in doing so. Exploring the Soviet motive, even more, the game has the DLCs - Baba Yaga, the Temple of the Witch, which follows Lara in the Soviet mine and confronting the legendary witch of Russian folk-tales, Cold Darkness Awakened, the story about a secret biological weapon and Blood Ties and Laras Nightmare - a fight for ownership of the Croft estate. Besides craftmanship and exploring, the game focuses on a very progressive combat system giving a player a wide variety of strategic options. There is a way to evade your opponents in the bushes stealth kills with bow and arrows or open combat with firearms like shotguns, pistols and other guns. WIth earning experience, you can give Lara new ways of encountering her enemies by three different specialisations - Hunter, Survivor or Brawler. Each skill tree offers various options of combat, for example using Laras surroundings and fauna, traps or better aim. With these options, you can choose how to guide Lara Croft in her adventures.",63.23,15.61,2010s,1,excellent,generally_favorable
31,3287,Batman: Arkham Knight,2015-06-23,2015.0,Action,Horror,Realistic,3D,Singleplayer,0,Controller,Rocksteady Studios,Warner Bros. Interactive,PC|Nintendo Switch|Xbox One|PlayStation 4,4.0,M — Mature (17+),4.24,81.0,2639.0,2663.0,12144.0,19.0,636.0,31.0,7877,2407,165,453,390,852,Singleplayer|Steam Achievements|Full controller support|Steam Cloud|Atmospheric|steam-trading-cards|Story Rich|Open World|Third Person|Horror|Steam Leaderboards|Sandbox|Stealth|Dark|Mature|Beat em up|Detective|Comic Book|Superhero|Batman,Nintendo Store|PlayStation Store|Epic Games|GOG|Xbox Store|Steam,https://media.rawg.io/media/games/310/3106b0e012271c5ffb16497b070be739.jpg,https://www.batmanarkhamknight.com/,batman-arkham-knight,"Batman: Arkham Knight is the final instalment for the Arkham series by now. Joining forces with Bruce Wayne for the last time, we have to oppose Scarecrow and other iconic villains such as The Riddler, Harleen Quinzel a.k.a. Harley Quinn, Penguin and others. The story continued after events in Arkham City when Joker died due to infection in his blood. Now, Scarecrow tries to release a new fear toxin, meanwhile new mysterious Arkham Knight plots against Batman as well. Still having consequences after being poisoned by the Joker and seeing visions with him, Bruce has to prevail the death of Gotham City. The gameplay mechanics stays the same to the Arkham series. Melee combat system, use of the detective skills to find clues and gadgets still play a major role in Batmans fight against evil. Although now you can travel around not only by your grappling hook but a legendary Batmobile as well. Iconic voices of the characters, Kevin Conroy and Mark Hammil once again return to give their voices for the last game in Arkham series.",62.49,13.24,2010s,1,excellent,generally_favorable
32,3192,Metal Gear Solid V: The Phantom Pain,2015-09-01,2015.0,Action|Shooter,Crime,Realistic,3D,Single & Multiplayer,1,Controller,Kojima Productions,Konami,PlayStation 4|PC|Xbox One|PlayStation 3|Xbox 360,5.0,M — Mature (17+),4.16,91.0,2508.0,2527.0,12103.0,22.0,267.0,14.0,8027,1611,247,961,454,803,Singleplayer|Steam Achievements|Multiplayer|Full controller support|Steam Cloud|Atmospheric|steam-trading-cards|Great Soundtrack|Story Rich|Open World|Third Person|Sci-fi|Steam Leaderboards|Sandbox|Stealth|Tactical|Third-Person Shooter|Dark|Captions available|Replay Value|Cinematic|Heist|Horses,PlayStation Store|Steam|Xbox 360 Store|Xbox Store,https://media.rawg.io/media/games/490/49016e06ae2103881ff6373248843069.jpg,http://www.metalgearsolid.com,metal-gear-solid-v-the-phantom-pain,"Metal Gear Solid 5 continues the story of MGS: Peace Walker and MGS V: Ground Zeroes. Snake seeks revenge for the attack on the MSF group 9 years ago, that placed Big Boss into a coma. After the failed assassination attempt, Big Boss takes the code name Venom Snake, delving back into the world of superhumans and espionage. A large-scale story that includes 5 hours of cinematic cutscenes compliments open world exploration with hundreds of audio logs and side missions, forming the atmosphere of military drama with sci-fi elements. MGS5: Phantom Pain has an advanced AI system that will allow enemy soldiers constantly call for reinforcements if they see that something is wrong, forcing players to take down communications and fight or retreat and try again. Players will manage the base by gathering and managing staff, weaponry, and resources, in order to upgrade their personal arsenal and companions.",63.73,9.2,2010s,1,excellent,universal_acclaim
33,290856,Apex Legends,2019-02-04,2019.0,Action|Shooter,Sci-Fi,Realistic,3D,Multiplayer,1,Controller,Respawn Entertainment,Electronic Arts,PlayStation 4|Nintendo Switch|macOS|PC|Xbox One,5.0,T — Teen (13+),3.64,80.0,2391.0,2417.0,11972.0,5.0,48.0,1.0,9000,450,521,1733,84,184,Multiplayer|Full controller support|Atmospheric|Co-op|First-Person|Sci-fi|FPS|Online Co-Op|Exploration|Survival|Free to Play|Action-Adventure|Tactical|Dark|PvP|Character Customization|Cinematic|combat|Team-Based|Cyberpunk|Battle Royale|Hero Shooter|lootboxes,PlayStation Store|Steam|Nintendo Store|Xbox Store,https://media.rawg.io/media/games/737/737ea5662211d2e0bbd6f5989189e4f1.jpg,https://www.ea.com/games/apex-legends,apex-legends,"Conquer with character in Apex Legends, a free-to-play* Battle Royale shooter where legendary characters with powerful abilities team up to battle for fame and fortune on the fringes of the Frontier. Master an ever-growing roster of diverse legends, deep tactical squad play, and bold new innovations that level-up the Battle Royale experienceall within a rugged world where anything goes. Welcome to the next evolution of Battle Royale. Characters you can play as: Caustic, Bangalore, Bloodhound, Crypto, Gibraltar, Lifeline, Loba, Mirage, Octane, Pathfinder, Rampart, Revenant.",58.89,2.42,2010s,1,good,generally_favorable
34,16944,The Witcher 2: Assassins of Kings Enhanced Edition,2012-04-16,2012.0,RPG,Fantasy,Stylized,3D,Singleplayer,0,Controller,CD PROJEKT RED,1C-SoftClub|CD PROJEKT RED,macOS|PC|Xbox 360,3.0,M — Mature (17+),4.16,88.0,2157.0,2173.0,11959.0,7.0,52.0,0.0,8445,1899,96,488,201,830,Singleplayer|Steam Achievements|Steam Cloud|Atmospheric|steam-trading-cards|RPG|Story Rich|Open World|Third Person|Partial Controller Support|Fantasy|Difficult|Steam Leaderboards|Dark|Nudity|Choices Matter|Dark Fantasy|Mature|Medieval|Magic|Multiple Endings|Based On A Novel|Nonlinear,Steam|GOG|Xbox Store|App Store,https://media.rawg.io/media/games/6cd/6cd653e0aaef5ff8bbd295bf4bcb12eb.jpg,http://www.thewitcher.com,the-witcher-2-assassins-of-kings-enhanced-edition,"The player is Geralt of Rivia, infamous monster slayer. In the second game of the series, titular witcher is involved in the inner conflicts of Temeria, where he stopped the rebellion and was hired as a bodyguard of Temerian King Foltest. Eventually, Foltest was assassinated by a witcher-like assassin, and the only person fitting the description was Geralt. The game combat system was reworked, in order to add traps and ranged throwing weapon, giving players more control over the course of the battle. Its still a third person action RPG, and the player can upgrade and improve general abilities, swordsmanship, alchemy, and magic. The enhanced edition includes additional hours of content, new cinematics, the original soundtrack, game manual and quest handbook, among other things. The new tutorial allows players to spend more time to master new game mechanics and see for themselves visual improvements to the core game.",61.89,8.66,2010s,1,excellent,generally_favorable
35,17822,The Witcher: Enhanced Edition Directors Cut,2008-09-16,2008.0,Action|RPG,Fantasy,Realistic,3D,Singleplayer,0,Keyboard / Mouse,CD PROJEKT RED,1C-SoftClub|CD PROJEKT RED|Atari,PC|macOS,2.0,M — Mature (17+),4.06,86.0,2034.0,2049.0,11868.0,5.0,0.0,0.0,8687,1602,104,599,140,736,Singleplayer|Steam Cloud|Atmospheric|Great Soundtrack|RPG|Story Rich|Open World|Third Person|Fantasy|Classic|Action RPG|Nudity|Choices Matter|Dark Fantasy|Mature|Medieval|Magic|Multiple Endings|Based On A Novel,GOG|Steam,https://media.rawg.io/media/games/ee3/ee3e10193aafc3230ba1cae426967d10.jpg,http://www.thewitcher.com,the-witcher-enhanced-edition-directors-cut,"The Witcher is the very first instalment of the series that follows the story of Geralt from Rivia. Being found unconscious on the battlefield he must retrieve his memory and help the emperors daughter, Adda to stop her from turning in to a feral monster. Facing the biggest enemy, Salamander, Geralt must also help all the fractions around the world to find peace between each other. The fighting system is very flexible. Choosing from three different styles, you can adapt Geralt for any kind of a combat situation. Fast style of fighting gives you an opportunity to strike your opponents with your speed. The strong style focuses itself on destroying your enemies with powerful attacks, while sweeping style is very good when facing a number of foes. You can also craft some potions to gain important benefits such as seeing in the dark or having a larger amount HP. Plot style is unique as well. The game never gives a precise definition of evil, which leads the player to convenient situations where the choice is quite bad anyway. Enhanced edition improves every aspect of the game as graphics and the productivity of it, while Directors Cut does the same without censorship for North Americas version.",60.58,7.16,2000s,1,excellent,generally_favorable
36,416,Grand Theft Auto: San Andreas,2004-10-26,2004.0,Action,Crime,Realistic,3D,Single & Multiplayer,1,Controller,Rockstar North|War Drum Studios,Capcom|Rockstar Games|1C-SoftClub,macOS|PC|iOS|Xbox|Android|PlayStation 4|PlayStation 3|PlayStation 2|Xbox 360|Xbox One,10.0,M — Mature (17+),4.5,93.0,3920.0,3945.0,11842.0,2.0,121.0,12.0,6362,3744,126,1120,209,281,Singleplayer|Multiplayer|Atmospheric|Great Soundtrack|Story Rich|Open World|Third Person|Partial Controller Support|Funny|Classic|Sandbox|Comedy|Moddable|Mature|Crime|Driving|first person mod|Remote Play on Tablet|Remote Play on Phone|controversial|karaihb,Epic Games|PlayStation Store|Xbox Store|Steam|Xbox 360 Store|App Store|Google Play,https://media.rawg.io/media/games/960/960b601d9541cec776c5fa42a00bf6c4.jpg,http://www.rockstargames.com/sanandreas/pc,grand-theft-auto-san-andreas,"Grand Theft Auto - San Andreas is the seventh entry in the series in the GTA franchise, but only second big title after GTA - Vice City. Setting up in fictional state San Andreas, you follow the story of CJ, a member of one of the multiple gangs in the city. CJs family is being attacked in drive shooting which resulted in the death of CJs mother, so he returns to home from Liberty City. Meeting the rest of the family at his moms funeral, he decides to rebuild the gang and gain control of the state. The game makes a brilliant connection with missions and open world actions that you are able to do around the cities. You can steal cars, buy guns, hunt for collectables and do some side quests, while different characters give you specific missions in order to push the plot forward. Streets are filled with people as well as plenty of vehicles to steal. Fictional brands of cars, tanks, bikes are available to be stolen from any place around the city. Armoury contains pistols, rifles, hand-machine guns or a rocket launcher as well as melee weapons giving player freedom in anything hes doing in GTA.",68.97,16.31,2000s,1,masterpiece,universal_acclaim
37,19103,Half-Life 2: Lost Coast,2005-10-27,2005.0,Action,Sci-Fi,Realistic,3D,Single & Multiplayer,1,Keyboard / Mouse,Valve Software,Valve,macOS|Linux|PC,3.0,M — Mature (17+),3.45,78.8,1164.0,1167.0,11676.0,1.0,0.0,0.0,9637,1066,6,178,80,709,Singleplayer|Multiplayer|Atmospheric|Great Soundtrack|First-Person|Sci-fi|FPS|Classic|Free to Play|Short|Futuristic|Aliens|Dystopian|Commentary available|Illuminati|Silent Protagonist|Benchmark,Steam,https://media.rawg.io/media/games/b7b/b7b8381707152afc7d91f5d95de70e39.jpg,http://www.half-life2.com,half-life-2-lost-coast,"Essentially a tech demo, Half-Life 2: Lost Coast sole purpose was to show off the new high-dynamic-range-rendering of the Source engine, it was a welcome addition to the franchise. Its a free addition to the game that can be downloaded through Steam by the owners of Half-Life 2. Gordon Freeman founds himself near a group of decaying piers, fully armed and ready to explore the monastery above him, fighting through the Combine forces. High-dynamic-range-rendering introduced realistic lighting effects to the game, emulating even cameras overexposure to the bright light, which was eventually moved to the main game. Lost Coast story is conveyed without cutscenes, every part of the level is tailored specifically to demonstrate the changes, made by developers. Even though it was originally created for the Half-Life 2, it was removed from the main game, alongside some minor story details. Its not a full standalone game and wasnt intended as one.",53.92,4.65,2000s,1,average,generally_favorable
38,11973,Middle-earth: Shadow of Mordor,2014-09-30,2014.0,Action|RPG,Fantasy,Realistic,3D,Singleplayer,0,Controller,Feral Interactive|Monolith Productions,Feral Interactive|Warner Bros. Interactive,Linux|Xbox One|Xbox 360|PlayStation 3|PlayStation 4|macOS|PC,7.0,M — Mature (17+),3.9,85.0,2520.0,2546.0,11663.0,13.0,624.0,1.0,7721,2222,82,729,350,559,Singleplayer|Steam Achievements|Full controller support|Steam Cloud|Atmospheric|steam-trading-cards|RPG|Story Rich|Open World|Third Person|Fantasy|Gore|Sandbox|Stealth|Action RPG|Hack and Slash|Dark Fantasy|Magic|Parkour|Assassin|Lore-Rich|Based On A Novel|steam|category|microtranzations,GOG|Steam|PlayStation Store|Xbox Store|Xbox 360 Store|App Store,https://media.rawg.io/media/games/d1a/d1a2e99ade53494c6330a0ed945fe823.jpg,http://www.shadowofmordor.com,shadow-of-mordor,"Lord of the rings franchise brought a new title to the collection, an open world action-adventure game, that follows Talion, Gondor captain, that survived the sacrifice that was meant to bring the Elf Lord Celebrimbor as a wraith. Losing his wife and his son, Talion is merged with Celebrimor, escaping death. Players will have to gain EXP in order to upgrade abilities through completing various missions and defeating Uruk warlords. Some missions might require special conditions for the greater reward. Shadow of Mordor implemented the Nemesis System. It tracks the progress of every special Uruk warrior. Each special Uruk has a set of strengths and weaknesses, and players can assassinate higher ranked officers in order to promote easy to defeat Uruk to defeat them at a higher rank, weakening the Saurons army. This planning allows players to adapt, and use mechanics of stealth kills, ranged combat, wraith skills and head-on melee more effective.",60.73,12.33,2010s,1,good,generally_favorable
39,23027,The Walking Dead: Season 1,2012-04-23,2012.0,Action|Adventure,Horror,Anime,3D,Singleplayer,0,Controller,Telltale Games,Telltale Games,Android|PS Vita|macOS|PC|iOS|PlayStation 4|PlayStation 3|Xbox 360|Nintendo Switch|Xbox One,10.0,M — Mature (17+),4.36,92.0,2451.0,2474.0,11598.0,8.0,437.0,4.0,7975,2725,43,322,179,354,Singleplayer|Full controller support|Atmospheric|Story Rich|Third Person|Horror|Gore|Survival|Zombies|Point & Click|Post-apocalyptic|Choices Matter|Mature|Visual Novel|Drama|Episodic|Comic Book|Choose Your Own Adventure|Quick-Time Events,Steam|Xbox 360 Store|Xbox Store|Nintendo Store|GOG|PlayStation Store|Google Play|Epic Games|App Store,https://media.rawg.io/media/games/8d6/8d69eb6c32ed6acfd75f82d532144993.jpg,https://rawg.io/games/the-walking-dead,the-walking-dead,"The Walking Dead is a five-part game series set in the same universe as Robert Kirkmans award-winning comic book series. Play as Lee Everett, a convicted criminal, who has been given a second chance at life in a world devastated by the undead. With corpses returning to life and survivors stopping at nothing to maintain their own safety, protecting an orphaned girl named Clementine may offer him redemption in a world gone to hell. A continuing story of adventure horror spanning across 5 episodes: Episode 1 A New Day (Available Now) Episode 2 Starved for Help (Available Now) Episode 3 Long Road Ahead (Available Now) Episode 4 Around Every Corner (Available Now) Episode 5 No Time Left (Available Now) All five episodes are now available immediately upon purchasing Season 1. Based on Robert Kirkmans Eisner-Award winning comic book series, The Walking Dead allows gamers to experience the true horror of the zombie apocalypse A tailored game experience Live with the profound and lasting consequences of the decisions that you make in each episode. Your actions and choices will affect how your story plays out across the entire series. Experience events, meet people and visit locations that foreshadow the story of Deputy Sheriff Rick Grimes Meet Glenn before he heads to Atlanta, explore Hershels farm before Rick and his group of survivors arrive and before the barn becomes a notorious location in Walking Dead lore Youll be forced to make decisions that are not only difficult, but that will require you to make an almost immediate choice. Theres no time to ponder when the undead are pounding the door down! Features meaningful decision-making, exploration, problem solving and a constant fight for survival in a world overrun by the undead Artwork inspired by the original comic books",63.66,13.62,2010s,1,excellent,universal_acclaim
40,9767,Hollow Knight,2017-02-23,2017.0,Action|Indie|Platformer,Fantasy,Realistic,2D,Singleplayer,0,Controller,Team Cherry,Team Cherry,PlayStation 4|Linux|macOS|PC|Nintendo Switch|Xbox One,6.0,E10+ — Everyone 10+,4.41,88.0,2622.0,2680.0,11593.0,7.0,190.0,1.0,6973,1660,533,914,655,858,Singleplayer|Steam Achievements|Full controller support|Steam Cloud|Atmospheric|steam-trading-cards|Great Soundtrack|Story Rich|Open World|2D|Difficult|Exploration|Controller|controller support|Cute|Dark Fantasy|Side Scroller|Multiple Endings|Metroidvania|Hand-drawn|Gothic,Steam|GOG|Nintendo Store|Xbox Store|PlayStation Store,https://media.rawg.io/media/games/4cf/4cfc6b7f1850590a4634b08bfab308ab.jpg,http://hollowknight.com,hollow-knight,"Hollow Knight is a Metroidvania-type game developed by an indie studio named Team Cherry. Most of the games story is told through the in-world items, tablets, and thoughts of other characters. Many plot aspects are told to the player indirectly or through the secret areas that provide a bit of lore in addition to an upgrade. At the beginning of the game, the player visits a town of Dirtmouth. A town built above the ruins of Hallownest. The players descend down into the ruins to find some answers to his questions. The game revolves mainly around the exploration of the in-game world, which requires the players to have some platforming skills. The players have to find secrets that are scattered around the level and battle their enemies. There is a certain degree of backtracking in the game as some areas are locked until the player defeats a certain boss or picks up a specific item. Each area changes as the plot advances so it may be surprising to come back in a certain area. The Protagonist uses a nail which serves as a replacement for a sword. Players can attack in four directions. The nail is upgradable.",63.53,8.26,2010s,1,excellent,generally_favorable
41,41,Little Nightmares,2017-04-27,2017.0,Action|Adventure|Platformer,Horror,Realistic,2D / 3D,Singleplayer,0,Controller,BANDAI NAMCO Entertainment America|Playdigious|Tarsier Studios,Bandai Namco Entertainment|BANDAI NAMCO Entertainment US|Playdigious,iOS|PlayStation 4|PC|Xbox One|Nintendo Switch,5.0,Not Rated,4.04,81.0,1598.0,1630.0,11555.0,3.0,119.0,5.0,8466,1469,121,320,392,787,Singleplayer|Steam Achievements|Full controller support|Steam Cloud|Atmospheric|steam-trading-cards|Great Soundtrack|Story Rich|Third Person|Horror|Female Protagonist|Stealth|Dark|Survival Horror|controller support|Short|achievements|Puzzle-Platformer|2.5D,App Store|PlayStation Store|Steam|GOG|Xbox Store,https://media.rawg.io/media/games/8a0/8a02f84a5916ede2f923b88d5f8217ba.jpg,http://www.little-nightmares.com,little-nightmares,"Heavily inspired by Limbo and Inside, Little Nightmares are telling a story of another lost child. Six is a starving little girl in a yellow raincoat, which is trapped in a mysterious vessel named the Maw. Players are taking control of Sixs movement, in order to help her escape the ship and dangerous inhabitants, thats been kidnaping and preparing children to be served as a feast for the Guests. The control scheme is not including any combat moves, leaving players defenseless against any threat. Six can run, crawl, climb, push or pull, and in rare cases carry an object she can throw to stagger an enemy or solve a puzzle. The game gives players the ability to carry a lighted match at any time, inviting players to explore and search for the collectible statues. Little Nightmares have 3 DLC levels, expanding the game beyond the perspective of Six, where the Runaway Kid, a young boy, who is trying to catch up to Six and having his own adventure, going through the Maw in the extra chapters, named The Depths, The Hideaway and The Residence.",57.72,6.93,2010s,1,excellent,generally_favorable
42,4427,BioShock 2,2010-02-09,2010.0,Action|Shooter,Horror,Realistic,3D,Single & Multiplayer,1,Controller,Feral Interactive|2K|Digital Extremes|2K Australia|2K Marin|2K China,2K Games|Feral Interactive,PlayStation 4|Xbox One|Nintendo Switch|PC|macOS|Xbox 360|PlayStation 3,7.0,Not Rated,4.07,88.0,1939.0,1954.0,11471.0,3.0,381.0,8.0,8028,1917,45,406,277,798,Singleplayer|Steam Achievements|Multiplayer|Full controller support|Atmospheric|Great Soundtrack|RPG|Story Rich|First-Person|Sci-fi|Horror|FPS|Action RPG|Dark|Dystopian|Linear|Steampunk|Underwater|Philisophical,App Store|Xbox Store|Steam|PlayStation Store|Xbox 360 Store,https://media.rawg.io/media/games/157/15742f2f67eacff546738e1ab5c19d20.jpg,http://www.bioshockgame.com,bioshock-2,"The second game returns us to the city of Rapture, on the New Years Eve, but this time player takes control of Subject Delta, Big Daddy, thats been separated from his little sister and has been forced to shoot himself 2 years before the events of the first game took place. And after his awakening 10 years later, players will help to save the last sane citizens of Rapture. As seen in the previous game, the player will have access to new weapons, unique to Big Daddies, power drill and a rivet gun, alongside an array of plasmids, Tonics, and guns. Now players will be able not only save Little Sisters from other Big Daddies, and then either harvest ADAM directly, or protect them while they collect ADAM for their new guardian. Bioshock introduces a new enemy type, Big Sisters, which are extremely agile and fast versions of Big Daddies. Newly added multiplayer brings several never seen formats to the series. Aside from expected Deathmatches, the game added story-driven mode Fall of Rapture.",60.04,9.66,2010s,1,excellent,generally_favorable
43,18080,Half-Life,1998-11-19,1998.0,Action|Shooter,Sci-Fi,Realistic,3D,Single & Multiplayer,1,Controller & Keyboard/Mouse,Valve Software|Gearbox Software,Valve|Sierra Entertainment,Linux|macOS|PC|Dreamcast|PlayStation 2,5.0,M — Mature (17+),4.38,96.0,2384.0,2407.0,11411.0,3.0,0.0,3.0,7635,2541,65,569,178,423,Singleplayer|Multiplayer|Atmospheric|Great Soundtrack|Story Rich|First-Person|Sci-fi|FPS|Funny|Difficult|Classic|Retro|Moddable|Aliens|Valve Anti-Cheat enabled|Linear|1990s|Silent Protagonist|vr mod,Steam,https://media.rawg.io/media/games/6c5/6c55e22185876626881b76c11922b073.jpg,https://www.half-life.com/en/halflife,half-life,"Half-Life is the original game in the series. Being a revolutionary at the time, we follow the story of Gordon Freeman - a silent scientist at the facility called Black Mesa. Arriving late at work and hastily doing his routine he runs into the experiment field. However, the experiment goes completely wrong and opens a portal to a completely different dimension called Xen. The laboratory is destroyed as well as the facility itself, as unknown creatures like Vortigaunts are now everywhere in the facility. Gordon must battle his way to the surface and find a way to close the portal. One of the main features of Half-Life was story-telling through scripted sequences within the actual gameplay. Without having cutscenes, the game was able to tell the full story of the game by showing scripted deaths, dialogues, character appearance while the gameplay was moving one. By not ripping off the player from the process, the game feels much more smooth as it continues. Despite his science nature, Gordon is masterfully using his weapons and destroys any enemy at his path with rifles, grenades, shotguns and much more.",64.01,11.38,1990s,1,excellent,universal_acclaim
44,19710,Half-Life 2: Episode One,2006-06-01,2006.0,Action|Shooter,Horror,Realistic,3D,Singleplayer,0,Controller,Valve Software|NVIDIA Lightspeed Studios,Valve,Linux|PC|Xbox 360|Android|macOS,5.0,M — Mature (17+),4.38,87.0,2022.0,2029.0,11335.0,4.0,13.0,0.0,8105,2393,22,135,106,574,Singleplayer|Steam Achievements|Steam Cloud|Atmospheric|Great Soundtrack|Story Rich|First-Person|Sci-fi|Partial Controller Support|FPS|Classic|stats|Zombies|Moddable|Captions available|Short|Cinematic|Aliens|Dystopian|Commentary available|Episodic|Includes Source SDK|Silent Protagonist,Steam|Google Play,https://media.rawg.io/media/games/7a2/7a2500ee8b2c0e1ff268bb4479463dea.jpg,http://ep1.half-life2.com/,half-life-2-episode-one,"Direct continuation of the Half-Life 2, Episode One serves as a direct sequel to the story. After the mystically assisted escape from the citadel, Gordon and Alyx are reunited outside, but the Citadel core became unstable and will imminently self-destruct. And the only way to save citizens of City 17 is to re-enter the decaying building and slow down the destruction for long enough, to evacuate the civilians and families. Continuation of the story uses the same Source engine, and players will have to traverse linear stages, disposing of enemies and solving physics puzzles. This time Gordon will be accompanied and assisted by Alyx. Her AI will attempt to adjust to the player choices. While purchasing Episode One, players will receive a copy of Half-Life: Deathmatch with it. Game mechanics and puzzles will center around Gravity Gun, which will be the first weapon in players possession from the beginning.",61.07,10.92,2000s,1,excellent,generally_favorable
45,11936,Half-Life 2: Deathmatch,2004-11-01,2004.0,Action,Sci-Fi,Realistic,3D,Multiplayer,1,Keyboard / Mouse,Valve Software,Valve,Linux|macOS|PC,3.0,M — Mature (17+),3.28,78.7,906.0,909.0,11236.0,1.0,0.0,0.0,9849,325,14,457,23,568,Multiplayer|Atmospheric|Co-op|cooperative|First-Person|Sci-fi|FPS|Funny|Free to Play|Physics|Competitive|Valve Anti-Cheat enabled|Includes Source SDK,Steam,https://media.rawg.io/media/games/ec3/ec3a7db7b8ab5a71aad622fe7c62632f.jpg,https://rawg.io/games/half-life-2-deathmatch,half-life-2-deathmatch,"Upon the release of Half-Life 2 players were greatly disappointed in one thing, and thats the lack of multiplayer. Granted, single-player campaign of Half-Life 2 was impressive, but weapons that have been demonstrated in it made players curious. They questioned if the experience was complete because the first Half-Life included multiplayer mode from the beginning. Valve took the criticism and published Half-Life 2: Deathmatch multiplayer only addition, based on the main game, which was a separate product, distributed on Steam. The game includes two major modes, which are Deathmatch and Team Deathmatch. Both modes have similar rules. Players must kill as many other players as possible, to gain points. Player or team with the most points win, and points are retracted for self-killing and team killing. Players can expect fast-paced matches with instant respawns.",51.71,1.53,2000s,1,average,generally_favorable
46,19709,Half-Life 2: Episode Two,2007-10-10,2007.0,Action|Shooter|Puzzle,Horror,Realistic,3D,Single & Multiplayer,1,Controller,Valve Software|NVIDIA Lightspeed Studios,Valve|Buka Entertainment|NVIDIA,Android|Linux|macOS|PC|Xbox 360,5.0,M — Mature (17+),4.45,90.0,1976.0,1984.0,11230.0,5.0,23.0,0.0,8044,2298,21,142,113,612,Singleplayer|Steam Achievements|Multiplayer|Steam Cloud|Atmospheric|Great Soundtrack|Story Rich|First-Person|Sci-fi|Partial Controller Support|Horror|FPS|Classic|stats|Zombies|Post-apocalyptic|Captions available|Aliens|Dystopian|Commentary available|Episodic|Includes Source SDK|Silent Protagonist,Steam|Google Play,https://media.rawg.io/media/games/198/1988a337305e008b41d7f536ce9b73f6.jpg,http://www.whatistheorangebox.com/,half-life-2-episode-two,"Right after the escape from the collapsed Citadel, Gordon Freeman and his companion Alyx Vance learn that Combine used the destruction to open a portal, in order to bring powerful reinforcement. No major changes have been applied to the gameplay since the previous episode, instead, players will be invited to experiment with the gravity gun and more physics objects to use as impromptu ammunition. Episode Two brings back every staple of the series, including physic puzzles, driving sections, because it was developed simultaneously with the Episode One, but unlike first one Episode two has more puzzles, including the biggest puzzle in the series up to date.",61.63,10.7,2000s,1,excellent,universal_acclaim
47,2551,Dark Souls III,2016-04-11,2016.0,Action|RPG,Horror,Realistic,3D,Single & Multiplayer,1,Controller,BANDAI NAMCO Entertainment America|FromSoftware,Bandai Namco Entertainment|BANDAI NAMCO Entertainment US|FromSoftware,Xbox One|PlayStation 4|PC,3.0,M — Mature (17+),4.4,89.0,2719.0,2747.0,11079.0,29.0,182.0,10.0,6806,2096,280,670,577,650,Singleplayer|Steam Achievements|Multiplayer|Full controller support|Atmospheric|steam-trading-cards|Great Soundtrack|RPG|Co-op|Story Rich|Open World|cooperative|Third Person|Horror|Difficult|Exploration|Action RPG|PvP|Character Customization|Replay Value|Dark Fantasy|Lore-Rich,PlayStation Store|Xbox Store|Steam,https://media.rawg.io/media/games/da1/da1b267764d77221f07a4386b6548e5a.jpg,https://rawg.io/games/dark-souls-iii,dark-souls-iii,"Dark Souls III is the fourth installment in the Dark Souls series, now introducing the players to the world of Lothric, a kingdom which has suffered the fate similar to its counterparts from the previous games, descending from its height to utter darkness. A new tale of dark fantasy offers to create and guide the path of games protagonist, the Ashen One, through the dangers of the world before him. Sharing many gameplay similarities with previous installments of the Souls series, Dark Souls III improves at what it is best. These features are the unforgiving difficulty and unique, overwhelming environments. Let alone the soundtracks, allowing players to travel through the familiar locations and encounter new obstacles alike, resulting in a great test of nerves, while also giving the fruit of resolving the secrets and echoes of the past of Dark Souls series. The new changes to the systems of multiplayer, crafting and combat will offer new and experienced players to challenge themselves on the field of battle, and to enhance the playthrough with each consecutive New Game +, where the in-game cycle never indeed ends, allowing for a multitude of different playstyles, and showing different events based on players actions.",63.03,12.34,2010s,1,excellent,generally_favorable
48,10754,BioShock Remastered,2016-09-15,2016.0,Shooter,Horror,Realistic,3D,Singleplayer,0,Controller,Feral Interactive|Digital Extremes|2K Australia|2K Marin|Virtuos|2K China|Blind Squirrel|2K Boston,2K Games|Feral Interactive|Take Two Interactive,PlayStation 4|Nintendo Switch|macOS|PC|Xbox One,5.0,M — Mature (17+),4.24,85.2,1412.0,1429.0,10867.0,4.0,227.0,0.0,8283,1257,107,324,172,724,Singleplayer|Steam Achievements|Full controller support|Steam Cloud|Atmospheric|Great Soundtrack|RPG|Story Rich|First-Person|Sci-fi|Horror|FPS|Classic|Dark|Dystopian|Remake|Steampunk|Commentary available|Alternate History|Underwater,Epic Games|PlayStation Store|Nintendo Store|Steam|App Store|GOG,https://media.rawg.io/media/games/be0/be01c3d7d8795a45615da139322ca080.jpg,https://2k.com/en-US/game/bioshock-the-collection,bioshock-remastered,"BioShock is set in an alternate dimension in 1960. Our main protagonist Jack is the sole survivor of a plane crash in the Atlantic Ocean. With help, he gets to the Rapture - underwater city created by Andrew Ryan that wanted to create a utopia. After arriving in the city, however, he discovers Little Sisters and Big Daddies, and it is clear to Jack that there is something not okay with the city. Being a first-person shooter, BioShock works with an active weapon and a plasmid, on the other hand, giving the player the ability to use some supernatural powers and developing unique combos with it. Many of the weapons have different types of ammunition that are effective against some specific types of enemies. Same goes for plasmids, as you need to know weapon will be effective. By retrieving EVE, you will be able to fill your resources and use plasmid once more. Although the economics of the game is more complicated as you need to gather money for refilling resources and ADAM for purchasing new skills for your plasmid. In Remastered edition, games framerate and technical issues being fully fixed making this a modern-looking game.",57.59,6.74,2010s,1,excellent,generally_favorable
49,654,Stardew Valley,2016-02-25,2016.0,RPG|Simulation|Indie,General,Pixel Art,2D,Single & Multiplayer,1,Controller,Chucklefish|ConcernedApe,Chucklefish|ConcernedApe,Nintendo Switch|Xbox One|PC|iOS|macOS|Linux|PlayStation 4|PS Vita|Android,9.0,E10+ — Everyone 10+,4.4,89.0,2403.0,2434.0,10845.0,13.0,281.0,0.0,7045,1057,731,1174,367,471,Singleplayer|Steam Achievements|Multiplayer|Steam Cloud|Atmospheric|steam-trading-cards|Great Soundtrack|RPG|Co-op|Open World|2D|Partial Controller Support|Sandbox|Pixel Graphics|Retro|role-playing|Cute|Crafting|Building|overlay|Relaxing|Dating Sim|Shared/Split Screen Co-op|cloud saves|Fishing|Agriculture|co-op multiplayer,PlayStation Store|App Store|Xbox Store|Steam|GOG|Nintendo Store|Google Play,https://media.rawg.io/media/games/713/713269608dc8f2f40f5a670a14b2de94.jpg,http://www.stardewvalley.net,stardew-valley,"The hero (in the beginning you can choose gender, name and appearance) - an office worker who inherited an abandoned farm. The landscape of the farm can also be selected. For example, you can decide whether there will be a river nearby for fishing. The farm area needs to be cleared, and it will take time. The hero has many different activities: plant and care for plants, raise livestock, practice crafts, extract ore, and also enter into relationships with residents of the neighbouring town to earn game money. Relationships with characters include communication, performing tasks for money, exchanging, searching for fossils and even military actions and marrying. The character is limited by the reserve of strength and health - both parameters are visible on the screen, and the game automatically puts the hero to rest if the limit of his capabilities is close. The game does not set any ultimate or primary goal, its many possibilities are designed for an unlimited time.",61.72,6.72,2010s,1,excellent,generally_favorable
50,4252,Mirrors Edge,2008-11-11,2008.0,Action,Sci-Fi,Stylized,3D,Singleplayer,0,Controller,Electronic Arts DICE,Electronic Arts,Xbox 360|PlayStation 3|PC,3.0,T — Teen (13+),4.07,81.0,2351.0,2374.0,10838.0,3.0,119.0,2.0,6986,2461,41,746,250,354,Singleplayer|Full controller support|Atmospheric|Great Soundtrack|First-Person|Sci-fi|Partial Controller Support|Classic|Female Protagonist|Short|Colorful|Futuristic|Parkour|Dystopian|Stylized|Time Attack|european,PlayStation Store|Steam|GOG|Xbox 360 Store,https://media.rawg.io/media/games/8e4/8e4de3f54ac659e08a7ba6a2b731682a.jpg,http://www.mirrorsedge.com/,mirrors-edge,"Refreshing look of Mirrors Edge made this first-person action platformer recognizable even by people who have never played it before. The City of the utopian society is highly monitored by the totalitarian military groups. Players will take control of the female protagonist, named Faith, a specially trained Runner, master of parkour that delivers physical documents in the city, where every form of communication is watched. Her sister is framed for murder, and Faith must follow the clues to the identity of the murderer, with only lead being a note saying Icarus. Distinct visuals of the game form the bright white city, which Faith has to navigate through, jumping across rooftops, running on walls and climbing scaffolding. Color-coded elements of the environment guiding players as to where they can progress. Special attention to the camera that will bob up in down in accordance with the movement, trying to recreate the actual vision, and not a fixed video feed. Even though Mirrors Edge has a combat system, its not the main focus, which makes it scarce.",58.65,11.93,2000s,1,excellent,generally_favorable
51,10035,Hitman,2016-03-11,2016.0,Action|Shooter|Simulation,Crime,Realistic,3D,Singleplayer,0,Controller,Feral Interactive|Square Enix|IO Interactive,Square Enix|Feral Interactive|Warner Bros. Interactive,PlayStation 4|Linux|macOS|PC|Xbox One,5.0,AO — Adults Only (18+),3.93,83.0,2006.0,2017.0,10829.0,7.0,538.0,9.0,7603,1228,131,702,380,785,Singleplayer|Full controller support|Atmospheric|Great Soundtrack|Story Rich|Open World|Third Person|Sandbox|Stealth|Tactical|Third-Person Shooter|Nudity|Crime|Assassin|Episodic|Illuminati|Heist,PlayStation Store|Steam|Xbox Store|Epic Games,https://media.rawg.io/media/games/16b/16b1b7b36e2042d1128d5a3e852b3b2f.jpg,http://www.Hitman.com/,hitman,"Hitman is a six episodes game with different contracts. The action takes place as a prequel to Hitman: Agent 47 (only prologue) and episodes take place six years after Hitman: Absolution. All contracts are being ordered by a ""shadow client"" and seem to be unrelated. But as you fulfil those contracts, you start to realise that all of the targets somehow are a part of a secret organisation called the Providence. While playing Agent 47, you have a large amount of free will in completing those contracts. The main target is all that matters, and you can do anything to kill this person in your style and fashion. You can disguise as a different person and infiltrate secured area to perform the kill manually or use a long-range sniper rifle to do the trick. Your surroundings help you a lot as well by listening to nearby chat or news reports. Players are given as much freedom as possible to find your professional style in the art of killing. A large amount of DLC and expanded missions can either give you gimmick-based contracts and travel to Japan, Serbia and other countries.",57.51,7.74,2010s,1,good,generally_favorable
52,3612,Hotline Miami,2012-10-22,2012.0,Action|Shooter|Arcade|Indie,General,Pixel Art,2D,Singleplayer,0,Controller,Devolver Digital|Dennaton Games,Devolver Digital,Linux|Nintendo Switch|Xbox One|PlayStation 4|PS Vita|PC,6.0,Not Rated,4.38,85.0,2615.0,2642.0,10823.0,5.0,119.0,1.0,7183,2325,85,630,214,386,Singleplayer|Steam Achievements|Atmospheric|steam-trading-cards|Great Soundtrack|2D|Partial Controller Support|Gore|Difficult|Violent|Pixel Graphics|Retro|controller support|Fast-Paced|Top-Down|overlay|Music|Surreal|Top-Down Shooter|1980s|Psychedelic,GOG|PlayStation Store|Steam|Google Play,https://media.rawg.io/media/games/9fa/9fa63622543e5d4f6d99aa9d73b043de.jpg,https://rawg.io/games/hotline-miami,hotline-miami,"Several chapters of top-down shooter action, Hotline Miami is a violent game, where the player takes control of the unnamed man, that receives orders to clear out stages from bandits and mobsters, using every weapon he can get. Over the course of the game, the player will be able to collect the masks that provide buffs and abilities. Fluid and tight combat includes various melee and ranged weapons, that can be used as intended or just thrown at the enemy. Once Jacket, dubbed so for his distinct letterman jacket by fans, arrives at the mission, players will have to clear out every floor from the enemies, using rooms and doors for cover or ambushes. As the story moves on, Jackets mental health will visibly deteriorate, and he will be shown to suffer from hallucinations, which is in tone with acid 80s theme.",61.4,11.48,2010s,1,excellent,generally_favorable
53,3790,Outlast,2013-09-03,2013.0,Action|Indie,Horror,Realistic,3D,Singleplayer,0,Controller,Red Barrels,Red Barrels,Linux|macOS|Nintendo Switch|PC|Xbox One|PlayStation 4,6.0,M — Mature (17+),3.75,80.0,1825.0,1837.0,10797.0,3.0,63.0,2.0,7744,1555,40,659,192,607,Singleplayer|Steam Achievements|Full controller support|Steam Cloud|Atmospheric|steam-trading-cards|First-Person|Sci-fi|Horror|FPS|Gore|Difficult|Survival|Stealth|Dark|Nudity|Survival Horror|controller support|Captions available|Walking Simulator|Parkour|3D Vision,Epic Games|PlayStation Store|Xbox Store|GOG|Steam,https://media.rawg.io/media/games/9dd/9ddabb34840ea9227556670606cf8ea3.jpg,http://redbarrelsgames.com/,outlast,"Cinematic gameplay is used to make a stylistic point, and this psychological horror game performs just that. Outlast follows the story of investigative journalist Miles Upshur, that got the lead on the inhuman experiments, performed on the asylum patients. Outlast forces players to run away from danger, simply because there is no combat system. All Miles can do is to document what is happening inside the Mount Massive Asylum. Players do not have a flashlight, only a night vision camera, which constantly requires batteries in order to function. Miles will be pursued through the halls, rooms, yards and enclosed laboratories by distressed and aggressive inhabitants. Over the course of the game, players will have to solve puzzles by locating and collecting items and travel through the Asylum with realistic movement animation and horror sting sound effect, in order to make players sympathize with the protagonists.",55.62,7.62,2010s,1,good,generally_favorable
54,1447,Deus Ex: Mankind Divided,2016-08-22,2016.0,Action|RPG,Sci-Fi,Realistic,3D,Singleplayer,0,Controller,Eidos Montreal,Square Enix|Feral Interactive,Linux|PC|Xbox One|macOS|PlayStation 4,5.0,M — Mature (17+),3.96,83.0,1996.0,2017.0,10721.0,7.0,315.0,5.0,7320,1356,124,572,407,942,Singleplayer|Full controller support|Atmospheric|Great Soundtrack|RPG|Story Rich|Open World|First-Person|Third Person|Sci-fi|FPS|Stealth|Futuristic|Cyberpunk|Dystopian|Illuminati|Conspiracy|Transhumanism,GOG|PlayStation Store|Steam|Xbox Store,https://media.rawg.io/media/games/00d/00d374f12a3ab5f96c500a2cfa901e15.jpg,http://www.deusex.com/,deus-ex-mankind-divided,"Deus Ex: Mankind Divided is currently the last entry in the Deus Ex franchise. It was two years after the accident in Human Revolution, where augmented people started to act uncontrollable and aggressive. As it turns out, a rogue group called Illuminati made it look like a proof for their instability and now augmented people are living like outcasts. We follow Adam Jensen once again as he works as a double agent for Interpol and a hackers group called Juggernaut Collective to confront the Illuminati and reveal the truth. The core gameplay of Mankind Divided hasnt changed much except minor changes like no need for batteries anymore because your energy bar slowly regenerates itself back and a non-killing politic. You can beat the game without killing anyone making Mankind Divided a big morality question for the player as he walks it through.",57.4,7.77,2010s,1,good,generally_favorable
55,4161,Far Cry 3,2012-11-28,2012.0,Action|Shooter,General,Stylized,3D,Single & Multiplayer,1,Controller,Ubisoft|Ubisoft Montreal,Ubisoft Entertainment,Xbox One|Xbox 360|PlayStation 3|PC|PlayStation 4,5.0,M — Mature (17+),4.25,88.0,2928.0,2963.0,10651.0,16.0,133.0,7.0,5878,3594,66,564,223,326,Singleplayer|Multiplayer|Atmospheric|RPG|Co-op|Story Rich|Open World|cooperative|First-Person|Partial Controller Support|FPS|Online Co-Op|Sandbox|Survival|Stealth|Nudity|Colorful|Crafting|Hunting,Xbox Store|PlayStation Store|Steam|Xbox 360 Store,https://media.rawg.io/media/games/15c/15c95a4915f88a3e89c821526afe05fc.jpg,http://farcrygame.com,far-cry-3,"Far Cry 3 is absolute madness. Being the third instalment of the franchise, it has a unique plot. Playing as Jason Brody, you will understand what it is like, to be a Rambo. Vacation on Rook Islands with your friends and family quickly turned into a complete nightmare after Vaas Montenegro kidnapping everyone from the party. Jason manages to escape the cruel pirate lord with a little help from a native supporter called Dennis. Now Brody has to save all his friends and get out of the island. To help Jason save his friends, he will need to learn new skills. Hunting animals, crafting new weapons or different abilities in killing pirates. Skill tree has plenty to offer for the player. There are all kinds of firearms for any player, from a knife to a grenade launcher. This mechanic adds pure madness for the game process, making it very fun, fluent and full of adrenaline. Stunning views of the island, excellent surroundings and a great story make Far Cry 3 an absolute fun to play.",62.04,18.55,2010s,1,excellent,generally_favorable
56,10142,PlayerUnknowns Battlegrounds,2017-12-20,2017.0,Action|Shooter|Massively Multiplayer,General,Realistic,3D,Multiplayer,1,Controller & Keyboard/Mouse,Krafton|Bluehole|PUBG,KRAFTON|Bluehole,PC|Xbox One|PlayStation 4,3.0,Not Rated,3.27,81.0,1968.0,1991.0,10647.0,29.0,113.0,1.0,8289,441,267,1434,74,142,Multiplayer|Co-op|Open World|cooperative|First-Person|FPS|Online Co-Op|Survival|Violent|Online multiplayer|Tactical|Third-Person Shooter|PvP|Battle Royale,Epic Games|Google Play|App Store|PlayStation Store|Steam|Xbox Store,https://media.rawg.io/media/games/1bd/1bd2657b81eb0c99338120ad444b24ff.jpg,http://www.playbattlegrounds.com,playerunknowns-battlegrounds,"PLAYERUNKNOWNS BATTLEGROUNDS is battle-royale shooter made only for the multiplayer experience. Players should do their best to become the last one alive. Matches are held on 3 main maps of a large size (Erangel, Miramar, and Sanhok). Each match has 100 participants fighting for themselves. The battle begins with players making the leap out of the plane to spread out across the map and to gather all possible equipment required for survival. Then, after a while, game intelligence randomly sets a circle shape safe zone, which gamers must reach to stay alive, and marks it on the map. Gear and resources are scattered throughout the map, so players can grab everything they need while running to the zone. Therefore, the main action comes out of the players collision on their ways to the circle. You can join the fight either alone or in a team (up to 4 people). Due to the customization system, lots of clothing items and weapon skins could be both bought on the marketplace and found in crates. However, in-app purchases dont actually affect the gameplay.",54.03,4.76,2010s,1,average,generally_favorable
57,10533,Path of Exile,2013-10-23,2013.0,Action|RPG|Massively Multiplayer|Indie,Sci-Fi,Realistic,3D,Single & Multiplayer,1,Controller & Keyboard/Mouse,Grinding Gear Games,Grinding Gear Games,Xbox One|PlayStation 4|PC,3.0,Not Rated,3.65,86.0,1631.0,1642.0,10601.0,6.0,317.0,1.0,8556,310,183,1098,115,339,Singleplayer|Steam Achievements|Multiplayer|steam-trading-cards|RPG|Co-op|cooperative|Online Co-Op|Fantasy|Free to Play|Online multiplayer|Action RPG|Hack and Slash|In-App Purchases|Character Customization|Dark Fantasy|mmo|Dungeon Crawler|MMORPG|PvE|Loot|Inventory Management|Fishing,PlayStation Store|Steam|Xbox Store|Epic Games,https://media.rawg.io/media/games/d0f/d0f91fe1d92332147e5db74e207cfc7a.jpg,http://www.pathofexile.com,path-of-exile,"Path of Exile is inspired by Diablo II and follows it basically in most of the aspects. Randomly filled pre-set of locations, heavy grind and a possibility of replaying most of the areas leaves us with only one possible outcome. Players wake up on grim shores of Wraeclast. Without any knowledge who we are or what have we done, players must start to explore an aggressive and cruel fantasy world of criminals, bandits and murderers. Discover the mystery of a long forgotten the Eternal Empire, and survive. Mechanics are pretty simple. Choose one of six different classes, gather gems for more skills to use and grind good and synergising equipment. Due to replaying, you can grind any needed equipment or resources to buy it from vendors. Infinite loop of gameplay will still be challenging. The cooperative mode allows beating the game with a party of friends up to six people at the same time.",55.53,2.84,2010s,1,good,generally_favorable
58,9721,Garrys Mod,2004-12-24,2004.0,Action|Adventure|Simulation|Casual|Indie,Horror,Realistic,3D,Single & Multiplayer,1,Keyboard / Mouse,Facepunch Studios,Valve,Linux|macOS|PC,3.0,RP — Rating Pending,3.8,81.7,1592.0,1605.0,10402.0,14.0,29.0,0.0,8344,555,136,1120,52,195,Singleplayer|Steam Achievements|Multiplayer|Steam Cloud|steam-trading-cards|Co-op|First-Person|FPS|Online Co-Op|Funny|Sandbox|Comedy|Steam Workshop|Cross-Platform Multiplayer|Includes level editor|Moddable|Captions available|Physics|Building|Valve Anti-Cheat enabled|vr mod|Mod|Animation & Modeling,Steam,https://media.rawg.io/media/games/48c/48cb04ca483be865e3a83119c94e6097.jpg,https://gmod.facepunch.com,garrys-mod,"Garrys Mod or simply GMod is a source-engine based modification that now works as a standalone game. With no plot or exact gameplay at all, anyone can create his own game mode to play for fun. You can find anything youre into. Trouble In Terrorist Town, Prop Hunt, Hunger Games, Franchise-based modes such as Star Wars or Lord of the Rings - anything. Basically, GMod stands for God Mode in video games, because you can play with any asset of the source engine. Try out physics, characters, maps, weaponry - anything. Based on that, Garrys Mod gives players quite a variety of mods to spend their time. It doesnt sound so earnestly. You will probably find something that will provide you with quite a good amount of fun. Servers are specifically sorted in game modes so youll never play a different mode while playing exact one what you wanted. At the end of the day, this game is about receiving as much fun from what is happening around you as possible.",54.8,3.89,2000s,1,good,generally_favorable
59,19487,Alan Wake,2010-05-14,2010.0,Action|Shooter|Adventure,Horror,Realistic,3D,Singleplayer,0,Controller,Remedy Entertainment,Microsoft Studios|THQ Nordic|Remedy Entertainment,Xbox 360|Xbox One|PC,3.0,T — Teen (13+),4.09,83.0,2253.0,2272.0,10397.0,5.0,134.0,2.0,6757,2095,94,533,320,598,Singleplayer|Steam Achievements|Full controller support|Steam Cloud|Atmospheric|steam-trading-cards|Great Soundtrack|Story Rich|Open World|Third Person|Horror|Survival|Third-Person Shooter|Dark|Survival Horror|controller support|Mystery|Cinematic|Episodic|Narration|Supernatural|Thriller|psycholoical-horror|enviroment,Xbox Store|GOG|Steam|Xbox 360 Store|Epic Games,https://media.rawg.io/media/games/5c0/5c0dd63002cb23f804aab327d40ef119.jpg,http://www.alanwake.com,alan-wake,"Titular best-selling psychological thriller author was going through a writers block, but when he tries to take a small vacation, it seems that he is attacked and has to fight off the darkness that possess people and animals alike. Action-adventure with horror elements, Alan Wake is paced like a thriller show, cinematic and slow, which is in alignment with the visual style of the rural region of Washington and linear storytelling. The main enemy, encountered by the players will be Taken possessed by darkness creatures and humans that cannot be attacked outright, because they are shrouded in black smoke, blocking the attacks. Only after dispelling the darkness with a source of light players are able to affect the enemies. When the enemies are getting too close, Alan can perform a slow-motion dodge. Two more episodes were published for the first game, called The Signal and The Writer, directly continuing the story of the main game, and completing the first season.",58.06,10.86,2010s,1,excellent,generally_favorable
60,13668,Amnesia: The Dark Descent,2010-09-08,2010.0,Action|Adventure|Indie,Horror,Realistic,3D,Singleplayer,0,Controller,Frictional Games,Frictional Games,Linux|macOS|PC,3.0,M — Mature (17+),3.65,85.0,1223.0,1242.0,10392.0,2.0,3.0,3.0,8186,783,31,478,151,763,Singleplayer|Full controller support|Atmospheric|Great Soundtrack|Story Rich|First-Person|Horror|Exploration|Classic|Survival|Stealth|Dark|Moddable|Survival Horror|Captions available|Commentary available|Gothic|Lovecraftian,Epic Games|Steam|GOG,https://media.rawg.io/media/games/b54/b54598d1d5cc31899f4f0a7e3122a7b0.jpg,http://www.amnesiagame.com,amnesia-the-dark-descent,"Carefully constructed horror game relies on positioning, camera work, and shocking content. But Amnesia: The Dark Descent adds psychological elements to it. Players control the young man named Daniel, who wakes up in a seemingly empty castle, alone and with a massive memory loss. Through environmental storytelling, notes, audio logs and even visions, players are invited to uncover the deep-rooted secrets of the castle. Throughout the game players will be introduced to the mechanics of Sanity, representing the mental state of Daniel which can be affected by lack of light, visions and even unpleasant encounters with the monsters. When decreased, Sanity will distort the vision of the player to a different and seemingly random effect, in order to depict actual effects of severe anxiety. Most of the game challenges are completed through the item search and physics puzzles, forcing players to be resourceful and courageous. The game supports modding, and allows user-created content alongside the free DLC Justine, telling a story of a female prisoner. Given how short the DLC story is - several possible endings are available.",53.81,3.94,2010s,1,good,generally_favorable
61,11935,Half-Life Deathmatch: Source,2006-05-01,2006.0,Action,Horror,Realistic,3D,Multiplayer,1,Keyboard / Mouse,Valve Software,Valve,macOS|Linux|PC,3.0,M — Mature (17+),3.21,78.5,728.0,729.0,10381.0,1.0,0.0,0.0,9207,240,5,342,20,567,Multiplayer|First-Person|Sci-fi|Horror|FPS|Classic|Valve Anti-Cheat enabled,Steam,https://media.rawg.io/media/games/174/174fabfca02d5730531bab2153a7dfcb.jpg,https://rawg.io/games/half-life-deathmatch-source,half-life-deathmatch-source,"A direct port of the original Deathmatch mode for the half-life to the Source engine slightly improves the game flow, by making controls more responsive and the connection more stable. Half-Life Deathmatch Source recreates the gameplay of the original multiplayer of Half-Life. All players are randomly spawned at the different map points and battle each other within a free-for-all brawl. To acquire any resource (weapons, ammo, health, and energy) players must scavenge the map for the various caches. Victory is achieved by obtaining the largest amount of kills during the match, by eliminating other players. In case of the draw, the player with the least amount of deaths is a winner of the match. Aside from the user created content, there are 8 available maps for the Half-Life Deathmatch: Source.",49.34,1.24,2000s,1,average,generally_favorable
62,3696,Wolfenstein: The New Order,2014-05-19,2014.0,Action|Shooter,Horror,Realistic,3D,Single & Multiplayer,1,Controller,Bethesda Softworks|Machine Games,Bethesda Softworks,Xbox One|PC|Xbox 360|PlayStation 3|PlayStation 4,5.0,M — Mature (17+),4.18,81.0,2482.0,2503.0,10365.0,12.0,359.0,9.0,6529,2562,89,375,322,488,Singleplayer|Steam Achievements|Multiplayer|Atmospheric|Great Soundtrack|Story Rich|First-Person|Sci-fi|Partial Controller Support|Horror|FPS|Gore|Steam Leaderboards|Stealth|War|Historical|Dystopian|Robots|World War II|Alternate History,GOG|Xbox Store|Steam|PlayStation Store|Xbox 360 Store|Epic Games,https://media.rawg.io/media/games/c80/c80bcf321da44d69b18a06c04d942662.jpg,http://www.wolfenstein.com,wolfenstein-the-new-order,"Wolfenstein: The New Order is the ninth instalment in the Wolfenstein franchise. A first-person shooter with a primary target - killings Nazis. You play as Captain William Blazkowicz in an alternative universe in 1946. You and your friend Fergus Reid are attacking the castle of General Wilhelm ""Deathshead"" Strasse, whos the main villain of the game. When the attack goes completely wrong, you have to help Captain Blazkowicz in getting rid of the Nazis in the USA. The games core mechanic is the ability to use two weapons in both hands, making every single encounter unique. Also, the game has a skill tree, which gives Captain Blazkowicz new ways of killing Nazis. This game will try to push you off limits, will provide you with a significant challenge and give you a decent story with memorable characters. Adrenaline, laughing and even some dramatic moments stuns the player as he travels through the world of Wolfenstein.",58.6,14.34,2010s,1,excellent,generally_favorable
63,4332,Spec Ops: The Line,2012-06-26,2012.0,Action|Shooter,Horror,Realistic,3D,Single & Multiplayer,1,Controller,Yager,2K Games|Missing Link Games,Xbox 360|PlayStation 3|Xbox One|PC,4.0,M — Mature (17+),4.1,76.0,1926.0,1946.0,10349.0,5.0,151.0,8.0,7361,1906,41,343,197,501,Singleplayer|Steam Achievements|Multiplayer|Full controller support|Steam Cloud|Atmospheric|Great Soundtrack|Co-op|Story Rich|Third Person|Horror|Steam Leaderboards|Third-Person Shooter|stats|Dark|Cross-Platform Multiplayer|War|Post-apocalyptic|Mature|Military|Psychological|Based On A Novel|Political|european,Xbox Store|PlayStation Store|Steam|Xbox 360 Store|GOG,https://media.rawg.io/media/games/b49/b4912b5dbfc7ed8927b65f05b8507f6c.jpg,http://www.specopstheline.com/,spec-ops-the-line,"The Line is the tenth entry into the Spec Ops series, as well as a modernized reboot. Following the worst recorded sandstorms in Dubai, Captain Martin Walker was sent to investigate the events that took place in the city, after it was cut off from all transport and communication. So now the squad of the elite soldiers has to discover, what was meant by the last message they received from the dense wall of raging sand. Spec Ops: The Line places the attention on the squad mechanics, where players can give orders to the NPCs, accompanying the player during the game. Aside from the single-player story campaign, players can join the multiplayer matches, which may vary from the solo/team deathmatch to King of the Hill type matches. Cooperative missions for two players have been added shortly after the game release. The single player campaign allows players to experiment with the weapons, carrying two at a time and use the environments to their advantage, using hazardous sandstorm to clear-out the enemies.",55.69,10.04,2010s,1,excellent,generally_favorable
64,58134,Marvels Spider-Man,2018-09-07,2018.0,Action,Adventure,Realistic,3D,Singleplayer,0,Controller & Keyboard/Mouse,Insomniac Games,Sony Interactive Entertainment,PlayStation 4|PC|PlayStation 5,3.0,T — Teen (13+),4.45,87.0,3625.0,3698.0,10304.0,6.0,252.0,9.0,5047,3403,270,234,975,375,Singleplayer|Atmospheric|Open World|Exploration|Action-Adventure|exclusive|Cinematic|Beat em up|true exclusive|3rd-Person Perspective|Comic Book|America|Superhero|new york,Steam|PlayStation Store,https://media.rawg.io/media/games/9aa/9aa42d16d425fa6f179fc9dc2f763647.jpg,https://insomniac.games/game/spider-man-ps4/,marvels-spider-man,"Marvels Spider-Man offers the player to take on the role of the most famous Marvel superhero. ###Plot The game introduces Spider-Man as an already experienced superhero. By the time the game begins, Peter has captured the infamous Kingpin as well as several other supervillains. Now, a gang that goes by the name of Demons poses a new danger to New York. Meanwhile, Peter is working for the scientist Otto Octavius, who didnt yet become Dr. Octopus, on their science project. Throughout the game, Spidey has to deal with multiple enemies, such as Norman Osbourne, Electro, Vulture, Rhino and Kingpin, among others. ###Gameplay The player controls Peter Parker, aka Spider-Man, from the third person view. There are also sections of the game in which the player controls other protagonists, namely Mary Jane and Miles Morales. The game is set in a 3D environment that is modeled after New York City. The player can travel the city using web slings, running, jumping, and crawling the walls. The setting includes numerous high-rise buildings designed specifically for Spider-Mans movements. As the player progresses, he or she unlocks new suits that grant Spider-Man new abilities, such as additional attacks or enhanced Spider-Sense. The abilities are not tied to the suits, however, and the player can use the suit of his or her choice without losing the ability. The combat system is similar to that in Batman: Arkham, in that Spider-Man fights many opponents in hand-to-hand combat but avoids killing them.",63.96,17.71,2010s,1,excellent,generally_favorable
65,4386,Saints Row: The Third,2011-11-15,2011.0,Action|Adventure,Crime,Realistic,3D,Single & Multiplayer,1,Controller,Volition,THQ,Linux|PC|Xbox One|Xbox 360|PlayStation 3,5.0,M — Mature (17+),3.95,84.0,2050.0,2066.0,10284.0,14.0,325.0,5.0,7251,2106,29,477,125,296,Singleplayer|Multiplayer|Great Soundtrack|RPG|Co-op|Open World|cooperative|Third Person|Partial Controller Support|Online Co-Op|Funny|Sandbox|Female Protagonist|Comedy|Third-Person Shooter|Zombies|Character Customization|Crime|Satire,Xbox Store|PlayStation Store|Steam|Xbox 360 Store,https://media.rawg.io/media/games/d69/d69810315bd7e226ea2d21f9156af629.jpg,https://saintsrow.com/,saints-row-the-third,"Welcome to Steelport, a city thats been torn by the three violent gangs. And seemingly, only another violent gang can stop them. After merging with Ultor Corporation after the events of the second game, Boss and his lieutenants became a corporation of their own. And now, after a run-in with the corrupt police forces, when theyre in the hands of the Syndicate, alone and cut out from the gathered wealth and support, 3rd Street Saints have to start from the bottom. While being a third person action adventure game, Saints Row: the Third is described by developers as the game that has everything in it. While the base game is reminiscent of GTA type of games mechanically, shifting tone and frantic story create the comedic and exciting atmosphere. A long line of DLC adding to the game not only unique missions, even by the Saints Row standards, but customization items, transport, and outfits. Reviews adore the lack of serious tone and gritty realism.",56.92,12.29,2010s,1,good,generally_favorable
66,29177,Detroit: Become Human,2018-05-25,2018.0,Action|Adventure,Sci-Fi,Realistic,3D,Singleplayer,0,Controller,Quantic Dream,Sony Computer Entertainment|Quantic Dream,PC|PlayStation 4,2.0,M — Mature (17+),4.33,79.0,3231.0,3296.0,10229.0,10.0,15.0,0.0,5136,3217,183,214,895,584,Singleplayer|Steam Achievements|Full controller support|Steam Cloud|Atmospheric|Great Soundtrack|Story Rich|Third Person|Sci-fi|Exploration|Female Protagonist|Violent|Action-Adventure|exclusive|Replay Value|Choices Matter|Cinematic|Futuristic|Cyberpunk|Multiple Endings|Robots|3rd-Person Perspective|Detective|Drama|Narration|America|Emotional|Beautiful|Dynamic Narration|Remote Play on TV|european|futurism,Steam|PlayStation Store|Epic Games,https://media.rawg.io/media/games/951/951572a3dd1e42544bd39a5d5b42d234.jpg,https://www.quanticdream.com/en/detroit-become-human,detroit-become-human,"In the future world, androids do almost everything that people do - they even start to think and feel. Although no one taught them this. The plot of ""Become Human"" is built around three characters, each with a separate storyline, but they eventually merge into a single picture. Connor is a police investigator and android. He has a simple task - to find androids, deviated from the path given by humans. He has a special vision, it allows him to see events as they happened. And the more information he collects, the higher his chances of acting correctly. Kara is an android-housekeeper which spontaneously develops self-consciousness. As a result, Kara assumes responsibility for the fate of the little girl whom she worked as a sitter for. She, along with the girl, escapes from the house as a result of a conflict with her father, the owner of Kara. Markus is a caretaker android. He also acquired self-consciousness and came to the idea that androids need freedom. He has the ability to grant androids free will and to calculate the consequences of some actions. The story develops depending on the decisions taken by the characters. Some decisions have to be made quickly. Sometimes a player can return to the moment of making a choice and replay the situation.",60.65,16.58,2010s,1,excellent,generally_favorable
67,39,Prey,2017-05-05,2017.0,Action|Shooter|RPG,Crime,Realistic,3D,Singleplayer,0,Controller,Arkane Studios,Bethesda Softworks,Xbox One|PC|PlayStation 4,3.0,M — Mature (17+),4.28,80.0,2210.0,2249.0,10165.0,10.0,421.0,3.0,6213,1610,229,664,661,788,Singleplayer|Steam Achievements|Full controller support|Steam Cloud|Atmospheric|steam-trading-cards|Great Soundtrack|RPG|Story Rich|Open World|First-Person|Sci-fi|Horror|FPS|Exploration|Violent|Stealth|Space|Survival Horror|Futuristic|Aliens|Heist|Immersive Sim,GOG|PlayStation Store|Steam|Xbox Store|Epic Games,https://media.rawg.io/media/games/e6d/e6de699bd788497f4b52e2f41f9698f2.jpg,https://prey.bethesda.net,prey,"Prey (2017) is a single-player sci-fi first-person shooter developed by Arkane Studios Austin and published by Bethesda Softworks. While it is technically a reboot of the 2006 game of the same name developed by Human Head Studios, of which the sequel suffered a fall into development hell before the license was sold to Bethesda Softworks, there is no relation between the stories and universes of the two games. The game is set in the near future of an alternate reality. You find yourself stranded on the Talos I space station, invaded by hostile aliens referred to as the Typhon. To survive, you must explore Talos I in search of weapons and resources to fight off the invaders. Along the way, youll use neural modification devices to learn skills and psychic abilites. Preys gameplay loop takes heavy inspiration from System Shock and Bioshock. The game received critical acclaim for its gameplay and its atmosphere. Prey received one paid DLC extension called Mooncrash which introduced a roguelite mode and a free update called Typhon Hunter which introduced a multiplayer mode inspired by classic prop hunt.",57.68,9.91,2010s,1,excellent,generally_favorable
68,5563,Fallout: New Vegas,2010-10-19,2010.0,Action|Shooter|RPG,Post-Apocalyptic,Realistic,3D,Singleplayer,0,Controller,Obsidian Entertainment,Bethesda Softworks,Xbox 360|PC|Xbox One|PlayStation 4|PlayStation 3,5.0,M — Mature (17+),4.43,84.0,2559.0,2580.0,10080.0,12.0,226.0,11.0,6045,2065,189,772,351,658,Singleplayer|Steam Achievements|Atmospheric|RPG|Story Rich|Open World|First-Person|Third Person|Sci-fi|Partial Controller Support|FPS|Exploration|Steam Leaderboards|Sandbox|Survival|Action RPG|Moddable|Character Customization|Post-apocalyptic|Western,Xbox Store|Steam|PlayStation Store|Xbox 360 Store,https://media.rawg.io/media/games/995/9951d9d55323d08967640f7b9ab3e342.jpg,http://fallout.bethsoft.com,fallout-new-vegas,"Fallout: New Vegas is the second instalment after the reboot of the Fallout series and a fourth instalment in the franchise itself. Being a spin-off and developed by a different studio, Obsidian Entertainment, Fallout: New Vegas follows the Courier as hes ambushed by a gang lead by Benny, stealing a Platinum Chip and heavily wounded, practically left for dead. As he wakes up, he minds himself in the company of Doc Mitchell who saved our protagonist and patches him up. This section of the game is given for customising your characters, picking traits and the look of the main hero before embarking on his journey to retrieve Platinum Chip. New Vegas has very similar gameplay to Fallout 3 with a few improvements, such as iron sights for most of the guns, new animations for VATS kills, new perk Survivor, which allowed you to have more benefits from drinks and food you could craft and gambling in the casinos. Expanded crafting system, weapon modification system force player to scavenge for resources. Reputation system was reintroduced in New Vegas as old reputation system from Fallout 2, with Karma making a serious impact on the game.",59.9,11.85,2010s,1,excellent,generally_favorable
69,4828,Borderlands,2009-10-20,2009.0,Action|Shooter|RPG,Post-Apocalyptic,Realistic,3D,Single & Multiplayer,1,Controller,2K|Gearbox Software,2K Games,PC|Xbox 360|PlayStation 3,3.0,AO — Adults Only (18+),3.82,81.0,2092.0,2109.0,10064.0,10.0,227.0,7.0,6941,1739,61,830,187,306,Singleplayer|Steam Achievements|Multiplayer|Steam Cloud|RPG|Co-op|Open World|cooperative|First-Person|Sci-fi|Partial Controller Support|FPS|Online Co-Op|Funny|Gore|Comedy|Local Co-Op|Action RPG|Post-apocalyptic|Dark Humor|Loot,PlayStation Store|Xbox Store|Steam|Xbox 360 Store,https://media.rawg.io/media/games/c6b/c6bfece1daf8d06bc0a60632ac78e5bf.jpg,http://www.borderlandsthegame.com/,borderlands,"Pandora is a dangerous planet, so it makes sense that the strongest people will dominate it. 4 Vault Hunters arrive to find the legendary Vault found themselves at the Fyrestone, where mysterious girl only known as Angel guides them, helping to build the reputation of problem solvers. Eventually, players will be tasked to find the first piece, of the Vault Key. By being a story-driven first-person shooter with RPG elements, Borderlands allows adjusting the playstyle by finding different weapons, leveling up the character and improving some skills or attributes. Cooperative in nature, Borderlands can be played with up to 3 other players in total, where players can take the roles of 4 different characters: Brick the Berserker, Mordecai the Hunter, Lilith the Siren and Roland the Soldier. Some characters are naturally proficient in specific weapons, but players are not constricted to the skill requirements. When a specific weapon type is used often the more proficient players are. Borderlands have several story DLCs that either shift the tone of the main game or expand on the existing storyline and characters.",55.52,10.09,2000s,1,good,generally_favorable
70,12447,The Elder Scrolls V: Skyrim Special Edition,2016-10-27,2016.0,Action|RPG,Fantasy,Realistic,3D,Singleplayer,0,Controller,Bethesda Game Studios,Bethesda Softworks,PlayStation 4|PC|Xbox One,3.0,M — Mature (17+),4.45,74.0,1955.0,1965.0,10017.0,9.0,302.0,0.0,7426,1438,257,466,127,303,Singleplayer|Steam Achievements|Steam Cloud|Atmospheric|Great Soundtrack|RPG|Story Rich|Open World|First-Person|Third Person|Partial Controller Support|Fantasy|Classic|Female Protagonist|Stealth|Moddable|Character Customization|Magic|Walking Simulator|Remake|Dragons,Steam|PlayStation Store|Xbox Store,https://media.rawg.io/media/games/62c/62c7c8b28a27b83680b22fb9d33fc619.jpg,https://rawg.io/games/the-elder-scrolls-v-skyrim-special-edition,the-elder-scrolls-v-skyrim-special-edition,"The Elder Scrolls V: Skyrim Special Edition is the 2016 reinstallment of the open world fantasy RPG, developed by Bethesda Game Studios. Following the original release of 2011, Special Edition focuses on reshaping every sword and ax, polishing every stone in the high castles and the suburbs of the low, overall bringing a renewed experience to its fans and newcomer players. After 5 years of the originals glory, this collection of all the content, available with the game itself, offers to once again set foot on the snowy mountains of the Skyrim province of Tamriel. The magnificent open world, full of breathtaking environments and landscapes, welcomes all its players to embark on another journey. Explore the even more beautiful flora of Skyrim, fight the most dangerous fauna, and many more. The Elder Scrolls V: Skyrim Special Edition now includes full support of community-made and developer-approved mods, allowing for even more exploration and experiments with the in-game contents. Continually expanding, the database of various new quests, characters, and locations not disappointing any player, while some modifications try to focus on enhancing the vanilla experience to the maximum.",56.18,8.76,2010s,1,excellent,mixed
71,864,Dishonored 2,2016-11-10,2016.0,Action|RPG,Crime,Realistic,3D,Singleplayer,0,Controller,Bethesda Softworks|Arkane Studios,Bethesda Softworks,Xbox One|PC|PlayStation 4,3.0,M — Mature (17+),4.26,86.0,1993.0,2015.0,9927.0,12.0,385.0,2.0,6289,1669,159,439,595,776,Singleplayer|Steam Achievements|Full controller support|Steam Cloud|Atmospheric|steam-trading-cards|Great Soundtrack|Story Rich|Open World|First-Person|Gore|Exploration|Female Protagonist|Stealth|Magic|Parkour|Dystopian|Steampunk|Assassin|Illuminati|Heist|Supernatural|Immersive Sim,GOG|PlayStation Store|Xbox Store|Steam,https://media.rawg.io/media/games/f6b/f6bed028b02369d4cab548f4f9337e81.jpg,https://www.dishonored.com/,dishonored-2,"Dishonored 2 is an action-adventure game based on players stealth skill. The game is played from the first-person perspective and includes several RPG elements. It is a sequel to the original Dishonored game, so the story takes place in Dunwall and mostly in Karnaca 12 years after the ending of the previous part. To start the action, the player has to decide whether he wants to assume the role of deposed Empress Emily or the role of her father and the Royal Protector Corvo, the protagonist of the first Dishonored game. Both characters have their own bunch of special abilities so the choice will influence the way of returning to the throne. In the course of the game, both equipment and abilities can be upgraded. The storyline is divided into several main missions and includes various side quests that let protagonists get acquainted with the useful new skills. Although the gameplay is initially focused on the stealth, actually there is a multitude of ways to complete all the missions and to return the lost honor.",57.76,10.46,2010s,1,excellent,generally_favorable
72,9882,Dont Starve Together,2016-04-21,2016.0,Action|Simulation|Indie,Horror,Realistic,2D,Single & Multiplayer,1,Controller,Klei Entertainment,Klei Entertainment,Linux|Xbox One|PlayStation 4|macOS|PC,5.0,Not Rated,3.77,83.0,1380.0,1393.0,9908.0,7.0,26.0,1.0,7707,360,181,1167,135,358,Singleplayer|Multiplayer|Full controller support|Atmospheric|steam-trading-cards|Co-op|Open World|cooperative|2D|Horror|Online Co-Op|Funny|Difficult|Sandbox|Survival|Local Co-Op|Steam Workshop|Cross-Platform Multiplayer|Survival Horror|Crafting|Roguelike,Steam,https://media.rawg.io/media/games/dd5/dd50d4266915d56dd5b63ae1bf72606a.jpg,http://www.dontstarvegame.com,dont-starve-together,"Dont Starve Together is surrealistic and grim survival game made up for six people simultaneously. Initially, Dont Starve is a single-player game with a core mechanic of going through various problems of your character. You have to sleep and eat well. Also, you have to keep your mental health all right and dont go completely mad at a situation, when these dreadful and twisted creatures are running towards you to tear apart. It seems like the world of Dont Starve is heavily inspired by Tim Burton, having a very grotesque yet creepy and bizarre-looking monsters and locations with an atmospheric soundtrack. While heading to multiplayer, you will experience every single problem from a singles game. The game exploits pretty similar mechanic to Minecraft - randomly generated world, surviving as a top priority for the gamer. With the only difference - if you die, you die. Permanent death of your characters increases the grim and tense atmosphere of the game itself, making the process challenging and creepy. Just remember. Dont Starve.",53.45,2.46,2010s,1,good,generally_favorable
73,10243,Company of Heroes 2,2013-06-25,2013.0,Strategy,Historical,Realistic,2D / 3D,Single & Multiplayer,1,Keyboard / Mouse,Feral Interactive|Relic Entertainment,SEGA|Feral Interactive,Linux|macOS|PC,3.0,M — Mature (17+),3.09,80.0,868.0,872.0,9869.0,4.0,452.0,3.0,8512,218,32,332,69,706,Singleplayer|Steam Achievements|Multiplayer|Steam Cloud|Atmospheric|steam-trading-cards|Great Soundtrack|Co-op|cooperative|Online Co-Op|Tactical|stats|Steam Workshop|War|Historical|RTS|Military|Base Building|World War II|Real-Time with Pause|Real-Time|Tanks,App Store|Steam,https://media.rawg.io/media/games/0bd/0bd5646a3d8ee0ac3314bced91ea306d.jpg,http://www.companyofheroes.com/,company-of-heroes-2,"Company of Heroes 2 is the second installment in the series of real-time strategy games, following its predecessors legacy as one of the most complex and realistic WWII simulators. New features and game engine improvements will provide the most intense experience of the most significant battles of both the Western and Eastern fronts of the war. After seven years since the first games release, Company of Heroes 2 provides the players with new battle mechanics, even more, micromanagement and new game modes, as well as an expanded single-player campaign, taking place in the Eastern front. The key features of the first game, being the dynamic environments and cover system, have also been overhauled, with additions as a line of sight for every troop. The warfare itself has also been changed, removing the mechanics of doctrines and adding traits to various generals on the field. The game also includes additional content, which adds two new Allied factions, the US expeditionary forces and the Royal Army, and new campaigns for both factions, while also improving performance and adding new features to the game, such as tech trees, various tactics and many more.",48.63,2.69,2010s,1,average,generally_favorable
74,4248,Dishonored,2012-09-25,2012.0,Action|Adventure|RPG,Sci-Fi,Realistic,3D,Singleplayer,0,Controller,Bethesda Softworks|Arkane Studios,Bethesda Softworks,PlayStation 4|PlayStation 3|Xbox 360|PC|Xbox One,5.0,M — Mature (17+),4.38,91.0,2684.0,2713.0,9861.0,9.0,222.0,2.0,5241,3083,98,583,368,488,Singleplayer|Steam Achievements|Full controller support|Steam Cloud|Atmospheric|RPG|Story Rich|Open World|First-Person|Sci-fi|FPS|Fantasy|Stealth|Dark|Replay Value|Magic|Multiple Endings|Dystopian|Steampunk|Assassin,PlayStation Store|Steam|Xbox 360 Store,https://media.rawg.io/media/games/4e6/4e6e8e7f50c237d76f38f3c885dae3d2.jpg,http://www.dishonored.com,dishonored,"Dishonored is the game about stealth. Or action and killing people. It is you who will decide what to do with your enemies. You play as Corvo Attano, Empress bodyguard, a masterful assassin and a combat specialist. All of a sudden, a group of assassins kill the Empress and kidnaps her daughter Emily. Being accused of murder and waiting for execution in a cell, Corvo still manages to escape with the help of the Loyalists and their leader Admiral Havelock. Now it is your duty to return the Empress daughter and restore your name. The main focus of the game is to give the player a choice. You can spare the lives of your enemies by knocking them out or making others do the job for you or brutally murder everyone in the city. Gadgets are given by Piero Joplin, Loyalists engineer and by the Outsider, who gives Corvo magical abilities. The game reacts to your choices - grim atmosphere by itself can be turned even darker by killing people or slightly lighter by not doing so. It is only a players choice what to do with his abilities. Basing on these actions the game will give you with two different endings of the story.",61.05,16.99,2010s,1,excellent,universal_acclaim
75,17540,Injustice: Gods Among Us Ultimate Edition,2013-11-12,2013.0,Action|Arcade|Fighting,Sci-Fi,Realistic,2D / 3D,Single & Multiplayer,1,Controller,NetherRealm Studios|High Voltage Software|Armature Studio,Warner Bros. Interactive,PlayStation 4|PS Vita|PC|Xbox 360|PlayStation 3,5.0,M — Mature (17+),3.53,80.0,1413.0,1418.0,9843.0,5.0,254.0,0.0,7952,898,26,567,46,354,Singleplayer|Steam Achievements|Multiplayer|Full controller support|Steam Cloud|Atmospheric|steam-trading-cards|Great Soundtrack|Story Rich|2D|Gore|Steam Leaderboards|Controller|Local Multiplayer|Competitive|Beat em up|3D Vision|2.5D|Comic Book|Superhero|2D Fighter|Batman,Steam|PlayStation Store,https://media.rawg.io/media/games/234/23410661770ae13eac11066980834367.jpg,http://www.injustice.com,injustice-gods-among-us-ultimate-edition,"Injustice: Gods Among Us Ultimate Edition is an extended version of fighting game Injustice: Gods Among Us based on the imaginary universe of DC Comics. The gameplay is made in a traditional fighting 2.5D manner: battles occur in a 2D perspective but all the characters and objects are 3D. All fights are held in one-on-one form, where each participant has two life scales. Game mechanics are simple: three different types of hits and a special ability are available for each character. Some on-map objects are interactive and can be also used in attack. The main action takes place in a universe, which is parallel to a DCs one, so occasionally clashes may look unusual. According to the storyline, Superman established dictatorship on Earth, and several Justice League members started resisting him. In the game, players are able to take control of favourite DC heroes and to participate in a war between Supermans domination and the rebellion led by Batman. The Ultimate Edition offers players 6 new characters, over 30 new skins, and 60 new S.T.A.R. Labs missions. Injustice: Gods Among Us is followed by the sequel Injustice 2.",51.87,5.68,2010s,1,good,generally_favorable
76,12536,Hellblade: Senuas Sacrifice,2017-08-07,2017.0,Action|Adventure|Indie,Horror,Realistic,3D,Singleplayer,0,Controller,Ninja Theory,Ninja Theory,Xbox One|Nintendo Switch|PlayStation 4|PC,4.0,M — Mature (17+),4.23,83.0,2267.0,2322.0,9817.0,6.0,33.0,1.0,5750,1872,198,489,808,700,Singleplayer|Steam Achievements|Full controller support|Steam Cloud|Atmospheric|steam-trading-cards|Story Rich|Third Person|Horror|Fantasy|Female Protagonist|Violent|Action-Adventure|Dark|Hack and Slash|Dark Fantasy|Realistic|Walking Simulator|Blood|Psychological|Mythology,PlayStation Store|GOG|Xbox Store|Nintendo Store|Steam,https://media.rawg.io/media/games/63f/63f0e68688cad279ed38cde931dbfcdb.jpg,http://www.hellblade.com/,hellblade-senuas-sacrifice,"A dark fantasy game that takes inspiration from Scandinavian and Celtic folklore, Hellblade is set in a gritty barbarian world full of weird wooden structures and creepily masked enemies. The player assumes the role of Senua, a traumatized female warrior from the Pict tribe. She suffers from a growing psychosis after her lover Dillion was brutally murdered by Vikings. Carrying his severed head, Senua sets out to Helheim, the underworld of the dead, to bring her lovers soul back. Her grim and bloody journey mirrors her descent into madness. It becomes increasingly difficult for her (and, thus, the player) to tell fact from fantasy, as she hears voices in her head and sees hallucinations. When not fighting her enemies, Senua has to solve puzzles to move forward. This is where her distorted perception actually comes out handy, enabling her to ""focus"" and see what regular people can not. The ghostly voices, recorded using the binaural method to create an eery effect, also help to guide Senua or to warn her about dangers. All of Senua movements, expressions and reactions were recorded through motion capture to make them more realistic and emotional.",57.61,10.12,2010s,1,excellent,generally_favorable
77,13633,Sid Meiers Civilization V,2010-09-21,2010.0,Strategy,Sci-Fi,Realistic,2D / 3D,Single & Multiplayer,1,Keyboard / Mouse,Aspyr Media|Firaxis,2K Games|Aspyr,PC|macOS|Linux,3.0,E10+ — Everyone 10+,4.3,90.0,2000.0,2010.0,9729.0,27.0,286.0,6.0,7361,1141,160,739,87,241,Singleplayer|Steam Achievements|Multiplayer|Steam Cloud|steam-trading-cards|Great Soundtrack|Co-op|cooperative|Classic|Tactical|Moddable|Turn-Based|Replay Value|Historical|Turn-Based Strategy|Economy|Grand Strategy|Touch-Friendly|Education|4X|Hex Grid|Diplomacy,App Store|Steam,https://media.rawg.io/media/games/55e/55ee6432ac2bf224610fa17e4c652107.jpg,http://www.civilization.com,civilization-v,"Real-time strategy genre has always been about domination over your opponent, and Civilization in general expanded on the concept. Civilization 5 allows players to pick one of the 43 civilizations available in, including DLCs and the expansions. After that players in single player or multiplayer games will place their first cities, which will act as capital, and begin the race. In order to win, players will have to meet one of the following conditions: - defeating every other existing nation through combat to get Domination Victory - building and launching a spaceship to get Science victory - completing the Utopia project by filling out 5 trees of social policies, to get Social Victory - winning a vote after establishing the United Nations, to get the Diplomatic victory - getting the highest score at the end of the time period, if no other win condition was reached, to get Time Victory. Every civilization is represented by one of the most influential historical figures and voiced in the language of that nation. Easy to pick up game mechanics of research, foraging, and building, allow the player to immerse themselves into the game atmosphere of continuous development.",58.38,8.87,2010s,1,excellent,universal_acclaim
78,430,Grand Theft Auto: Vice City,2002-10-27,2002.0,Action,Crime,Realistic,3D,Single & Multiplayer,1,Controller,Rockstar North,Rockstar Games,Android|macOS|PC|iOS|PlayStation 4|PS Vita|PlayStation 2|Xbox,8.0,M — Mature (17+),4.44,94.0,3021.0,3038.0,9719.0,2.0,90.0,12.0,5313,3017,56,890,172,271,Singleplayer|Multiplayer|Atmospheric|Great Soundtrack|Open World|Third Person|Partial Controller Support|Funny|Classic|Sandbox|Violent|Third-Person Shooter|Moddable|Mature|Crime|Driving|1980s|first person mod,PlayStation Store|Steam|Google Play|App Store,https://media.rawg.io/media/games/13a/13a528ac9cf48bbb6be5d35fe029336d.jpg,https://www.rockstargames.com/games/vicecity,grand-theft-auto-vice-city,"Grand Theft Auto: Vice City is a third-person shooter with an open world. The game is set in a fictional city during the 1980s and exhibits a unique design of locations, people, and objects, resembling the real worlds counterparts of Vice City, mainly Miami, FL. GTA: Vice City is a fourth game of the series, following Grand Theft Auto III. The main character is introduced as Tommy Vercetti, an Italian-American mobster who works for a wealthy crime family. Throughout the story, the player will observe as the protagonist rises the ranks, sometimes making decisions of questionable nobility or profit. Our goal as a player is to ensure that Vercetti becomes the boss of all of Vice Citys mafia, and various story characters will help us or prevent us from achieving this goal. The worlds of Grand Theft Auto series have long been worked upon and have been done in much detail, and Vice City is no different. The people on the sidewalks, the stylish cars and neon light clubs, the sky-high buildings and lively piers and beaches, everything will bring nostalgic feelings to those of players, whose eyes have seen the glory of this time. The gameplay, however, bears little difference from its predecessor, continuing the trend of big guns, explosions, and cop chases.",62.58,15.93,2000s,1,excellent,universal_acclaim
79,5583,Hitman: Absolution,2012-11-19,2012.0,Action|Shooter,Crime,Realistic,3D,Single & Multiplayer,1,Controller,IO Interactive,Square Enix|Io-Interactive,PlayStation 3|Xbox 360|macOS|PC|Xbox One|PlayStation 4,6.0,M — Mature (17+),3.75,79.0,1631.0,1644.0,9718.0,7.0,120.0,9.0,7094,1507,32,495,157,433,Singleplayer|Multiplayer|Atmospheric|Story Rich|Third Person|Partial Controller Support|Difficult|Stealth|Controller|Tactical|Third-Person Shooter|Replay Value|Cinematic|Crime|Linear|Assassin|Score Attack,PlayStation Store|Steam|Xbox 360 Store|GOG,https://media.rawg.io/media/games/d46/d46373f39458670305704ef089387520.jpg,https://www.ioi.dk/hitman-absolution/,hitman-absolution,"The direct sequel to the Hitman: Blood money, Absolution tells the story of Agent 47, the true intentions of his Agency and how top Agent became a renegade on the run. Unlike previous games in the series, players will get more linear and cinematic experience. The game revolves around objective-based missions, providing various methods of completion. Players can avoid direct confrontation by disguising themselves in other peoples uniforms and use environmental interactions to distract or kill unsuspecting targets. And in case of raising the alarm, players can try to rush the mission with the direct attack, using dozens of available weapons. Players can use special vision mechanic, called Instinct. It allows seeing through the solid surfaces in order to observe NPCs, items that can be interacted with and predict the movement of patrolling guards. Absolution provides players with additional challenges and collectibles in order to invite players to explore the maps.",52.93,8.66,2010s,1,good,generally_favorable
80,3144,Super Meat Boy,2010-10-20,2010.0,Indie|Platformer,Comedy,Pixel Art,2D,Singleplayer,0,Controller,NVIDIA Lightspeed Studios|Team Meat,Microsoft Studios|BlitWorks,Linux|Nintendo Switch|Wii U|Xbox 360|PlayStation 4|PS Vita|Android|Web|PC|macOS,10.0,Not Rated,3.98,87.0,1752.0,1763.0,9658.0,3.0,84.0,3.0,7093,776,89,1209,146,345,Singleplayer|Steam Achievements|Full controller support|steam-trading-cards|Great Soundtrack|2D|Funny|Gore|Difficult|Steam Leaderboards|Comedy|Pixel Graphics|Controller|Retro|Replay Value|Side Scroller|Fast-Paced|Level Editor|Time Attack|Precision Platformer,PlayStation Store|Steam|Xbox 360 Store|Nintendo Store|Google Play|Epic Games,https://media.rawg.io/media/games/e04/e04963f3ac4c4fa83a1dc0b9231e50db.jpg,http://www.supermeatboy.com,super-meat-boy,"Super Meat Boy is a fast-paced 2D platform game that rewards mechanical perfection and accuracy of controls. Meat Boy has to save Bandage Girl from Doctor Fetus, by completing the platforming challenges. The game has 5 main worlds, each consisting of 20 light levels, 20 dark and harder versions of those levels and a boss fight. Meat Boy has only one life and cannot take any damage, but there is no limit on attempts, so players can try and fail the stage until they get it right or collect special bandages. Unique replay system will show the player every try they made at the same time right after they completed the level. Super Meat boy has multiple characters, some of them are a different skin for Meat Boy and in-game adaptations of other indie-game protagonists, that can be unlocked by completing their special challenge levels, hidden somewhere in the campaign or by collecting set amount of bandages. Players will be able to choose any unlocked character for any level from the main menu. The game gives players access to the community created maps, but even without it Super Meat Boy offers more than 300 levels.",55.68,4.5,2010s,1,good,generally_favorable
81,4514,L.A. Noire,2011-05-17,2011.0,Action|Adventure,Crime,Realistic,3D,Singleplayer,0,Controller,Team Bondi,Rockstar Games,PlayStation 4|PlayStation 3|Xbox 360|PC|Xbox One|Nintendo Switch,6.0,M — Mature (17+),4.16,83.0,2046.0,2066.0,9652.0,7.0,332.0,0.0,6143,1567,130,739,492,581,Singleplayer|Atmospheric|RPG|Story Rich|Open World|Third Person|Partial Controller Support|Third-Person Shooter|Nudity|Mystery|Mature|Cinematic|Crime|3D Vision|Detective|Noir|Investigation,PlayStation Store|Steam|Nintendo Store|Xbox 360 Store|Xbox Store,https://media.rawg.io/media/games/e2d/e2d3f396b16dded0f841c17c9799a882.jpg,https://www.rockstargames.com/lanoire/,la-noire,"After the end of World War 2 long needed peace has been reached and should be protected, so Cole Phelps, a decorated war veteran, returns to Los Angeles, California to his wife and joining the LAPD. Neo-noir action-adventure, L.A. Noire allows players to solve crime cases through collecting clues, collecting witness statements and interrogation. Highly detailed facial animation allows players to detect the exact emotion witness or suspect is expressing, and it can become a leading hint in a case. Slow and meticulous crime solving is broke up by fast-paced action scenes including car chases, gunfights and hand to hand combat. After every case players performance will be graded by 1-5 star rating, depending on how they acted during interrogations and how well they searched for the clues. Aside from the main story cases, detective Cole can be involved into optional side-investigations, known as Street Crimes.",56.41,9.62,2010s,1,excellent,generally_favorable
82,362,For Honor,2017-02-13,2017.0,Action|Massively Multiplayer,Historical,Realistic,3D,Single & Multiplayer,1,Controller,Ubisoft|Ubisoft Montreal|Ubisoft Toronto|Ubisoft Quebec|Blue Byte,Ubisoft Entertainment,Xbox One|PlayStation 4|PC,3.0,M — Mature (17+),3.3,76.0,1672.0,1681.0,9651.0,8.0,425.0,0.0,7310,358,100,1150,122,611,Singleplayer|Multiplayer|Atmospheric|steam-trading-cards|RPG|Co-op|Story Rich|cooperative|Third Person|Partial Controller Support|Online Co-Op|Fantasy|Gore|Online multiplayer|PvP|Hack and Slash|War|Realistic|Medieval|MOBA|Swordplay,Xbox Store|Steam|PlayStation Store|Epic Games,https://media.rawg.io/media/games/4e0/4e0e7b6d6906a131307c94266e5c9a1c.jpg,http://forhonorgame.com/,for-honor,"For Honor is an action game developed by Ubisoft Montreal. The game mixes the element of fighting and hacks and slashes with a heavy focus on multiplayer. ###Plot and setting The game takes place in the medieval fantasy world and follows the conflict between three factions: the Iron Legion, the Chosen, and the Warborn. Each fraction represents a specific medieval culture: knights, samurai, and Vikings respectively. ###Gameplay The gameplay incorporates elements of the hack-and-slash and fighting game. The player can choose from more than 12 different characters from each of the fractions. The all have their unique moves, weapons, characteristics, abilities, and executions. The fighting system is based on the duel between players. It incorporates the variety of moves such as attacks from different angles, blocks, dodges, stuns, counterattacks, unblockable attacks, and faints. Each character has its progression system which allows one to gain new perks, upgrade weapons, armor as well as the increase in rank that affects matchmaking process. There are six multiplayer modes: they primarily differ from each other by the number of the players involved in the conflict. The multiplayer modes do not feature any PvE battles the leftovers are team elimination, flag capture and one on one battles.",50.52,3.69,2010s,1,average,generally_favorable
83,3841,Assassins Creed IV: Black Flag,2013-10-29,2013.0,Action,Historical,Realistic,3D,Single & Multiplayer,1,Controller & Keyboard/Mouse,Ubisoft|Ubisoft Montreal|Ubisoft Toronto|Ubisoft Bucharest,Ubisoft Entertainment,Xbox 360|Xbox One|PC|Nintendo Switch|Wii U|PlayStation 3|PlayStation 4,7.0,M — Mature (17+),4.15,85.0,2592.0,2614.0,9615.0,25.0,454.0,21.0,5290,2779,118,690,268,470,Singleplayer|Multiplayer|Atmospheric|RPG|Story Rich|Open World|Third Person|Exploration|Sandbox|Stealth|Action-Adventure|Action RPG|Mature|Historical|Parkour|Assassin|Pirates|Naval,PlayStation Store|Steam|Xbox Store|Xbox 360 Store|Nintendo Store,https://media.rawg.io/media/games/849/849414b978db37d4563ff9e4b0d3a787.jpg,http://www.assassinscreed.com,assassins-creed-iv-black-flag,"Assasins Creed IV: Black Flag is a pirate game. Being the fourth numbered instalment in the series, the story follows a new protagonist, Edward Kenway, who tries to build his Pirate Republic. Help legendary pirates like ""Blackbeard"", Charles Vane and other well-known pirates establish their empire while fighting the mystery of the Observatory - something very valuable for the Templars. Also, you will have to continue your infiltration in Abstergo and discover some new details about itself. Although being in the Assasins Creed series, the game provides you with some new mechanics. Giving the player full control of the ship, you will have to cross the open-world sea and fight for your piracy. Ships will be sinking, destroyed and massacred. If you prefer exploring, a whole new underwater world is ready for you with its beauty and danger lurking in the streams of Carribeans. Experience the pirate life at its best. (?) (needs a better ending)",58.23,17.76,2010s,1,excellent,generally_favorable
84,58812,Control,2019-08-27,2019.0,Action|Shooter|Adventure,Sci-Fi,Realistic,3D,Singleplayer,0,Controller,505 Games|Remedy Entertainment,505 Games,Xbox Series S/X|PlayStation 5|Xbox One|PlayStation 4|PC,5.0,M — Mature (17+),4.15,84.0,1981.0,2027.0,9560.0,6.0,358.0,1.0,5392,1674,277,532,960,725,Singleplayer|Full controller support|Atmospheric|Third Person|Sci-fi|Exploration|Female Protagonist|Action-Adventure|Cinematic|Metroidvania|3rd-Person Perspective|Detective|Supernatural|Abstract|realism|paranormal,PlayStation Store|GOG|Steam|Xbox Store|Epic Games,https://media.rawg.io/media/games/253/2534a46f3da7fa7c315f1387515ca393.jpg,https://www.controlgame.com,control,"Control is a surrealist low-fantasy game about a secret organization that deals with the paranormal activities. ###Plot The game follows Jesse Faden, a woman with superhuman powers. She works with the Federal Bureau of Control, a secret governmental organization that deals with the paranormal phenomena, often by annihilating it as a threat. The Bureau headquarters, known as the Oldest House, is taken over by a supernatural power called the Hiss. The director of Bureau, Zachariah Trench, is killed, and Faden is unexpectedly promoted to his place, while the ghost of her predecessor haunts her. She has to travel the endless corridors of the Oldest House and defeat the Hiss using magical Directors Pistol. ###Setting Most of the game takes place in the FBC building, which is a high-rise on Manhattan. The Oldest House is a non-euclidian space, which is larger on the inside. Its corridors and rooms change shape and positions depending on the rituals its inhabitants perform. The Oldest House stores the magical artifacts called Altered Items. ###Gameplay The player controls Faden from the third person view. To defeat her enemies, she uses various superhuman powers, such as telekinesis or levitation. She also wields the shape-shifting Directors Pistol and the magic artifacts she can obtain as a reward for completing quests. Jesses skills grow throughout the game. There is no multiplayer mode.",56.22,10.24,2010s,1,excellent,generally_favorable
85,257201,Star Wars Jedi: Fallen Order,2019-11-15,2019.0,Action|Adventure,Crime,Realistic,3D,Singleplayer,0,Controller,Respawn Entertainment,Electronic Arts,PlayStation 4|PC|PlayStation 5|Xbox One,4.0,T — Teen (13+),4.14,80.0,2234.0,2297.0,9536.0,8.0,154.0,8.0,5333,2173,271,452,856,451,Singleplayer|Full controller support|Atmospheric|Story Rich|Third Person|Sci-fi|Difficult|Exploration|Space|Hack and Slash|Metroidvania|3rd-Person Perspective|Heist|Souls-like|Star Wars|ea play|cinema|lightsaber|Singe-player,Epic Games|Steam|PlayStation Store|Xbox Store,https://media.rawg.io/media/games/559/559bc0768f656ad0c63c54b80a82d680.jpg,https://www.ea.com/games/starwars/jedi-fallen-order,jedi-the-fallen-order,"Cal Kestisone of the last surviving members of the Jedi Order after the purge of Order 66is now a Padawan on the run. Star Wars Jedi: Fallen Order is an action-adventure game set after Star Wars: Episode III Revenge of the Sith. Develop your Force abilities, hone your lightsaber techniques, and explore the ancient mysteries of a long-lost civilizationall while staying one step ahead of the Empire and its deadly Inquisitors. an",56.05,12.48,2010s,1,excellent,generally_favorable
86,11934,Counter-Strike: Source,2004-11-01,2004.0,Shooter,Horror,Realistic,3D,Single & Multiplayer,1,Keyboard / Mouse,Valve Software,Valve,Linux|macOS|PC,3.0,M — Mature (17+),3.75,88.0,1510.0,1516.0,9517.0,7.0,147.0,5.0,7602,679,58,974,19,185,Singleplayer|Steam Achievements|Multiplayer|Steam Cloud|Atmospheric|First-Person|FPS|Difficult|Sandbox|Survival|Tactical|stats|PvP|Cross-Platform Multiplayer|Moddable|War|Team-Based|Military|Competitive|Valve Anti-Cheat enabled|Includes Source SDK|e-sports,Steam,https://media.rawg.io/media/games/48e/48e63bbddeddbe9ba81942772b156664.jpg,https://rawg.io/games/counter-strike-source,counter-strike-source,"Counter-Strike: Source is the third entry of the big franchise of competitive shooters. Based on a modification to the original Valve game Half-Life, Counter-Strike: Source has no plot yet fully concentrating on a competitive part of the gameplay. With two opposing teams, Counter Terrorist and Terrorist, each side has a unique set of weapons to choose. Having a big variety for a player, you can select a gun for your particular style of gameplay. Pistols, shotguns, rifles or machine guns are available in the game for a certain price you can earn by winning each round. You can win by successful bombing the target or defusing the bomb, eliminate the whole enemy team or by rescuing hostages. A big choice of game modes also aids plenty amount of maps. You can have a standard match, deathmatch, gun game or jumping challenges. In Counter-Strike: Source anyone can find something for himself.",54.03,4.55,2000s,1,good,generally_favorable
87,4570,Dead Space (2008),2008-10-13,2008.0,Action|Shooter,Horror,Realistic,3D,Singleplayer,0,Controller,Electronic Arts|Visceral Games|Electronic Arts Redwood Shores,Electronic Arts,PlayStation 3|PC|Xbox One|Xbox 360,4.0,M — Mature (17+),4.38,86.0,2173.0,2192.0,9446.0,3.0,89.0,4.0,5999,2100,54,560,272,461,Singleplayer|Full controller support|Atmospheric|RPG|Story Rich|Third Person|Sci-fi|Horror|Gore|Survival|Third-Person Shooter|Dark|Space|Zombies|Survival Horror|controller support|Futuristic|Aliens|Silent Protagonist,PlayStation Store|Xbox Store|Steam|GOG|Xbox 360 Store,https://media.rawg.io/media/games/ebd/ebdbb7eb52bd58b0e7fa4538d9757b60.jpg,http://deadspace.ea.com/agegate.aspx?returnURL=/Default.aspx,dead-space,"Dead Space is a third-person shooter with horror elements. Playing as Isaac Clarke, the systems engineer, players will be isolated on the spaceship USG Ishimura after the crew was slaughtered by mindless Necromorphs after the failed investigation of the distress signal. Now Isaac not only has to escape but uncover the dark secrets of Ishimura, while looking for the clues about the whereabouts of his girlfriend Nicole. Dead Space accents the survival aspect of the game, by keeping minimal UI and keeping HUD on the armor, making sure that the players can see the corners of the screen. Only weapons Isaac has access to are his engineer tools, which can all be upgraded with the limited supplies. Dead Space introduces a new variant of zombies called Necromorphs, that are highly mobile and instead of aiming for the head, players will be asked to attack the limbs, in order to incapacitate and slow them down, eventually killing them.",57.87,11.61,2000s,1,excellent,generally_favorable
88,2462,Uncharted 4: A Thiefs End,2016-05-10,2016.0,Action|Shooter,Crime,Realistic,3D,Not Specified,0,Controller,Naughty Dog,Sony Computer Entertainment,PlayStation 5|PlayStation 4,2.0,T — Teen (13+),4.49,93.0,3642.0,3680.0,9422.0,3.0,408.0,7.0,4816,3338,103,170,580,415,Atmospheric|Action-Adventure|3rd-Person Perspective,PlayStation Store,https://media.rawg.io/media/games/709/709bf81f874ce5d25d625b37b014cb63.jpg,https://www.unchartedthegame.com/en-us/games/uncharted-4/,uncharted-4-a-thiefs-end,"Uncharted 4 is the final installment in the Uncharted series. The story follows Nathan Drake for the last time as he now searches for Captain Henry Averys treasure. Introducing new characters such as Samuel Drake, with Sam and Sully Nathan agrees to find the treasure of the Gunsway heist in 1695. As antagonists, Nathan must face Rafe Adler and Nadine Ross while they are also trying to find this treasure and Nathan must face details about Sams past. Now changing the games concept, Naughty Dog made locations much bigger and more explorable. Expanding the story behind Henry Averys actions in history the story once again feels like Indiana Jones kind of adventure. The grappling hook, climbing on rocks and mountains, or diving from the top, Nathan still engages into hand to hand combat with his enemies as well as using firearms. Nolan North, Emily Rose, and Richard McGonagle return to the final installment in the series to say farewell to the story of Nathan Drake for the last time.",63.78,19.1,2010s,1,excellent,universal_acclaim
89,4806,Mass Effect 2,2010-01-26,2010.0,Action|RPG,Sci-Fi,Realistic,3D,Singleplayer,0,Controller & Keyboard/Mouse,BioWare,Electronic Arts,PC|Xbox One|PlayStation 3|Xbox 360,4.0,M — Mature (17+),4.46,94.0,3019.0,3042.0,9375.0,22.0,121.0,6.0,5167,3092,54,260,331,471,Singleplayer|Atmospheric|Great Soundtrack|RPG|Story Rich|Third Person|Sci-fi|Classic|Female Protagonist|Action RPG|Third-Person Shooter|Space|Character Customization|Choices Matter|Cinematic|Real-Time with Pause|Romance,Xbox Store|PlayStation Store|Steam|Xbox 360 Store,https://media.rawg.io/media/games/3cf/3cff89996570cf29a10eb9cd967dcf73.jpg,http://masseffect.bioware.com/,mass-effect-2,"Mass Effect II is a sequel to Mass Effect one, following the story of Captain Shepard in his or her journey in saving the Galaxy from Reapers. Just after the fight against Saren, Shepard dies and drifts in open space. Being collected by Cerberus and the lead man, The Illusive Man, Shepard has to investigate attacks on human colonies around the Milky Way, and discover that now the Reapers using some new insectoid called the Collectors. You can choose from different classes to play, for example, a Soldier, Adept or Vanguard. A cover system is the main mechanic in the fight, as you have to think about fighting your enemy strategically. Your talents have a global CDR, so choose wisely. With one little addition, now your weapon has a loaded magazine of bullets, and you can run out of ammo if not using your weapon properly. BioWare sticks to the tradition of dialogue and reputation system, as your actions still affect your position in the world. If you act like a hero and help everyone you meet, people will like you and your reputation will be Paragon. Do the exact opposite and a Renegade. Whom will you be?",62.03,18.62,2010s,1,excellent,universal_acclaim
90,3017,Just Cause 3,2015-11-30,2015.0,Action|Shooter,Sci-Fi,Realistic,3D,Single & Multiplayer,1,Controller,Square Enix|Avalanche Studios,Square Enix,Xbox One|PlayStation 4|PC,3.0,M — Mature (17+),3.4,74.0,1564.0,1576.0,9337.0,7.0,368.0,4.0,6974,798,72,861,169,463,Singleplayer|Steam Achievements|Multiplayer|Full controller support|Atmospheric|steam-trading-cards|Great Soundtrack|RPG|Co-op|Open World|cooperative|Third Person|Funny|Exploration|Sandbox|Comedy|Third-Person Shooter|Moddable|Physics|Parkour|Destruction,PlayStation Store|Xbox Store|Steam,https://media.rawg.io/media/games/5bb/5bb55ccb8205aadbb6a144cf6d8963f1.jpg,https://justcause.com/,just-cause-3,"Just Cause 3 is an open-world action adventure with the large locus on freedom of exploring. It is the thirds title in the Just Cause series produced by Avalanche Studios, preceded by the first two numerical parts and having the 4th part not yet released as its successor. Rico Rodriguez is the protagonist of the game, who is continually being forced to deal with bandits and dictators somewhere in the Mediterranean. The events of the third game in the series take place 6 years after the second installment. Any game of this category is strongly associated with complete freedom of roaming, and the third part pushes all the metrics up: you now have 1 000 square kilometers of space to wander around and upgraded hook which has allowed you continuously to overcome any obstacle. The grappling hook works like a universal tool: you may drag your enemies closer Skorpion-style, climb mountains and cling to foes cars. Not only tools but physics provide unique exploring experience the key word for them is an exaggeration for any event in the game looks like it was cut straight out of an action movie.",49.65,5.87,2010s,1,average,mixed
91,3604,Metro: Last Light Redux,2014-08-25,2014.0,Action|Shooter,Horror,Realistic,3D,Single & Multiplayer,1,Controller,Deep Silver|4A Games|Fishlabs Entertainment,Deep Silver|Koch Media|FISHLABS,Nintendo Switch|PC|Linux|Xbox One|PlayStation 4|macOS,6.0,Not Rated,4.13,76.0,1675.0,1695.0,9292.0,7.0,269.0,0.0,6481,1703,41,199,172,696,Singleplayer|Steam Achievements|Multiplayer|Full controller support|Steam Cloud|Atmospheric|steam-trading-cards|Story Rich|Open World|First-Person|Sci-fi|Horror|FPS|Difficult|Survival|Stealth|Nudity|Survival Horror|Post-apocalyptic|overlay|Remake|Based On A Novel,Nintendo Store|PlayStation Store|Steam|GOG|Xbox Store|App Store|Epic Games,https://media.rawg.io/media/games/7a4/7a45e4cdc5b07f316d49cf147b083b27.jpg,http://www.enterthemetro.com,metro-last-light-redux,"It is the sequel to the game Metro 2033. Both games are based on the world of Dmitry Glukhovskys novel Metro 2033 - in post-apocalyptic Moscow, in the tunnels of subway lines groups of very different people survive. And not only people. There are mutated people there, and mutated animals. They are distinguished by unusual abilities, but even more - behaviour strategies. In the struggle for the remnants of resources, all these beings spend their gloomy days. All characters use unusual and unexpected means for life and war. Something is created from the remnants of a past, normal life, something has already appeared in a new, changed world. Locations are struck by an unusual synthesis of the ruins of a known world and traces of a catastrophe. From the previous game Metro: Last Light differs, according to general opinion, by careful work on the remarks and shortcomings of the previous game. The set of weapons is significantly expanded, the technologies of Metro 2033 have become more developed. The game has two fundamentally different endings and five additions.",53.2,10.49,2010s,1,excellent,generally_favorable
92,3543,Borderlands: The Pre-Sequel,2014-10-13,2014.0,Action|Shooter|RPG,Sci-Fi,Realistic,3D,Single & Multiplayer,1,Controller,Aspyr Media|2K|Gearbox Software|2K Australia,2K Games|Aspyr,Linux|macOS|PC|PlayStation 3|Xbox 360|Android,6.0,Not Rated,3.56,75.0,1367.0,1376.0,9267.0,6.0,196.0,7.0,6893,866,76,537,146,749,Singleplayer|Steam Achievements|Multiplayer|Full controller support|Steam Cloud|Atmospheric|steam-trading-cards|RPG|Co-op|Open World|cooperative|First-Person|Sci-fi|FPS|Online Co-Op|Funny|Female Protagonist|Comedy|Action RPG|Space|Memes|Loot,Steam|Xbox 360 Store|PlayStation Store|Google Play|App Store,https://media.rawg.io/media/games/530/5302dd22a190e664531236ca724e8726.jpg,http://borderlandsthegame.com/,borderlands-the-pre-sequel,"The game belongs to the Borderlands game line, its action takes place between the events of Borderlands and Borderlands 2. Everything happens on the moon of Pandora - Elpis. The story tells about the formation of Hyperion Corporation and the fate of its head - Handsome Jack, whom we meet while in the role of a simple programmer who dreams to find some valuable artifact. In the game there are various innovations - in the plot, in the characters, in the scenarios of missions and in the setting. For example, on the Pandora satellite, gravity is much weaker, but there is no oxygen at all. Therefore, the task of obtaining oxygen becomes very important for everyone. Moreover, oxygen is needed not only for breathing, but also for the functioning of personal jetpacks and long high jumps. In the game there is another additional story and downloadable content, including new characters and story campaigns.",49.82,5.71,2010s,1,good,generally_favorable
93,50738,Death Stranding,2019-11-08,2019.0,Action|Adventure,Crime,Realistic,3D,Singleplayer,0,Controller,Kojima Productions,Sony Interactive Entertainment|505 Games,PC|PlayStation 4,2.0,M — Mature (17+),4.32,84.0,2057.0,2111.0,9258.0,11.0,288.0,1.0,4709,1546,371,501,1387,744,Singleplayer|Atmospheric|Great Soundtrack|Story Rich|Open World|Third Person|Sci-fi|Partial Controller Support|Horror|Exploration|Survival|Stealth|Action-Adventure|Nudity|Post-apocalyptic|Cinematic|Aliens|Memes|Walking Simulator|3rd-Person Perspective|Drama|Heist|Masterpiece,Xbox Store|PlayStation Store|Epic Games|Steam,https://media.rawg.io/media/games/2ad/2ad87a4a69b1104f02435c14c5196095.jpg,https://www.kojimaproductions.jp/en/death-stranding-pc,death-stranding,"Sam Bridges must brave a world utterly transformed by the Death Stranding. Carrying the stranded remnants of the future in his hands, Sam embarks on a journey to reunite the shattered world one step at a time. What is the mystery of the Death Stranding? What will Sam discover on the road ahead? A genre defining gameplay experience holds these answers and more. Experience a journey like nothing before it, from legendary game creator Hideo Kojima. Take control of working man Sam Bridges, as he braves a deadly and mysterious world where deaths tide lurks everywhere. Featuring an all-star cast, including Norman Reedus, Mads Mikkelsen, Lindsay Wagner, La Seydoux and Guillermo del Toro, Death Stranding is a unique and unforgettable game.",56.57,10.05,2010s,1,excellent,generally_favorable
94,19301,Counter-Strike,2000-11-01,2000.0,Action|Shooter,Horror,Realistic,3D,Multiplayer,1,Controller & Keyboard/Mouse,Valve Software|Turtle Rock Studios|Ritual Entertainment|Barking Dog Studios,Valve|Sierra On-Line|Microsoft Game Studios,Xbox|Linux|macOS|PC,4.0,Not Rated,4.05,88.0,1614.0,1621.0,9256.0,3.0,0.0,5.0,7040,925,50,1066,21,154,Multiplayer|First-Person|FPS|Classic|Survival|Tactical|PvP|Team-Based|Military|Competitive|Valve Anti-Cheat enabled|1990s|Assassin|1980s|Ninja|Score Attack|e-sports,Steam,https://media.rawg.io/media/games/9c4/9c47f320eb73c9a02d462e12f6206b26.jpg,https://www.counter-strike.net,counter-strike,"Counter-Strike franchise started in back in 2000. Originated as a mod for Half-Life, the developers were signed by Valve Corporation thus beginning the franchise that exists to this very day. Having no particular plot or story at all, Counter-Strike was a competitive game mostly used as PvP. With new physics and a large amount of weaponry, you can choose between two fractions - Counter-Terrorists and Terrorists. Each team had their signature weapon (CTs had M16 while T had AK-47, for example), the main goal of every round was to kill the opposite team or fulfil a task. In case there is a bomb plant - detonate or prevent, hostages - rescue or prevent from it or assassination. One player from the team is chosen as a VIP person that must be protected, and the goal of the opposite team is to kill this VIP. By winning every round, you received a good payment, by loosing - much lesser one. You can spend cash on buying equipment and weapon. Counter-Strike franchise is still loved to this day, and even such old shooters live to this day.",55.05,5.24,2000s,1,excellent,generally_favorable
95,3603,Metro 2033 Redux,2014-08-25,2014.0,Action|Shooter,Horror,Realistic,3D,Single & Multiplayer,1,Controller,Deep Silver|4A Games|Fishlabs Entertainment,Deep Silver|Koch Media|FISHLABS,PlayStation 4|Xbox One|Nintendo Switch|PC|macOS|Linux,6.0,M — Mature (17+),4.1,88.0,1896.0,1915.0,9200.0,6.0,532.0,0.0,6139,1906,94,284,187,590,Singleplayer|Steam Achievements|Multiplayer|Full controller support|Steam Cloud|Atmospheric|steam-trading-cards|Story Rich|Open World|First-Person|Horror|FPS|Gore|Classic|Survival|Stealth|Dark|Survival Horror|Post-apocalyptic|Mature|overlay|Remake|online|city|Based On A Novel|fire|light,Epic Games|Nintendo Store|PlayStation Store|Xbox Store|Steam|GOG|App Store,https://media.rawg.io/media/games/4fb/4fb548e4816c84d1d70f1a228fb167cc.jpg,http://www.enterthemetro.com/,metro-redux,"Metro 2033 Redux is a rebuilt extended version of the original post-apocalyptic first-person action shooter Metro 2033. The game saved its pace and atmosphere of the gone world and except numerous technical issues, added several survival elements to the gameplay. The main plot is based on Dmitry Glukhovskys book Metro 2033. According to the storyline, the Earth was devastated by the nuclear war, and only a few people were able to survive hiding in the underground warehouses. Players assume the role of Artem, 20-year-old inhabitant of Moscow underground, whose aim is to learn more about the anomalies called the Dark Ones. With the remastered version of the game developers added some visual effects: new high-quality textures, shaders, dynamic light and weather (on the surface) systems. The gameplay was also extended with various realistic features like bots intelligence and collectible resources count. Within the game, players face two new difficulty settings (Survival and Spartan), which are expected to improve the gaming experience.",55.93,12.33,2010s,1,excellent,generally_favorable
96,13535,Left 4 Dead,2008-11-17,2008.0,Action|Shooter,Horror,Realistic,3D,Single & Multiplayer,1,Controller,Valve Software|Turtle Rock Studios,Electronic Arts|Valve,PC|Xbox 360|macOS,3.0,M — Mature (17+),4.1,89.0,1678.0,1690.0,9179.0,5.0,138.0,2.0,6701,1623,32,512,78,233,Singleplayer|Steam Achievements|Multiplayer|Full controller support|Steam Cloud|Atmospheric|Co-op|cooperative|First-Person|Horror|FPS|Online Co-Op|Steam Leaderboards|Female Protagonist|Survival|Tactical|stats|Zombies|Moddable|Post-apocalyptic|Captions available|Replay Value|Team-Based|Competitive|Valve Anti-Cheat enabled|Commentary available|Includes Source SDK,Steam|Xbox 360 Store,https://media.rawg.io/media/games/476/476178ef18ab0534771d099f51cdc694.jpg,http://www.l4d.com/,left-4-dead,"Left 4 Dead is set in a zombie apocalypse situation. You play as one of four different characters - Louis, Zoe, Bill or Francis - and try to go to safety zones at each of the levels or leaving the infected areas. The main story follows four protagonists in their attempts to escape the hordes of zombies and other infected mutants. Every single time though something goes wrong. At every single chapter, players must defend themselves from a horde of zombies as well as completing different tasks in order to leave the location - power up the generator, contact military service via radio or some other objects. Every level you start in a safe room with melee and firearms weapon, like UZI, Katana, AK-47, supplies and medicaments like the first-aid kit which will heal you or your partner and painkillers which will give you some amount of health that you will lose over time. Ordinary zombies are not the only enemies you are going to face, as Smokers, Hunters, Tanks and other mutated monsters are about to stop you from getting to the end of the level.",55.49,9.63,2000s,1,excellent,generally_favorable
97,11142,BioShock 2 Remastered,2016-09-15,2016.0,Action|RPG,Horror,Realistic,3D,Single & Multiplayer,1,Controller,Digital Extremes|2K Australia|2K Marin|Virtuos|2K China|Blind Squirrel,2K Games|Take Two Interactive,PlayStation 4|macOS|PC|Xbox One|Nintendo Switch,5.0,M — Mature (17+),4.0,82.8,1002.0,1010.0,9123.0,4.0,117.0,0.0,7027,829,35,199,159,874,Singleplayer|Steam Achievements|Multiplayer|Full controller support|Steam Cloud|Atmospheric|RPG|Story Rich|First-Person|Sci-fi|Horror|FPS|Dystopian|Steampunk,Epic Games|PlayStation Store|Nintendo Store|Steam|GOG,https://media.rawg.io/media/games/7c4/7c448374df84b607f67ce9182a3a3ca7.jpg,https://2k.com/en-US/game/bioshock-the-collection,bioshock-2-remastered,"Bioshock 2 is a shooter with RPG elements, centered around resource-management to a great extent: more like an RPG than a shooter. The game is made by 2K studios and represents the final part of a dystopia dilogy preceded by the original Bioshock. Its successor is Bioshock Infinite. You play as Big Daddy a giant mech with a drill replacing one of the hands. The game, while they both are telling the story of a charming Rapture the city descended from Orwells and Zamyatins pages where the societys greatest mind have suffered a severe decline. The central feature of the game is the unique abandoned citys aesthetics minding the time Bioshock 2 is still a beautiful title, with detailed drawn water and strange surroundings, never mind the variety of foes. The remaster introduces a 4k resolution it is now more enjoyable to explore Rapture and enjoy its various landscapes and sea-filled quarters. Among the other features: high-res textures and a set of Protector Trials, which can give the player freakish weaponry and ammunition.",51.85,5.2,2010s,1,excellent,generally_favorable
98,3747,Metal Gear Solid V: Ground Zeroes,2014-03-18,2014.0,Action|Shooter,Sci-Fi,Realistic,3D,Singleplayer,0,Controller,Kojima Productions,Konami,Xbox 360|PC|PlayStation 3|PlayStation 4|Xbox One,5.0,Not Rated,3.9,80.0,1704.0,1711.0,9092.0,3.0,134.0,0.0,6504,1688,38,238,209,415,Singleplayer|Steam Achievements|Full controller support|Steam Cloud|Atmospheric|Great Soundtrack|Story Rich|Open World|Third Person|Steam Leaderboards|Classic|Sandbox|Comedy|Stealth|Tactical|Third-Person Shooter|Dark|Replay Value|Short|Cinematic|Cold War,PlayStation Store|App Store|Xbox Store|Steam|Xbox 360 Store,https://media.rawg.io/media/games/7ac/7aca7ccf0e70cd0974cb899ab9e5158e.jpg,http://www.konami.jp/mgs5/gz/certification.php5,metal-gear-solid-v-ground-zeroes,"Metal Gear Solid V: Ground Zeroes is a standalone prologue for the main entry of the series, Phantom Pain. As Snake now is the Big Boss, Ground Zeroes follows Peace Walker entry some little time after it. Considering that Paz Ortega Andrade has died, MSF starts to work in different ways when suddenly there is information that Paz is being detained by Camp Omega on Cuba. The situation becomes even worse when Ricardo ""Chico"" Libre is sent for rescue and being captured as well. Snake is now headed to Cuba to save them or confirm their deaths. Still being a stealth action game, spotting system has been changed in Ground Zeroes, as now there is now meters, and the player must navigate through his eyes and ears to understand if hes been spotted. Reflex Mode is also added to the game. When the player is spotted, there is a little gap of time in slow-motion to kill the enemy before he alarms everyone around him. As well now the iDroid system in the game can be connected to your phones in order to have a look at an in-game map.",52.8,9.9,2010s,1,good,generally_favorable
99,108,Mortal Kombat X,2015-04-07,2015.0,Action|Fighting,Horror,Realistic,2D / 3D,Single & Multiplayer,1,Controller,Warner Bros. Interactive|NetherRealm Studios|High Voltage Software,Warner Bros. Interactive,PC|Xbox One|PlayStation 4,3.0,M — Mature (17+),3.86,76.0,2096.0,2106.0,8984.0,7.0,516.0,22.0,6454,1227,130,834,123,216,Singleplayer|Steam Achievements|Multiplayer|Full controller support|Steam Cloud|Atmospheric|steam-trading-cards|Great Soundtrack|Third Person|Horror|Online Co-Op|Fantasy|Gore|Steam Leaderboards|Female Protagonist|Violent|Local Multiplayer|Mature|Competitive|Blood|2.5D|2D Fighter,App Store|PlayStation Store|Xbox Store|Steam|Google Play,https://media.rawg.io/media/games/aa3/aa36ba4b486a03ddfaef274fb4f5afd4.jpg,http://www.mortalkombat.com,mortal-kombat-x,"Mortal Kombat X is a fighting game involving 1x1 encounters. The game is the part of a massive Mortal Kombat franchise which originates in 1992 being one of the first fighting games. The MK universe includes films, literature, and TV-shows, let alone dozens of games. The game features unique abilities throughout all of the series titles. Fatality the final death blow was introduced in the first section and have made its way to the Mortal Kombat X. The new piece of a franchise, nevertheless, implements newer mechanics such as X-Ray a sharp blow delivered when the respective scale is fulfilled and breaking combos, utilizing the same bar but allowing a player to defend themselves. The storyline of a game lists is superb, and every new title brings enrichment into it. Mortal Kombat X tells a story of a self-titled tournament in the NetherRealm a place somewhere between the land of the living and dead. The victor was supposed to become a NetherRealms curator up until the next round of a championship. The MK X features 24 fighters with expending the list up to 33 playable characters thanks to two DLCs.",52.74,8.84,2010s,1,good,generally_favorable
100,3636,The Last Of Us Remastered,2014-07-29,2014.0,Action|Adventure,Horror,Realistic,3D,Multiplayer,1,Controller,Naughty Dog,Sony Computer Entertainment,PlayStation 4,1.0,M — Mature (17+),4.69,95.0,2835.0,2864.0,8943.0,16.0,270.0,0.0,5472,2593,167,214,234,263,Multiplayer|Atmospheric|Survival|Stealth|Action-Adventure|Action RPG|Zombies|exclusive|3rd-Person Perspective,PlayStation Store,https://media.rawg.io/media/games/364/3642d850efb217c58feab80b8affaa89.jpg,https://www.playstation.com/en-us/games/the-last-of-us-remastered-ps4/,the-last-of-us-remastered,"The Last of Us is a post-apocalypse 3rd person adventure with a distinct focus on naturalness and photorealistic graphics. It is the first title in the IP, followed by the second part, coming out in 2019 by Naughty Dog, mostly known for Crash Bandicoot and Uncharted series. You play as Joel, delivering small requests in America, the year 2033, precisely 20 years after Cordyceps fungus catastrophe which have turned human hosts into infected shrooms. Your next quest is to deliver 14 years-old Ellie, immune to the virus to the hospital in the other end of a state. It is a usual story of two characters getting along throughout their journey. You need to fight fungus infected and usual soldiers, patrolling the territory ammo and health are of the essence here, because it is post-apocalypse and everyone is short of resources. You face multiple encounters with bosses, various traps, and numerous puzzles. Let alone the number of collectibles telling a complete story of an epidemic world.",61.85,16.56,2010s,0,masterpiece,universal_acclaim
101,274755,Hades,2020-09-17,2020.0,Action|Adventure|RPG|Indie,Mythology,Realistic,2D,Singleplayer,0,Controller,Supergiant Games,Supergiant Games,PlayStation 5|Xbox Series S/X|PlayStation 4|Nintendo Switch|PC|Xbox One,6.0,T — Teen (13+),4.43,93.0,2005.0,2046.0,8930.0,10.0,298.0,1.0,5219,1373,496,647,725,470,Singleplayer|Full controller support|Atmospheric|Great Soundtrack|RPG|Story Rich|2D|Fantasy|Action-Adventure|Action RPG|Early Access|Hack and Slash|Replay Value|Roguelike|Isometric|Roguelite|Dungeon Crawler|Hand-drawn|Perma Death|dungeons,Steam|Nintendo Store|Epic Games|PlayStation Store|Xbox Store,https://media.rawg.io/media/games/1f4/1f47a270b8f241e4676b14d39ec620f7.jpg,https://www.supergiantgames.com/games/hades/,hades-2018,"Hades is a rogue-like dungeon crawler that combines the best aspects of Supergiants critically acclaimed titles, including the fast-paced action of Bastion, the rich atmosphere and depth of Transistor, and the character-driven storytelling of Pyre. BATTLE OUT OF HELL As the immortal Prince of the Underworld, youll wield the powers and mythic weapons of Olympus to break free from the clutches of the god of the dead himself, while growing stronger and unraveling more of the story with each unique escape attempt. UNLEASH THE FURY OF OLYMPUS The Olympians have your back! Meet Zeus, Athena, Poseidon, and many more, and choose from their dozens of powerful Boons that enhance your abilities. There are thousands of viable character builds to discover as you go. BEFRIEND GODS, GHOSTS, AND MONSTERS A fully-voiced cast of colorful, larger-than-life characters is waiting to meet you! Grow your relationships with them, and experience hundreds of unique story events as you learn about whats really at stake for this big, dysfunctional family. BUILT FOR REPLAYABILITY New surprises await each time you delve into the ever-shifting Underworld, whose guardian bosses will remember you. Use the powerful Mirror of Night to grow permanently stronger, and give yourself a leg up the next time you run away from home. NOTHING IS IMPOSSIBLE Permanent upgrades mean you dont have to be a god yourself to experience the exciting combat and gripping story. Though, if you happen to be one, crank up the challenge and get ready for some white-knuckle action that will put your well-practiced skills to the test. SIGNATURE SUPERGIANT STYLE The rich, atmospheric presentation and unique melding of gameplay and narrative thats been core to Supergiants games is here in full force: spectacular hand-painted Underworld environments and a blood-pumping original score bring the Underworld to life.",58.07,9.34,2020s,1,excellent,universal_acclaim
102,10141,NieR:Automata,2017-03-17,2017.0,Action|RPG,Post-Apocalyptic,Anime,3D,Singleplayer,0,Controller,Platinum Games|8-4,Square Enix,PlayStation 4|Nintendo Switch|PC|Xbox One,4.0,M — Mature (17+),4.37,86.0,2129.0,2164.0,8930.0,13.0,137.0,8.0,4820,1723,260,534,929,664,Singleplayer|Steam Achievements|Steam Cloud|Atmospheric|steam-trading-cards|Great Soundtrack|RPG|Story Rich|Open World|Sci-fi|Partial Controller Support|Female Protagonist|Violent|Anime|Nudity|Hack and Slash|Post-apocalyptic|JRPG|Robots|Bullet Hell|Character Action Game|Spectacle fighter,Steam|Xbox Store,https://media.rawg.io/media/games/5a4/5a44112251d70a25291cc33757220fce.jpg,http://www.niergame.com/,nierautomata,"NieR: Automata is an action RPG, a sequel to Nier and a spin-off to the Drakenguard series. The story is set in the middle of the war between humans and machines where you take on the role of an android warrior called 2B. The story develops around the theme of androids ability to feel and make their own decisions. The gameplay of NieR: Automata combines RPG elements, such as character progression, with action-based combat and some platforming features, including climbing and jumping over obstacles. Except for traditional light and heavy attacks, there are quick time events that if the completed result in a highly damaging counterattack. You can use four weapon types during the battles: short swords, long swords, bracers, and spears. While you play as a robot, you can upgrade your body with special chips that increase your stats. The game is set in an open world and features numerous NPCs and side quests. You can explore it on foot as well as ride a wild animal or pilot a flying mech. There are also shops where you can get useful items including potions to restore health.",56.78,11.09,2010s,1,excellent,generally_favorable
103,11147,ARK: Survival Of The Fittest,2016-03-15,2016.0,Action|RPG|Strategy|Massively Multiplayer|Indie,Horror,Realistic,3D,Single & Multiplayer,1,Controller,Instinct Games|Studio Wildcard|Efecto Studios|Virtual Basement,Studio Wildcard|Wildcard Properties,Android|Linux|macOS|PC|iOS,5.0,T — Teen (13+),2.59,70.0,521.0,522.0,8915.0,1.0,66.0,3.0,8150,54,17,330,25,339,Singleplayer|Multiplayer|RPG|Co-op|Open World|First-Person|Partial Controller Support|FPS|Exploration|Steam Leaderboards|Sandbox|Survival|Free to Play|stats|Early Access|Steam Workshop|PvP|Includes level editor|Crafting|Dragons|Dinosaurs,Steam|App Store|Google Play,https://media.rawg.io/media/games/095/0953bf01cd4e4dd204aba85489ac9868.jpg,http://www.playark.com,ark-survival-of-the-fittest,"Welcome to ARK: Survival of the Fittest, the first ever M.O.S.A. - a Multiplayer Online Survival Arena - that Studio Wildcard designed for the burgeoning wild west of eSports. A spin-off from the most popular open-world Early Access game on Steam ARK: Survival Evolved, ARK: Survival of the Fittest (SotF) pits up to 72 combatants in an action-packed struggle for survival where players are ultimately pushed into an epic final showdown where only one Tribe will make it out alive. Survivors can form one- to six-person Tribes with the options to choose Unofficial and Official (Ranked) servers, and a variety of game-lengths and sizes in which to play. Players will start in the base forest environment introduced in the original ARK: Survival Evolved, with new environments and creatures introduced as the game evolves. Dedicated eSport ranking, matchmaking, reward, and tournament features make ARK: SotF readily accessible to all players. Balanced for intense competition, contestants begin in a neutral staging area where they can communicate pre-game, strategize, or talk trash. After a count-down, they dramatically descend from the sky onto the ARK in a circular formation via beams of light. There is a cache of valuable items in the center do survivors dash for the goods and fight it out, do they run into the forest and hide, search for Dinosaurs to rapidly build their army, or do they freeze up from the sheer terror of death? A continually shrinking ring of death forces contestants ever closer together over time. The hunt is on! KEY FEATURES Action-Packed Core Survival Gameplay 30+ Creatures to Tame and Ride at Early Access Start, Many more planned at full launch Multiple game modes (1v1, 2v2, 4v4, and 6v6) One-to-Six Player Tribes Variable game configurations ranging from 30-minute instant action to three-hour long epic wars Top-ranked players are listed dynamically on SurviveTheArk.com and are provided monthly prize packages! Game-Changing Tameable Super Creatures (Dragon, Giant Ape, Brood Mother) Random Evolution Events Arsenal of Weapons, Traps, Armor, Structures and other Items from Primitive to Modern Tech Tiers Robust Ranking, Tournament & Spectator Features Exclusive SotF Cosmetic Items that can also be used in ARK: Survival Evolved Custom-Painted War Banners enable Tribes to show off their team spirit on Flags across their army of Dinosaurs, and are also broadcast on the gigantic billboards during game events. Just dont draw anything offensive! A custom soundtrack written by award-winning composer Gareth Coker of Ori and the Blind Forest!",41.93,0.57,2010s,1,below_average,mixed
104,4513,Just Cause 2,2010-03-23,2010.0,Action|Shooter,Comedy,Realistic,3D,Single & Multiplayer,1,Controller,Square Enix|Avalanche Studios,Square Enix,Xbox 360|PlayStation 3|Xbox One|PC,4.0,M — Mature (17+),3.61,84.0,1358.0,1365.0,8902.0,3.0,140.0,4.0,6763,935,19,735,109,341,Singleplayer|Steam Achievements|Multiplayer|Full controller support|Steam Cloud|Atmospheric|Co-op|Open World|cooperative|Third Person|FPS|Funny|Exploration|Sandbox|Comedy|Third-Person Shooter|Moddable|Physics|3D Vision|Destruction,PlayStation Store|Xbox Store|Steam|Xbox 360 Store,https://media.rawg.io/media/games/a3c/a3c529a12c896c0ef02db5b4741de2ba.jpg,http://www.justcause.com/,just-cause-2,"Just Cause II follows a story of Rico Rodriguez, who arrives yet on another fictional island. Previously being on the Caribbean, now he is coming to Panau - an island in Southeast Asia. This time, Rico has to overthrow the dictatorial regime with its leader, Pandak ""Baby"" Panay and confront his former mentor, Tom Sheldon. When Rico arrives at the island, he discovers three criminal gangs: The Roaches, The Reapers and the Ular Boys. In order to prevail, Rico has to fight all of the three fractions as well. One of the key features of the game is speed. This game is filled with adrenaline and ways of doing things very fastly. A wide variety of vehicles such as planes, boats, cars and other. A grappling hook is also available for the player as he can make his character fly around like Spider-Man or tie enemies to each other. There is a big choice of weaponry as well - you can have a pistol, two pistols, auto-rifles or even a grenade launcher! Having an open world map provides a player with experience do whatever they please - flying around, making missions or just discovering new things on the island.",51.13,5.89,2010s,1,good,generally_favorable
105,4166,Mass Effect,2007-11-16,2007.0,Action|RPG,Sci-Fi,Realistic,3D,Singleplayer,0,Controller & Keyboard/Mouse,BioWare|Edge of Reality|Demiurge Studios,Electronic Arts|Microsoft Studios,Xbox One|Xbox 360|PlayStation 3|PC,4.0,M — Mature (17+),4.39,89.0,2646.0,2667.0,8885.0,9.0,96.0,6.0,4861,2900,84,405,276,359,Singleplayer|Atmospheric|Great Soundtrack|RPG|Story Rich|Open World|Third Person|Sci-fi|Female Protagonist|Action RPG|Third-Person Shooter|Space|Character Customization|Choices Matter|Dark Fantasy|Real-Time with Pause|Romance,Xbox Store|PlayStation Store|Steam|Xbox 360 Store,https://media.rawg.io/media/games/a6c/a6ccd34125c594abf1a9c9821b9a715d.jpg,http://masseffect.bioware.com/,mass-effect,"Mass Effect was the very start of the trilogy about Commander Shepard in his journey to save the universe from Reapers - an old civilisation that wants to kill every possible rational being in order to prevail any wars. You play as Shepard. With flexible backstory and different classes you travel to Eden Prime with Captain Anderson and Nihlus Kryik, you and your team must discover the mystery behind the attack on the human colony. In the process, it is revealed that another Spectre, Saron, has become rogue and escapes the planet to awoke Reapers and start a full-scale war with the galaxy. For BioWare, third-person shooters with tactical elements is a very common genre. Four different weapons - automatic rifle, shotgun, pistol and sniper rifle can be obtained through the game with better characteristics. Also, you can level up your protagonist and his squad to gain better stats and new skills. Dialogue panel is simple yet efficient - you choose the style of your approach and build a reputation of a hero or a renegade. With this options in hand, you can build your own story as Commander Shepard in saving the Milky Way Galaxy.",58.82,17.32,2000s,1,excellent,generally_favorable
106,326292,Fall Guys: Ultimate Knockout,2020-08-04,2020.0,Action|Sports|Casual|Massively Multiplayer|Indie,Adventure,Realistic,3D,Multiplayer,1,Controller,Mediatonic,Devolver Digital,Xbox One|PlayStation 4|PC|Nintendo Switch|Xbox Series S/X,5.0,E — Everyone (3+),3.73,80.0,1333.0,1359.0,8879.0,6.0,173.0,0.0,6863,437,285,1076,114,104,Steam Achievements|Full controller support|Online multiplayer|Cross-Platform Multiplayer,Xbox Store|Epic Games|PlayStation Store|Steam|Nintendo Store,https://media.rawg.io/media/games/5eb/5eb49eb2fa0738fdb5bacea557b1bc57.jpg,https://fallguys.com/,fall-guys,"Fall Guys: Ultimate Knockout flings hordes of contestants together online in a mad dash through round after round of escalating chaos until one victor remains! Battle bizarre obstacles, shove through unruly competitors, and overcome the unbending laws of physics to avoid both humiliation and elimination. Leave your dignity at the door and prepare for hilarious failure in your quest for the crown! Massive Online Pandemonium: Dive into a series of ridiculous challenges and wild obstacle courses with 100 competitors online, all with the hopes of making the cut and advancing to the next round of mayhem. Competitive & Cooperative: Shift between brutally competitive free-for-alls and cooperative challenges where only the winning team advance to the next round! Comically Physical: Watch in delight as your fellow competitors bend, bounce, and bash their way to hilarious, physics-based failure! Delightfully Customizable: Fail in style with everything from fashionable pineapple couture to the latest in bunny hats available to customize your look in Fall Guys.",50.7,3.43,2020s,1,good,generally_favorable
107,46889,Monster Hunter: World,2018-01-26,2018.0,Action|Adventure|RPG,Sci-Fi,Realistic,3D,Single & Multiplayer,1,Controller,Capcom|Capcom U.S.A,Capcom,PlayStation 4|Xbox One|PC,3.0,T — Teen (13+),4.01,89.0,1617.0,1638.0,8790.0,15.0,315.0,20.0,5974,575,377,766,651,447,Singleplayer|Multiplayer|Atmospheric|Great Soundtrack|RPG|Co-op|Open World|cooperative|Third Person|Partial Controller Support|Online Co-Op|Fantasy|Difficult|Exploration|Action-Adventure|Action RPG|stats|Hack and Slash|Character Customization|Replay Value|JRPG|3rd-Person Perspective|Souls-like|Hunting|Dinosaurs|Monsters|atmosphere,Steam|PlayStation Store|Xbox Store,https://media.rawg.io/media/games/21c/21cc15d233117c6809ec86870559e105.jpg,http://www.monsterhunterworld.com,monster-hunter-world-2,"Monster Hunter: World is the fifth game in the Japanese franchise Monster Hunter, which is about hunting giant beasts. It is set in a medieval fantasy setting, on a continent known as the New World that is being colonized by the humans from the Old World. The plot revolves around a dragon migration called Elder Crossing. Your protagonist is a hunter, whose name and appearance can be customized. You traveled from the Old World to study and hunt the dragons and other local monsters. The hunter, accompanied by an assistant, starts at the city of Astera, from where they can freely wander the open world. There are six regions in the New World, each with its own base camp. The camps are where you have to thoroughly prepare before every expedition, gathering equipment and provision. Before you can fight monsters, they need to be tracked down using Scout flies and studied to discover their habits, strengths, and weaknesses. There are no character levels, so your hunters effectiveness relies on the hunting gear you have equipped. Advanced armor and weapons can be created using a detailed crating system. Many items that you found on missions, including body parts of monsters, can be used for crafting.",54.25,5.38,2010s,1,excellent,generally_favorable
108,3191,Mad Max,2015-08-31,2015.0,Action|Adventure,Post-Apocalyptic,Realistic,3D,Single & Multiplayer,1,Controller,Avalanche Studios,Feral Interactive|Warner Bros. Interactive,PC|Xbox One|PlayStation 4|Xbox 360|Linux|macOS,6.0,M — Mature (17+),3.78,73.0,1730.0,1748.0,8747.0,11.0,278.0,0.0,6039,1133,113,719,288,455,Singleplayer|Multiplayer|Full controller support|Atmospheric|RPG|Open World|First-Person|Third Person|Exploration|Sandbox|Survival|Third-Person Shooter|War|Post-apocalyptic|Driving|movie-based,PlayStation Store|Xbox Store|Steam|Xbox 360 Store|App Store|GOG,https://media.rawg.io/media/games/d7d/d7d33daa1892e2468cd0263d5dfc957e.jpg,https://rawg.io/games/mad-max,mad-max,"Although Mad Max is not related to the film series, it is based on its universe. Max Rockatansky is trying to reach the ""Plains Of Silence"", place in which he believes he will finally find peace. He is confronted by a group of War Boys led by Scabrous Scrotus. Beating Max up and stealing everything from him, they leave him in the desert to face his death. Recovering from his injuries, he chases Scrotus in a duel but fails to defeat him. Wandering in the desert, he meets a technic named Chumbucket that helps him to build a new machine and revenge Scrotus. Being in such esthetics, Max is able to travel in an open world post-apocalyptic universe of Mad Max. Utilizing driving as a primary mechanic, you are able to confront and battle your way out on the car while armed with different weapons. Flamethrowers, turbo-boosts, basically anything that may come handy. You can have your preference for playing stealthy or aggressive. To drive, you need gasoline and to customise your car you need experience which you will get over time. Experience all the consequences of being a survivor by driving through the wasteland.",50.37,8.15,2010s,1,good,mixed
109,613,Bastion,2011-07-20,2011.0,Action|Adventure|RPG|Indie,Post-Apocalyptic,Stylized,2D,Singleplayer,0,Controller,Warner Bros. Interactive|Supergiant Games,Warner Bros. Interactive|Supergiant Games,PlayStation 4|PS Vita|Xbox One|PC|iOS|Linux|Nintendo Switch|Xbox 360|macOS,9.0,Not Rated,4.15,86.0,1665.0,1684.0,8736.0,4.0,115.0,0.0,6089,1337,76,558,228,448,Singleplayer|Steam Achievements|Full controller support|Steam Cloud|Atmospheric|steam-trading-cards|Great Soundtrack|RPG|Story Rich|2D|Fantasy|Steam Leaderboards|Action RPG|Controller|role-playing|Hack and Slash|Post-apocalyptic|controller support|Short|Colorful|Isometric|Music|Hand-drawn|Narration|Twin Stick Shooter|Dynamic Narration|Narrative,itch.io|Xbox Store|Steam|GOG|Nintendo Store|PlayStation Store|Xbox 360 Store|App Store,https://media.rawg.io/media/games/f99/f9979698c43fd84c3ab69280576dd3af.jpg,https://www.supergiantgames.com/games/bastion/,bastion,"After the Calamity, most of the world was destroyed and seemingly everyone was turned to stone, except the Kid. As the Kid, players will have to flee collapsing city, in order to reach the Bastion, where the games narrator Rucks, will instruct players to collect the Cores. Most of the story will be told through the narration and music. Bastion is an action role-playing game with an isometric overview of the map. As players progress across the levels they will find and unlock collectible items and weapons. After completing said levels the Kid will find Cores, that are used to upgrade the Hub are of Bastion and unlock more features, like a blacksmith, arsenal or an item shop. Any level can be replayed if players missed any items or if theyre short on currency, called fragments. The Kid will also encounter challenge levels, where players will have to successfully use collected weapons under a time limit. **Key Features**: Action-packed combat rewards playing with finesse Hours of reactive narration delivers a deep story Stunning hand-painted artwork in full 1080p resolution Critically-acclaimed original music score Controls custom-tailored to PC plus gamepad support 10+ unique upgradeable weapons to be used 6 powerful Bastion structures to be discovered New Game Plus and Score Attack modes unlocked after finishing the story No-Sweat Mode lets players of any skill level enjoy the story",54.25,8.3,2010s,1,excellent,generally_favorable
110,22509,Minecraft,2009-05-10,2009.0,Action|Simulation|Arcade|Massively Multiplayer|Indie,Adventure,Realistic,3D,Multiplayer,1,Controller & Keyboard/Mouse,4J Studios|Mojang,Microsoft Studios|Mojang,Android|PS Vita|PlayStation 4|PlayStation 3|Xbox 360|Nintendo 3DS|Nintendo Switch|macOS|PC|iOS|Wii U|Xbox One|Linux,13.0,E10+ — Everyone 10+,4.43,83.0,3021.0,3078.0,8707.0,26.0,759.0,6.0,4813,1802,758,1137,118,79,Multiplayer|Sandbox|3D|Crafting|Building|vr mod|open-world|cube|modding|procedural-generation,Nintendo Store|App Store|PlayStation Store|Google Play|Xbox Store,https://media.rawg.io/media/games/b4e/b4e4c73d5aa4ec66bbf75375c4847a2b.jpg,https://classic.minecraft.net/,minecraft,"One of the most popular games of the 2010s, Minecraft allows you to rebuild the environment around you. The world of the game is open, infinitely wide, and procedurally generated. It is composed of small 3D cubes that represent specific types of materials or terrain. The gameplay is centered on mining and building various structures of your choice. You can also craft items like tools, weapons, and armor. Theres an option to shift to the first or the third person view. Minecraft includes multiple modes that dramatically change the focus of the game. Survival and Adventure modes require the player to gather resources, hunt for food and fight monsters to survive. In the Hardcore mode, theres even permanent death. Creative mode, by contrast, offers you to freely explore the world and construct whatever you want with unlimited resources. Theres also a multiplayer mode that allows the players to share their worlds and engage in the traditional MMO activities, such as player-vs-player combat. Minecrafts crude visual style, reminiscent of Lego cubes, became an iconic part of the popular culture. There are many myths and fan fiction surrounding the game, such as the legend of Herobrine, a rumored character that officially doesnt exist.",58.51,14.59,2000s,1,excellent,generally_favorable
111,10989,Paladins,2016-09-15,2016.0,Action|Shooter,Fantasy,Anime,3D,Multiplayer,1,Controller,Hi-Rez Studios,Hi-Rez Studios,macOS|PC|PlayStation 4|Xbox One|Nintendo Switch,5.0,T — Teen (13+),3.08,78.0,1409.0,1413.0,8686.0,6.0,156.0,0.0,7120,202,87,1097,27,153,Steam Achievements|Multiplayer|steam-trading-cards|Co-op|cooperative|First-Person|Partial Controller Support|FPS|Online Co-Op|Fantasy|Funny|Survival|Free to Play|Online multiplayer|Early Access|PvP|Anime|In-App Purchases|Team-Based|Memes|MOBA,PlayStation Store|Steam|Xbox Store|Nintendo Store,https://media.rawg.io/media/games/d2c/d2c74dacd89fd817c2deb625b01adb1a.jpg,http://www.paladins.com/,paladins,"Paladins (also known as Paladins: Champions of the Realm) is a free-to-play multiplayer first-person shooter. The game is, according to developers, influenced by Team Fortress 2 and is an example of hero shooter subgenre: a type of multiplayer shooter in which you choose to play as one of the pre-made characters with unique abilities and weapons. The primary game mode in Paladins is the siege. Two teams are fighting for the capture point in the center of the map. When a team successfully seizes the capture point, it gets 1 Objective Point, and the Payload spawns for them. Now they must escort the Payload to the enemys base to get additional Objective Point. The hostile team can, however, steal the Payload to get Objective Point themselves. Once a team gets 4 Objective Points, it wins the match. There are more than 38 heroes (or champions as they are called in the game) available in Paladins. Initially, the player has access to 5 of them at any time, and 4 more are in a two-week rotation. To permanently get any other champion, the player has to buy the champion via in-game currency or buy the champions pack for real money.",47.56,2.09,2010s,1,average,generally_favorable
112,25,Middle-earth: Shadow of War,2017-09-27,2017.0,Action|RPG,Fantasy,Anime,3D,Singleplayer,0,Controller,Warner Bros. Interactive|Monolith Productions,Warner Bros. Interactive|WB Games,PC|Xbox One|PlayStation 4|Android,4.0,M — Mature (17+),3.86,82.0,1368.0,1381.0,8684.0,13.0,454.0,1.0,6263,921,125,467,357,551,Singleplayer|Steam Achievements|Full controller support|Steam Cloud|Atmospheric|steam-trading-cards|Great Soundtrack|RPG|Story Rich|Open World|Third Person|Fantasy|Gore|Violent|Stealth|Action RPG|Anime|Hack and Slash|War|In-App Purchases|Dark Fantasy|Medieval|Magic,GOG|PlayStation Store|App Store|Xbox Store|Steam|Google Play,https://media.rawg.io/media/games/21a/21ad672cedee9b4378abb6c2d2e626ee.jpg,http://www.ShadowOfWar.com,middle-earth-shadow-of-war,"Middle-earth: Shadow of War is a continuation of Middle-earth: Shadow of Mordor The game operates on the world and the characters of the books of JRR Tolkien. However, it will be more accurate to say that the game is closer to the cinematic version of this story, created by director Peter Jackson. This is noticeable both in the visual solutions of some locations, and in the events themselves and their location in time relative to each other. Judging by the events, the game takes place between the events of the books ""The Hobbit"" and ""The Lord of the Rings"". However, in the game there are also such events as the fall of the city-fortress of Minas Ithil and its transformation into Minas Morgul - in books these events occur several thousand years earlier. As in Middle-earth: Shadow of Mordor, in the game Middle-earth: Shadow of War, the Nemesis system operates. This system provides a change in the world of the game and its inhabitants from the actions of the player. Therefore, each passage differs from other passages. For the game Middle-earth: Shadow of War, the Nemesis system has been improved. If the player has the game Middle-earth: Shadow of Mordor, he can transfer to Middle-earth: Shadow of War some characters from the previous game - one enemy and one ally. The player controls Talion. Taleon is obsessed with the spirit of the elven ruler of Celebrimbor. Taleon tries to use one of the rings of power to build an army of orcs and trolls and fight with Sauron and his generals.",51.36,7.63,2010s,1,good,generally_favorable
113,17576,Batman: Arkham City - Game of the Year Edition,2012-09-07,2012.0,Action|Adventure,Crime,Realistic,3D,Singleplayer,0,Controller,Feral Interactive|Rocksteady Studios,Feral Interactive|Warner Bros. Interactive,PlayStation 4|Xbox 360|Xbox One|PlayStation 3|macOS|PC,6.0,T — Teen (13+),4.4,91.0,1448.0,1453.0,8672.0,9.0,64.0,0.0,6423,1492,47,183,129,398,Singleplayer|Steam Achievements|Steam Cloud|Atmospheric|steam-trading-cards|Story Rich|Open World|Third Person|Partial Controller Support|Sandbox|Stealth|Action-Adventure|Controller|Cinematic|Beat em up|Metroidvania|3D Vision|Detective|Comic Book|Superhero|Batman,Epic Games|Steam|App Store,https://media.rawg.io/media/games/c50/c5085506fe4b5e20fc7aa5ace842c20b.jpg,http://community.batmanarkhamcity.com/,batman-arkham-city-goty,"Batman: Arkham City is the second game in the Arkham series. Joker has escaped from Arkham Asylum, and Doctor Hugo Strange is capturing Bruce Wayne. Strange discovers the true identity behind the Batman and tries to kill him, but Wayne escapes from the prison and saves the Catwoman from Two-Face. Trying to acknowledge the mysterious ""Protocol 10"" he finds Joker in devastating state - fatal infection slowly kills. Joker infects Batman and every Gotham hospital. Arkham City involves legendary Kevin Conroy and Mark Hammil coming back as Bruce Wayne and Joker, gifting their voices one more time. Noir Gotham atmosphere is supported by a grim plot and very live surroundings. The gameplay is still concentrating on simple but comforting fighting system making fights feel very fast and intense. In solving puzzles and gaining a tactical advantage, Batman can use different gadgets, as Batarang or a grapnel gun. You can silently dive and kill your enemies and use your detective skills to find clues about villains your facing, becoming as close to Batman, as possible.",55.53,9.52,2010s,1,excellent,universal_acclaim
114,9810,ARK: Survival Evolved,2015-06-02,2015.0,Action|Adventure|RPG|Massively Multiplayer|Indie,Sci-Fi,Realistic,3D,Single & Multiplayer,1,Controller,Instinct Games|Studio Wildcard|Efecto Studios|Virtual Basement|WILDCARD PROPERTIES,Studio Wildcard|Snail Games USA|Wildcard Properties,Nintendo Switch|Xbox One|PlayStation 4|Linux|macOS|PC|iOS,7.0,Not Rated,3.07,70.0,656.0,660.0,8653.0,6.0,98.0,3.0,7507,137,43,511,63,392,Singleplayer|Steam Achievements|Multiplayer|Full controller support|Steam Cloud|RPG|Co-op|Open World|cooperative|First-Person|Sci-fi|Sandbox|Survival|Free to Play|Early Access|Steam Workshop|role-playing|Includes level editor|Crafting|Building|VR|Valve Anti-Cheat enabled|mmo|MMORPG|Base Building|Dragons|Dinosaurs,PlayStation Store|App Store|Google Play|Epic Games|Steam|Xbox Store|Nintendo Store,https://media.rawg.io/media/games/58a/58ac7f6569259dcc0b60b921869b19fc.jpg,http://www.playark.com,ark-survival-evolved,"As a man or woman stranded naked, freezing and starving on the shores of a mysterious island called ARK, you must hunt, harvest resources, craft items, grow crops, research technologies, and build shelters to withstand the elements. Use your cunning and resources to kill or tame & breed the leviathan dinosaurs and other primeval creatures roaming the land, and team up with or prey on hundreds of other players to survive, dominate... and escape! Dinosaurs, Creatures, & Breeding! -- over 100+ creatures can be tamed using a challenging capture-&-affinity process, involving weakening a feral creature to knock it unconscious, and then nursing it back to health with appropriate food. Once tamed, you can issue commands to your tames, which it may follow depending on how well youve tamed and trained it. Tames, which can continue to level-up and consume food, can also carry Inventory and Equipment such as Armor, carry prey back to your settlement depending on their strength, and larger tames can be ridden and directly controlled! Fly a Pterodactyl over the snow-capped mountains, lift allies over enemy walls, race through the jungle with a pack of Raptors, tromp through an enemy base along a gigantic brontosaurus, or chase down prey on the back of a raging T-Rex! Take part in a dynamic ecosystem life-cycle with its own predator & prey hierarchies, where you are just one creature among many species struggling for dominance and survival. Tames can also be mated with the opposite gender, to selectively breed successive generations using a trait system based on recombinant genetic inheritance. This process includes both egg-based incubation and mammalian gestation lifecycles! Or put more simply, raise babies! You must eat and drink to survive, with different kinds of plants & meat having different nutritional properties, including human meat. Ensuring a supply of fresh water to your home and inventory is a pressing concern. All physical actions come at a cost of food and water, long-distance travel is fraught with subsistence peril! Inventory weight makes you move slower, and the day/night cycle along with randomized weather patterns add another layer of challenge by altering the temperature of the environment, causing you to hunger or thirst more quickly. Build a fire or shelter, and craft a large variety of customizable clothing & armors, to help protect yourself against locational damage & extreme temperatures using the dynamic indoor/outdoor insulation calculation system! By chopping down forests full of trees and mining metal and other precious resources, you can craft the parts to build massive multi-leveled structures composed of complex snap-linked parts, including ramps, beams, pillars, windows, doors, gates, remote gates, trapdoors, water pipes, faucets, generators, wires and all manner of electrical devices, and ladders among many other types. Structures have a load system to fall apart if enough support has been destroyed, so reinforcing your buildings is important. All structures and items can be painted to customize the look of your home, as well as placing dynamically per-pixel paintable signs, textual billboards, and other decorative objects. Shelter reduces the extremes of weather and provides security for yourself and your stash! Weapons, clothing & armor gear can also be painted to express your own visual style. Pick seeds from the wild vegetation around you, plant them in plots that you lay down, water them and nurture them with fertilizer (everything poops after consuming calories, which can then be composted, and some fertilizer is better than others). Tend to your crops and they will grow to produce delicious and rare fruits, which can also be used to cook a plethora of logical recipes and make useful tonics! Explore to find the rarest of plant seeds that have the most powerful properties! Vegetarians & vegans can flourish, and it will be possible to master and conquer the ARK in a non-violent manner! By bringing sufficient rare sacrificial items to special Summon locations, you can capture the attention of the one of the ARKs god-like mythical creatures, who will arrive for battle. These gargantuan monstrosities provide an end-game goal for the most experienced groups of players and their armies of tames, and will yield extremely valuable progression items if they are defeated. Create a Tribe and add your friends to it, and all your tames can be commanded by and allied to anyone in your Tribe. Your Tribe will also be able to respawn at any of your home spawn points. Promote members to Tribe Admins to reduce the burden of management. Distribute key items and pass-codes to provide access your shared village! All items are crafted from Blueprints that have variable statistics and qualities, and require corresponding resources. More remote and harsh locales across the ARK tend to have better resources, including the tallest mountains, darkest caves, and depths of the ocean! Level-Up your player character by gaining experience through performance actions, Level-Up your tames, and learn new ""Engrams"" to be able to craft Items from memory without the use of blueprints, even if you die! Customize the underlying physical look of your character with hair, eye, and skin tones, along with an array of body proportion modifiers. As you explore the vast ARK, youll find clues left by other Survivors who have made the ARK their home in ages past, in the form of collectible detailed 3D ""Explorer Notes"". By uncovering all of these, you can begin to piece together the true nature of the ARK, and discover its purpose! Everything you craft has durability and will wear-out from extended use if not repaired, and when you leave the game, your character remains sleeping in the persistent world. Your inventory physically exists in boxes or on your character in the world. Everything can be looted & stolen, so to achieve security you must build-up, team-up, or have tames to guard your stash. Death is permanent, and you can even knock out, capture, and force-feed other players to use them for your own purposes, such as extracting their blood to for transfusions, harvesting their fecal matter to use as fertilizer, or using them as food for your carnivorous tames! The mysterious ARK is a formidable and imposing environment, composed of many natural and unnatural structures, above-ground, below-ground, and underwater. By fully exploring its secrets, youll find the most exotic procedurally randomized creatures and rare blueprints. Also to be found are Explorer Notes that are dynamically updated into the game, written by previous human denizens of the ARK from across the millennia, creatively detailing the creatures and backstory of the ARK and its creatures. Fully develop your in-game ARK-map through exploration, write custom points of interest onto it, and craft a Compass or GPS coordinates to aid exploring with other players, whom you can communicate with via proximity text & voice chat, or long-distance radio. Construct & draw in-game signs for other players to help them or lead them astray... And yet.. how do you ultimately challenge the Creators and Conquer the ARK? A definitive end-game is planned. On the 100+ player servers, your character, everything you built, and your tames, stay in-game even when you leave. You can even physically travel your character and items between the network of ARKs by accessing the Obelisks and uploading (or downloading) your data from the Steam Economy! A galaxy of ARKs, each slightly different than the previous, to leave your mark on and conquer, one at a time -- special official ARKs will be unveiled on the World-map for limited times in singular themed events with corresponding limited-run items! Furthermore, you can now design or randomize your own unique Procedurally Generated ARKs, for infinite replayability and endless surprises. You can play single-player local games, and bring your character and items between unofficial player-hosted servers, back and forth from singleplayer to multiplayer. Mod the game, with full Steam Workshop support and customized Unreal Engine 4 editor. See how we built our ARK using our maps and assets as an example. Host your own server and configure your ARK precisely to your liking. We want to see what you create! The over-the-top hyper real imagery of the ARK its creatures is brought to expressive life using a highly-customized Unreal Engine 4, with fully dynamic lighting & global illumination, weather systems (rain, fog, snow, etc) & true-to-life volumetric cloud simulation, and the latest in advanced DirectX11 and DirectX12 rendering techniques. Music by award-winning composer of ""Ori and the Blind Forest"", Gareth Coker!",43.76,1.56,2010s,1,average,mixed
115,480,Resident Evil 7: Biohazard,2017-01-23,2017.0,Action|Shooter|Adventure,Horror,Realistic,3D,Single & Multiplayer,1,Controller,Capcom|Capcom U.S.A,Capcom,macOS|PlayStation 4|PC|Xbox One|Nintendo Switch,5.0,M — Mature (17+),4.33,85.0,1942.0,1975.0,8639.0,10.0,392.0,19.0,5483,1856,135,326,391,448,Singleplayer|Steam Achievements|Multiplayer|Full controller support|Steam Cloud|Atmospheric|steam-trading-cards|Story Rich|First-Person|Horror|FPS|Gore|Exploration|Classic|Survival|Violent|Action-Adventure|Zombies|Survival Horror|Cinematic|Memes|VR|Detective|America,PlayStation Store|Xbox Store|Steam,https://media.rawg.io/media/games/cee/cee577e2097a59b77193fe2bce94667d.jpg,http://residentevil7.com,resident-evil-7-biohazard,"Resident Evil 7: Biohazard is the latest installment in the Resident Evil series. For 13 long years, Resident Evil series were rejecting the survival-horror aspect and atmosphere of first original games in the series mainly released in nineties on PlayStation one system. From the famous Resident Evil 4 until Resident Evil 6, the series went full-force into action genre leaving horror elements behind and hard-core fans disappointed. Finally, Capcom realized that Resident Evil needs a change and Resident Evil 7: Biohazard delivers those changes at its fullest. First of all, the camera angle changed from over the shoulder view into first-person mode. Another change is that survival-horror elements are back together with light puzzle solving, inventory management and maze-like mansion in which the main story of the game happens. The player controls Ethan Winters who is searching for his lost wife in a dark mansion filled with horrible creatures and insane family. Resident Evil 7: Biohazard can also be played with virtual reality setup and its known as one of the best games which supports VR.",55.37,12.65,2010s,1,excellent,generally_favorable
116,923,Titanfall 2,2016-10-28,2016.0,Action|Shooter,Sci-Fi,Realistic,3D,Single & Multiplayer,1,Controller,Respawn Entertainment,Electronic Arts,Xbox One|PlayStation 4|PC,3.0,M — Mature (17+),4.31,87.0,2044.0,2080.0,8621.0,5.0,199.0,1.0,5709,1838,107,372,286,309,Singleplayer|Steam Achievements|Multiplayer|Full controller support|Atmospheric|First-Person|Sci-fi|FPS|Gore|Exploration|Violent|Action-Adventure|PvP|Cinematic|combat|Team-Based|Futuristic|RTS|Fast-Paced|Military|Parkour|Online PvP|Steam Trading Cards|Robots|Time Travel|Mechs|Hero Shooter|grappling-hook,Steam|PlayStation Store|Xbox Store,https://media.rawg.io/media/games/569/56978b5a77f13aa2ec5d09ec81d01cad.jpg,https://www.ea.com/games/titanfall/titanfall-2,titanfall-2,"Now Titanfall 2 has a full-scale story campaign. The main plot is the confrontation of the peoples Militia against the IMC Corporation, which seeks to destroy the rebels of the Frontier, a region of star systems that will allow them to get control over their resources. You play as Jack Cooper, a soldier who dreams of becoming an elite pilot with advanced technology and a personal Titan - a fighting machine. Captain Tai Lastimosa trained Cooper and prepared for his candidacy. During the task of finding the missing Major Anderson, who had the information about the plans of the IMC. The entire squad of Cooper, including Lastimosa, dies in the attack of IMC mercenaries. The Captain gives his Titan to Cooper. As the first part of the game, it is a first-person shooter in which you can control the pilot and exoskeleton ""Titan"". The pilot has a diverse arsenal of abilities that allow you to jump and run on steep walls with the help of the ""jump pilot module"". These abilities can be used with each other to move through the game locations quickly. With enough points, the player can call the Titan, landing from the sky. They are much slower than pilots but have more powerful weapons.",55.94,11.62,2010s,1,excellent,generally_favorable
117,10065,Cities: Skylines,2015-03-10,2015.0,Strategy|Simulation,Sci-Fi,Realistic,2D / 3D,Singleplayer,0,Controller,Colossal Order,Paradox Interactive,Xbox One|PC|macOS|Linux|Nintendo Switch|PlayStation 4,6.0,E — Everyone (3+),4.12,85.0,1508.0,1520.0,8607.0,9.0,471.0,1.0,6469,513,273,825,132,395,Singleplayer|Steam Achievements|Steam Cloud|steam-trading-cards|Great Soundtrack|Partial Controller Support|Funny|Sandbox|Steam Workshop|Includes level editor|Moddable|Family Friendly|Replay Value|Realistic|Building|Management|Real-Time with Pause|Resource Management|Economy|City Builder|Mod|Modern,Steam|PlayStation Store|Xbox Store|Nintendo Store|Epic Games,https://media.rawg.io/media/games/25c/25c4776ab5723d5d735d8bf617ca12d9.jpg,http://www.citiesskylines.com/,cities-skylines,"Cities: Skylines is a traditional city-building game, which allows players to experience urban planning in all aspects including zoning, road placement, transportation, taxation, and improvement of welfare. Therefore, within the game players are able to assume roles of citys principal architect and mayor. The history of the city, in control of the player, begins with the 2-by-2 kilometers plot of land and a sum of money to start with. Players have to zone the city, build roads, explore the surroundings, provide infrastructure and jobs to attract new citizens. Once the newcomers settle down, the immediate reaction is expected to establish public services and to set proper taxes. Progressing within the game and developing the city will unlock new upgrades of the urban environment and lead to the territorial expansion. The gameplay also requires the control of several citys parameter scales like budget, health, employment, and pollution. The game also features a creative sandbox mode, where the architects imagination is not restricted in any way.",53.26,5.03,2010s,1,excellent,generally_favorable
118,3387,Bloodborne,2015-03-24,2015.0,Action|RPG,Sci-Fi,Realistic,3D,Not Specified,0,Controller,FromSoftware,Sony Computer Entertainment|Sony Interactive Entertainment,PlayStation 4,1.0,M — Mature (17+),4.41,92.0,2435.0,2470.0,8606.0,12.0,90.0,10.0,5074,1542,260,638,510,582,Atmospheric|Story Rich|Third Person|Exploration|Character Customization|exclusive|Dark Fantasy|true exclusive,PlayStation Store,https://media.rawg.io/media/games/214/214b29aeff13a0ae6a70fc4426e85991.jpg,https://www.jp.playstation.com/scej/title/bloodborne/,bloodborne,"Bloodborne is an action-RPG and another member of souls-like title series. The game has no predecessors or successors, making it the only entry with one add-on: The Old Hunters. The Bloodborne universe, however, also includes a comics and a board game. Generally resembling the Dark Souls series, Bloodborne, however, has some different mechanics and the pace of combat is increased thanks to the risk-rewarding battle system. Another difference is multiplayer, which comes in two kinds: you can summon other players into your game and fight bosses side by side or you can fight impostors, who are other players invading your playthrough. Throughout the game, you are forced to explore an enormous open world of Yharnam, which looks like alternate universe Lovecraft-inspired Victorian-era England, as The Hunter. You meet horrific bosses, explore vast areas, houses and open spaces while continually dodging, attacking and trying not to get killed by a massive number of hostile NPCs.",58.41,10.19,2010s,0,excellent,universal_acclaim
119,3254,Journey,2012-03-13,2012.0,Adventure|Family|Indie,Horror,Stylized,3D,Single & Multiplayer,1,Controller,thatgamecompany|チョコマメ,Sony Computer Entertainment|Sony Interactive Entertainment|Annapurna Interactive|チョコマメ,PC|iOS|PlayStation 4|PlayStation 3,4.0,Not Rated,4.32,92.0,2433.0,2451.0,8559.0,2.0,112.0,0.0,5047,2286,53,281,466,426,Singleplayer|Steam Achievements|Multiplayer|Full controller support|Atmospheric|Great Soundtrack|Co-op|Story Rich|cooperative|First-Person|Horror|FPS|Online Co-Op|Exploration|Classic|Free to Play|Action-Adventure|Family Friendly|Mystery|3D|Multiple Endings|3rd-Person Perspective|Music|Stylized|Masterpiece|Beautiful|calm|peaceful,App Store|Steam|PlayStation Store|Epic Games,https://media.rawg.io/media/games/baf/baf9905270314e07e6850cffdb51df41.jpg,http://thatgamecompany.com/games/journey/,journey,"Journey is an indie game placed in a setting of the vast desert. The protagonist is a nameless and speechless figure moving towards the distant mountain. The player gets to know the story without words, but rather through cutscenes. The main character wears a magical scarf, which allows flying for some time, and recharges it with gathered cloth or simply by walking. From time to time the protagonist finds collectible items and discover ruins that can give additional information about the world or the storyline. The only way of interaction with in-game objects is a shout. The game transfers the atmosphere of an absolute loneliness. However, during the journey the character can meet other players controlling differently dressed, but generally the same figures. Wandering together can be helpful for both players, as they are able to charge one anothers scarves. The thing is that both players cannot communicate each other in any way, except producing noises. Together players can complete levels and continue moving to their final destination.",57.96,13.83,2010s,1,excellent,universal_acclaim
120,17572,Batman: Arkham Asylum Game of the Year Edition,2010-03-26,2010.0,Action|Adventure|Platformer,Horror,Realistic,2D / 3D,Singleplayer,0,Controller,Feral Interactive|Rocksteady Studios,Square Enix|Warner Bros. Interactive,PlayStation 3|PC|PlayStation 4|Xbox 360,4.0,Not Rated,4.38,91.0,1565.0,1572.0,8544.0,8.0,141.0,0.0,6363,1547,32,169,114,319,Singleplayer|Steam Achievements|Steam Cloud|Atmospheric|steam-trading-cards|Story Rich|Open World|Third Person|Partial Controller Support|Horror|Stealth|Action-Adventure|Controller|Beat em up|Metroidvania|3D Vision|Detective|Comic Book|Superhero|Batman,Epic Games|Steam|Xbox 360 Store,https://media.rawg.io/media/games/fd8/fd882c8267a44621a0de6f9cec77ae90.jpg,http://www.batmanarkhamasylum.com/,batman-aa-goty,"Batman: Arkham Asylum is the first game in Warner Brothers action-adventure franchise Batman: Arkham. The game takes places in fictional Asylum on Arkham Island near Gotham City where dangerous and mentally unstable criminals are kept. The story follows Batman as he captures Joker after his assault on Gotham City Hall. The game starts when Batman accompanies convoy that transfers Joker to the Arkham Asylum. With the help from Harley Queen and corrupted police officers, Joker manages to escape. He releases his gang members takes over the Asylum. Now Batman must defeat Joker, restore order in Arkham and save Gotham from bombs that Joker planted in it. During the game, the player meets several characters from Batman universe such as Scarecrow, Killer Croc, Poison Ivy, Commissioner Gordon and others. The gameplay is a mix of action sequences, investigations and puzzle solving. In action sequences Batman has to defeat villains with brute force or stealthy, using his numerous gadgets. The Game of the Year Edition of Batman: Arkham Asylum includes support of 3D displays, two pairs of 3D glasses, and six previously released DLCs.",55.54,10.1,2010s,1,excellent,universal_acclaim
121,9743,Unturned,2014-07-07,2014.0,Action|Shooter,Horror,Realistic,3D,Single & Multiplayer,1,Controller & Keyboard/Mouse,505 Games|Smartly Dressed Games,505 Games|Smartly Dressed Games,PlayStation 4|Linux|macOS|PC|Nintendo Switch|Xbox One,6.0,T — Teen (13+),2.73,72.5,1103.0,1106.0,8524.0,3.0,257.0,0.0,7214,223,12,865,16,194,Singleplayer|Steam Achievements|Multiplayer|Steam Cloud|Atmospheric|steam-trading-cards|Co-op|Open World|cooperative|First-Person|Horror|FPS|Online Co-Op|Sandbox|Survival|Free to Play|Online multiplayer|stats|Early Access|Steam Workshop|Zombies|Includes level editor|In-App Purchases|Post-apocalyptic|Crafting|VR|Valve Anti-Cheat enabled,Nintendo Store|Xbox Store|PlayStation Store|Steam,https://media.rawg.io/media/games/18c/18ca24ed4b700668c36b11ebc35f3d23.jpg,http://smartlydressedgames.com/,unturned,"Unturned is a low-poly survival game providing single or multiplayer experience. The main action takes place on 6 different maps (Prince Edward Island, Yukon, Washington, Germany and Russia) flooded with zombies. The story begins in the random location of the chosen map and lasts till the death. Playing for one of the few people not yet turned into a zombie, you should stay aware of various natural or unnatural dangers, gather required resources, and make your way through the tough survival. Survivors meet thirst, hunger, disease, injures, zombie bites, and other hostile players looking for safety. Since land, air and sea vehicles are available, players can choose the most suitable transport to explore the entire map. The gameplay stands for the wider opportunity of customization of pretty much everything in the in-game world, starting with simple object destruction and following to guns modification and shelters construction. In-app purchases do not actually affect the gameplay, but due to the cosmetic system, plenty of items (clothing and weapon skins) are purchasable or available in crates.",43.91,2.27,2010s,1,below_average,mixed
122,45969,Warhammer: Vermintide 2,2018-03-08,2018.0,Action|Indie,Sci-Fi,Realistic,3D,Multiplayer,1,Controller & Keyboard/Mouse,Fatshark,Fatshark,Xbox One|PC|PlayStation 4,3.0,M — Mature (17+),3.61,82.0,768.0,779.0,8495.0,7.0,416.0,1.0,7363,270,75,366,88,333,Co-op|cooperative|Online Co-Op|Gore|Violent|Games Workshop,PlayStation Store|Steam|Xbox Store,https://media.rawg.io/media/games/5be/5bec14622f6faf804a592176577c1347.jpg,https://rawg.io/games/warhammer-vermintide-2,warhammer-vermintide-2,"Warhammer: Vermintide 2 is a first-person action game with heavy emphasis on cooperative multiplayer, a sequel to 2015 game Warhammer: End Times Vermintide. ###Setting The game takes place in Warhammer Fantasy setting during the early days of the cataclysmic event known as The End Times. It continues the story of the original game. The five protagonists heroes of Ubersreik, must face the evil forces of Skaven clan Fester and chaos warband Rotbloods. ###Gameplay Warhammer: Vermintide 2 consists of 13 missions divided into three acts. In each mission can choose one of five heroes and have to go from start to finish of the level, slaying hordes of enemies and to complete different tasks. Each character has unique abilities, weapons, and progression system and serves a special role in the party. Every character has a melee weapon, ranged weapon, an active ability, several passive abilities and three careers to choose. The careers affect some of the characters stats, available equipment and set of abilities. From the start of the game, each character has one career, while the other two get unlocked with leveling-up. After completing each mission, each character gains a random piece of equipment such as new weapons or trinkets. The equipment you get becomes better and better during the game.",48.34,3.32,2010s,1,good,generally_favorable
123,13910,XCOM: Enemy Unknown,2012-10-09,2012.0,Strategy,Sci-Fi,Realistic,2D,Single & Multiplayer,1,Controller,Feral Interactive|2K|Firaxis,2K Games|Feral Interactive,PC|Android|iOS|Xbox 360|PlayStation 3|macOS,6.0,Not Rated,4.2,89.0,1573.0,1581.0,8480.0,13.0,220.0,10.0,6315,1068,55,564,145,333,Singleplayer|Steam Achievements|Multiplayer|Full controller support|Steam Cloud|Atmospheric|steam-trading-cards|Great Soundtrack|RPG|Sci-fi|Difficult|Tactical|Cross-Platform Multiplayer|Character Customization|Turn-Based|Replay Value|Futuristic|Isometric|Aliens|Turn-Based Strategy|Base Building|Turn-Based Tactics|Perma Death,PlayStation Store|Steam|Xbox 360 Store|Google Play,https://media.rawg.io/media/games/238/2383a172b4d50a7b44e07980eb7141ea.jpg,http://www.xcom.com/enemyunknown/,xcom-enemy-unknown,"Any alien invasion meets resistance in some form, so in this reboot of the series, players will take the mantle of the XCOM commander, and control the elite scientists and soldiers, in order to stop the threat. After successfully neutralizing scout ships, securing the crash site and retrieving civilians, XCOM personnel, and alien corpses, its clear that all of them are genetically and cybernetically altered, which starts the beginning of the arms race with the invaders. During the missions X-COM: Enemy Unknown is a turn-based tactical game, while in the downtime players will direct the organization, form units, oversee the research, expand the base of operations and manage resources. Complex combat consists of units taking turns to perform their actions with a top-down view of the battlefield. XCOM soldiers and aliens can take cover during battles, and miss their shots and attacks if anything affects their accuracy. Over the course of the game, players will be able to gain access to new technology while encountering new varied enemy types.",54.33,7.97,2010s,1,excellent,generally_favorable
124,13627,Undertale,2015-09-14,2015.0,RPG|Indie,Horror,Pixel Art,2D,Singleplayer,0,Controller & Keyboard/Mouse,8-4|Toby Fox,8-4|Toby Fox,Xbox Series S/X|Nintendo Switch|Xbox One|PC|macOS|Linux|PlayStation 4|PS Vita,8.0,E10+ — Everyone 10+,4.35,92.0,1850.0,1883.0,8472.0,5.0,4.0,2.0,5138,1820,154,427,388,545,Singleplayer|Great Soundtrack|RPG|Story Rich|2D|Horror|Funny|Comedy|Pixel Graphics|Dark|Retro|role-playing|Cute|Replay Value|Choices Matter|Memes|Multiple Endings|overlay|Bullet Hell|Dating Sim,Nintendo Store|Steam|GOG|PlayStation Store|Xbox Store,https://media.rawg.io/media/games/ffe/ffed87105b14f5beff72ff44a7793fd5.jpg,http://undertale.com,undertale,"Undertale is an independent role-playing game developed by Toby Fox. Once upon a time, there were two races on Earth: monsters and humans, but a war broke out between them and the latter won. Seven greatest mages sealed the monsters underground and left one entrance through a hole in the Ebott mountain. A lot of time passed since the war, but a human child accidentally falls down the mountain. Its goal is to get back out. Undertale uses pixelated graphics and traditional mechanics of RPGs such as earning experience points, having an open world, and so on. As the game goes on, the player has to solve several puzzles and interact with NPCs. The battles in the game are represented using the bullet hell mini-games with the player having an option to choose where they want to spare their opponent or hit the enemy back. Monsters behavior depends on the players actions: if one decides to use a peaceful approach it will be easier to dodge the enemies attacks and vice versa. The game features a branching story and several endings. The ending the player gets depends on whether they spared or killed the monsters they encountered throughout the game.",56.29,11.16,2010s,1,excellent,universal_acclaim
125,13554,Fallout,1997-09-30,1997.0,RPG,Post-Apocalyptic,Stylized,2D,Singleplayer,0,Keyboard / Mouse,Black Isle Studios|Interplay Entertainment,Bethesda Softworks|Interplay Productions|MacPlay,Classic Macintosh|PC|Linux|macOS,4.0,Not Rated,4.2,82.2,1209.0,1221.0,8448.0,1.0,0.0,11.0,6435,819,60,366,129,639,Singleplayer|Steam Cloud|Atmospheric|RPG|Open World|2D|Sci-fi|Difficult|Exploration|Classic|Sandbox|Tactical|Retro|role-playing|Turn-Based|Post-apocalyptic|Isometric|Multiple Endings|1990s|Turn-Based Combat|CRPG|gameplay feature: multiple endings|gameplay feature: drug addiction|gameplay feature: gambling|gameplay feature: karma meter|gameplay feature: radiation / radioactive poisoning|gameplay feature: targeting system|wasteland universe|weapon: minigun|fallout games|game feature: hexagonal map|gameplay feature: auto-mapping|gameplay feature: character development - skill distribution|gameplay feature: day / night cycle,Epic Games|Steam|GOG,https://media.rawg.io/media/games/14a/14a83c56ff668baaced6e8c8704b6391.jpg,https://rawg.io/games/fallout-a-post-nuclear-role-playing-game,fallout-a-post-nuclear-role-playing-game,"Fallout franchise started in a very different way than we all know it by this day. As Bethesda started to develop Fallout franchise only from the third game, original Fallout was completely different. The game starts in 2161, 84 years after a nuclear war destroyed most of the planet and turned into Wasteland. You can either create your protagonist or play as three pre-set options - Albert Cole, Max Stone or Natalia Dubrovhsky. When in Vault 13 water supplies start to malfunction via technical reasons, Overseer sends protagonist in a quest to find a replacement and save the Vault. Having Pip-Boy and some standard equipment, the Fallout world is absolutely open for exploration. Although being a completely different genre of the game, Fallout still uses the same systems as we know today. S.P.E.C.I.A.L. system of characters stats (strength, perception, endurance, charisma, intelligence, agility and luck) affect your skills in a variety from 0% to 200%, as well as definitive straits that you choose only once for whole gameplay. Known to players as Karma, you can choose how to act in most of the situations and determine your reputation with other characters in the game.",51.89,4.93,1990s,1,excellent,generally_favorable
126,28179,SEGA Mega Drive and Genesis Classics,2010-06-01,2010.0,Action|Adventure|RPG|Fighting|Platformer,General,Realistic,2D,Single & Multiplayer,1,Controller,SEGA|d3t,SEGA,PlayStation 4|macOS|Linux|Xbox One|Nintendo Switch|PC,6.0,T — Teen (13+),2.98,76.0,571.0,572.0,8410.0,2.0,25.0,0.0,7572,90,24,256,34,434,Singleplayer|Multiplayer|Full controller support|RPG|Co-op|cooperative|2D|Local Co-Op|Steam Workshop|Retro|VR|Beat em up,Steam|PlayStation Store,https://media.rawg.io/media/games/0fd/0fd84d36596a83ef2e5a35f63a072218.jpg,https://megadriveclassics.sega.com/,sega-mega-drive-and-genesis-classics,"Today it is not so hard to play old games. Emulators are available to anyone with almost any computer. And old memories are filling our minds with those amazing games we played in the past. With this collection, you can relive your experiences with those games and play them all over again. The controls are now completely adapt for PC and still look very authentic despite new generation platforms. Some of the titles still support cooperative gameplay through Steam and in the workshop you can find new improvements to the old titles made by players for players. In this bundle, you can find any title you remember from Sega Mega Drive and Genesis - Sonic, Phantasy, Golden Axe, Virtua Fighter and Streets of Rage. Controls are now adapt not only for gamepads but also for the keyboard which means anyone can play it.",43.92,0.77,2010s,1,below_average,generally_favorable
127,5525,Brutal Legend,2009-10-12,2009.0,Action|Strategy,Sci-Fi,Realistic,3D,Single & Multiplayer,1,Controller,Electronic Arts|Double Fine Productions,Electronic Arts|Microsoft Studios|Double Fine Productions,Xbox 360|PlayStation 3|Xbox One|iOS|PC|Linux|macOS,7.0,Not Rated,3.65,80.0,1085.0,1090.0,8395.0,5.0,178.0,0.0,6624,580,36,495,160,500,Singleplayer|Steam Achievements|Multiplayer|Full controller support|Steam Cloud|Atmospheric|steam-trading-cards|Great Soundtrack|RPG|Open World|Third Person|Fantasy|Funny|Comedy|Action-Adventure|Action RPG|Hack and Slash|controller support|RTS|Beat em up|Music|Gothic|Real time strategy,Xbox Store|PlayStation Store|GOG|Steam|Xbox 360 Store|itch.io|App Store,https://media.rawg.io/media/games/af7/af7a831001c5c32c46e950cc883b8cb7.jpg,http://www.brutallegend.com,brutal-legend,"Heavy Metal is a way of life and a world in itself, but Eddie Riggs found the real one, after the accident during a concert left him crushed by the scenery and making the involuntary blood sacrifice to the Ormagden. The action adventure game with the real-time strategy elements in the open world introduced a star voice cast, compiled by musicians that became prototypes for some of the characters players will encounter during the game. Aside from the main story, players will be able to encounter dozens of side missions that may vary from the defense battles to a race. When using his V-guitar named Clementine, Eddie can cast spells, called Solos, by a simple rhythm game, reminiscent of Guitar Hero. Some story missions are so-called Battles of the Bands, where players will fight the armies in a real-time strategy fashion, and winning by outperforming the enemy band and destroying the stage.",48.81,4.36,2000s,1,good,generally_favorable
128,18240,Brothers: A Tale of Two Sons,2013-08-07,2013.0,Action|Adventure|Indie,Fantasy,Stylized,2D / 3D,Single & Multiplayer,1,Controller,Starbreeze Studios|Parables Games,505 Games|Parables Games,PlayStation 3|Xbox One|iOS|Nintendo Switch|Xbox 360|PlayStation 4|Android|PC,8.0,T — Teen (13+),4.18,90.0,1627.0,1641.0,8393.0,3.0,84.0,0.0,5644,1591,35,272,340,511,Singleplayer|Steam Achievements|Multiplayer|Full controller support|Atmospheric|Great Soundtrack|Story Rich|2D|Third Person|Fantasy|Survival|Local Co-Op|Controller|controller support|Short|Colorful|Turn-Based Strategy|Walking Simulator|Top-Down|Linear|3D Vision|Stylized|Drama|Hand-drawn|Turn-Based Tactics|Lore-Rich|Puzzle Platformer|Grid-Based Movement|Faith|solitaire|Foreign|Sokoban,PlayStation Store|Steam|GOG|Xbox 360 Store|Xbox Store|App Store|Google Play|Nintendo Store|Epic Games,https://media.rawg.io/media/games/b6b/b6b20bfc4b34e312dbc8aac53c95a348.jpg,https://505games.com/games/brothers/,brothers-a-tale-of-two-sons-2,"Brothers - A Tale of Two Sons is a story about teamwork. Having a very curious setup, the story follows two brothers on a quest. With their mother dead and father being heavily ill, the only way to save is to bring water from the Tree of Life. But on their way, they will have to challenge the world and themselves. Villages, mountains and forests, bullies, trolls and wolves will await Naiee and Naia on their journey. With having such setup, the game found a perfect way to portray this world to the audience. The beautiful visual style and something in between adventure and a platformer make the game an exciting experience. Although that is not the most curious thing about the game. With having two brothers involved in a story, the game actually gives you an opportunity to control both of them. You can solve puzzles by simultaneously moving both of the characters. For example, one of your heroes must distract an enemy, and another is supposed to go behind. This amazing feature provides you with one of the most unique experiences as you play two characters at once.",54.44,9.96,2010s,1,excellent,universal_acclaim
129,1416,Mafia II,2010-08-24,2010.0,Action|Shooter,Crime,Realistic,3D,Single & Multiplayer,1,Controller,2K Czech,2K Games|1C-SoftClub,PlayStation 3|Xbox 360|PC|Xbox One,4.0,M — Mature (17+),4.24,77.0,2164.0,2181.0,8372.0,13.0,334.0,6.0,5268,2506,19,229,133,217,Singleplayer|Steam Achievements|Multiplayer|Atmospheric|Great Soundtrack|RPG|Story Rich|Open World|Third Person|Partial Controller Support|Classic|Sandbox|Third-Person Shooter|Nudity|Crime|3D Vision|Driving|Music|America,Xbox Store|Steam|Xbox 360 Store|PlayStation Store,https://media.rawg.io/media/games/9e5/9e5b274c7e3aa5e30beba31b834b0e7e.jpg,http://www.mafia2game.com,mafia-ii,"Mafia II is the second game in the franchise about Italian mafia operating in America after World War II. Vito Scalleta returns from the war in Italy being wounded. As he returns and reunites with his friend Joe, he and Henry Tomassino convince Vito to be apart of an Italian mafia in fictional city Empire Bay. Starting to work for Alberto Clemente, Vito must go through every aspect of being a part of the family and become a big thing in it. Even though the game has an open world mechanic, you wont probably explore it. Travelling to missions give an opportunity to listen to music of this time in America - Chuck Berry, Muddy Waters, Dean Martin and others, providing the game with a great atmosphere of the USA in its 50s. The gameplay has a variety of missions to offer, in which you can confront your enemies in melee combat, shoot them with different guns like M1911 or Thompson, or stealthily engaging your opponents. The game is pretty strict to the player reaching highest of empathy with Vito and every situation hes in.",53.55,16.96,2010s,1,excellent,generally_favorable
130,23585,Far Cry 5,2018-03-27,2018.0,Action|Shooter,Adventure,Realistic,3D,Single & Multiplayer,1,Controller,Ubisoft|Ubisoft Montreal|Ubisoft Toronto|Ubisoft Shanghai|Ubisoft Kiev|Red Storm,Ubisoft Entertainment,PlayStation 4|PC|Xbox One,3.0,M — Mature (17+),3.72,80.0,2124.0,2166.0,8364.0,19.0,435.0,7.0,4728,1847,184,598,619,388,Singleplayer|Multiplayer|Atmospheric|steam-trading-cards|Co-op|Story Rich|Open World|cooperative|First-Person|Partial Controller Support|FPS|Exploration|Female Protagonist|Survival|Stealth|Includes level editor|Character Customization|Captions available|Memes|Illuminati|America|Hunting|microtransactions,Steam|PlayStation Store|Xbox Store,https://media.rawg.io/media/games/bce/bce62fbc7cf74bf6a1a37340993ec148.jpg,https://www.ubisoft.com/en-gb/game/far-cry/far-cry-5,far-cry-5,"Far Cry 5 is an open-world adventure first-person shooter developed by Ubisoft Montreal. It is the fifth main installment in the series. Welcome to Hope County, Montana, where a violent religious doomsday cult appeared. You play as a junior deputy sheriff who gets trapped in the Hope County as all the ways out the county are now patrolled with cultists and all external communication is cut off. It is your job to free the county of cultists. For the first time in the series, the game features a character creation screen. A wide range of weaponry which varies from pistols to grenade launchers is available to the player. Various vehicles are also at your exposal: cars, planes, helicopters, and so on. The game puts a strong emphasis on building the resistance to the cultists. Players have to recruit the locals in order to have more fighters and gain reputation. A welcome addition to the game is the so-called Guns For Hire system. It allows the players to choose one of the comrades that will follow them anywhere. For example, hiring a sniper will help the player spot enemy targets in the distance. The whole game can be played in both singleplayer and co-op modes.",51.94,13.81,2010s,1,good,generally_favorable
131,3687,Watch Dogs,2014-05-27,2014.0,Action|Adventure,Crime,Realistic,3D,Single & Multiplayer,1,Controller,Ubisoft|Ubisoft Montreal,Ubisoft Entertainment,Xbox One|Wii U|Xbox 360|PlayStation 3|PlayStation 4|PC,6.0,M — Mature (17+),3.59,77.0,2183.0,2199.0,8315.0,16.0,475.0,2.0,4693,2033,64,858,254,413,Singleplayer|Multiplayer|Atmospheric|RPG|Co-op|Open World|cooperative|Third Person|Partial Controller Support|FPS|Sandbox|Stealth|Third-Person Shooter|Futuristic|Parkour|Driving|Hacking|first person mod,Steam|Epic Games|PlayStation Store|Nintendo Store|Xbox 360 Store|Xbox Store,https://media.rawg.io/media/games/879/879c930f9c6787c920153fa2df452eb3.jpg,http://www.watchdogs.com/,watch-dogs,"In WATCH_DOGS you play as Aiden Pierce. A professional hacker that can do anything that he pleases with the city due to a new electronic system that now controls almost every aspect of the city - ctOS. By using Aidens phone, you are able to penetrate any device in the whole city and do whatever you want it. For example, you can hack through someone phone and rob his bank account, or gain control camera system and observe things around you. But after one heist that goes wrong, Pierce must hide his family. But while riding to safety, his car is shot by a mercenary called Maurice Vega, and Pierces niece dies. Interrogating Maurice did not lead to any clue who hired him, and when he returns in the city, he falls into a whole war between the hackers, involving his former partner Damien Brenks, hacking syndicate DedSec and other characters in the game. By blackmailing Aiden, he is forced to help the hackers in order to save his family.",50.9,14.86,2010s,1,good,generally_favorable
132,51329,Shadow of the Tomb Raider,2018-09-14,2018.0,Action|Adventure,Adventure,Realistic,3D,Singleplayer,0,Controller,Eidos Montreal,Square Enix,Xbox One|PC|PlayStation 4|macOS|Linux,5.0,M — Mature (17+),3.92,78.0,1629.0,1647.0,8304.0,10.0,508.0,23.0,5081,1478,172,284,659,630,Singleplayer|Steam Achievements|Full controller support|Steam Cloud|Atmospheric|steam-trading-cards|Great Soundtrack|Story Rich|Open World|Third Person|Gore|Exploration|Female Protagonist|Survival|Violent|Stealth|Action-Adventure|Dark|Lara Croft,PlayStation Store|Xbox Store|Steam|Epic Games,https://media.rawg.io/media/games/7f6/7f6cd70ba2ad57053b4847c13569f2d8.jpg,https://www.tombraider.com/en-gb,shadow-of-the-tomb-raider,"Experience Lara Crofts defining moment as she becomes the Tomb Raider. In Shadow of the Tomb Raider, Lara must master a deadly jungle, overcome terrifying tombs, and persevere through her darkest hour. As she races to save the world from a Maya apocalypse, Lara will ultimately be forged into the Tomb Raider she is destined to be. Survive and Thrive In the Deadliest Place on Earth: Master an unforgiving jungle setting in order to survive. Explore underwater environments filled with crevasses and deep tunnel systems. Become One With the Jungle: Lara must use the jungle to her advantage to strike suddenly and disappear like a jaguar, use mud as camouflage, and instill fear in enemies to sow chaos. Discover Brutal Tombs: Terrifying tombs, filled with deadly puzzles, require advanced traversal techniques to be accessed Uncover Living History: Discover a hidden city and explore the biggest Tomb Raider hub ever.",50.85,11.13,2010s,1,good,generally_favorable
133,2361,Psychonauts,2005-04-01,2005.0,Action|Platformer,Comedy,Cartoon / Cel-Shaded,2D / 3D,Singleplayer,0,Controller,Double Fine Productions,Microsoft Studios|THQ Nordic|Xbox Game Studios|Double Fine Productions,PlayStation 3|Xbox One|iOS|PC|macOS|Linux|Xbox 360|PlayStation 2|PlayStation 4|Xbox,10.0,T — Teen (13+),4.04,87.0,974.0,990.0,8296.0,4.0,148.0,2.0,6332,678,62,329,242,653,Singleplayer|Steam Achievements|Steam Cloud|steam-trading-cards|Great Soundtrack|Story Rich|Third Person|Partial Controller Support|Funny|Exploration|Classic|Comedy|Action-Adventure|Cute|3D|3D Vision|Surreal|3D Platformer|Cartoony|Cult Classic|Psychological,PlayStation Store|Xbox Store|GOG|Steam|App Store|Xbox 360 Store,https://media.rawg.io/media/games/c89/c89ca70716080733d03724277df2c6c7.jpg,http://www.psychonauts.com/,psychonauts,"Double Fine Productions and Tim Shafer are known for making very curious games out of amazing ideas. Psychonauts is exactly about some idea. You have to get inside peoples mind and help them fight with their fears or memories from the past. We follow a story of Raz, who runs away from the circus and goes to the summer camp for Psychonauts - people with special abilities. They refuse to teach him but allow him to participate in ""Basic Braining"" course. When his talent becomes clear, hes being invited to an experiment. After receiving a vision, he realises that theres a sinister plan behind the camp and only he can save everyone there. The game exists in two different worlds - a real one and a mental one. If the real world leaves no question about it, the mental world is one of the most interesting features of the game. Twisted minds, memories from the past and deepest fears is something you are about to encounter with. Having a number of abilities like telekinesis or invisibility will help you cure a persons psychological issue.",51.28,4.83,2000s,1,excellent,generally_favorable
134,28201,Metro Exodus,2019-02-13,2019.0,Action|Shooter,Horror,Realistic,3D,Singleplayer,0,Controller,4A Games,Deep Silver,PC|PlayStation 5|Xbox One|PlayStation 4,4.0,M — Mature (17+),4.16,81.0,1678.0,1707.0,8294.0,6.0,293.0,3.0,4982,1483,129,328,810,562,Singleplayer|Steam Achievements|Full controller support|Steam Cloud|Atmospheric|steam-trading-cards|Great Soundtrack|Story Rich|First-Person|Sci-fi|Horror|FPS|Gore|Exploration|Survival|Violent|Stealth|Survival Horror|Post-apocalyptic|Crafting|Cinematic|steam|meat|category|russia,PlayStation Store|GOG|Steam|Xbox Store|Epic Games,https://media.rawg.io/media/games/152/152e788b7504aa2753c86dae912fb34c.jpg,http://www.metrothegame.com/,metro-exodus,"Metro Exodus is the third installment in the Metro series. It is based on the series of post-apocalyptic novels by Russian writer Dmitry Glukhovsky. The game is the sequel to Metro: Last Light and is set two years after its ending. ###Plot Exodus takes place in the year 2036 in post-apocalyptic Russia. According to the Metro universe backstory, in 2013 the planet was devastated by a total nuclear war. The atomic bombing left many parts of the Earths surface uninhabitable due to high radiation rates, dangerous mutated monsters, and anomalies abound. The last remnants of humanity survive by hiding in the subway tunnels (hence the name of the series). The main protagonist is Artyom, a former dweller of Moscow Metro. Together with his wife Anna, he escaped the capital to search for survivors in the Russian Far East (thus making the Redemption ending of the Last Light the series canon). ###Gameplay The player controls Artyom from the first person view. Exodus introduces the sandbox open-world, although the game combines it with the traditional linear levels. Unlike in previous games, Exodus is set mostly outside the subway system. Thus, the game also introduces the weather, the day and night cycle and the change of seasons. The player explores the Russian wilderness during and after the nuclear winter and rides a steam locomotive named Aurora through Siberia.",52.53,10.25,2010s,1,excellent,generally_favorable
135,2743,Heavy Rain,2010-02-17,2010.0,Action|Adventure,Comedy,Realistic,3D,Singleplayer,0,Controller,Quantic Dream,Sony Computer Entertainment|Quantic Dream,PC|PlayStation 4|PlayStation 3,3.0,M — Mature (17+),4.12,80.0,2421.0,2436.0,8279.0,5.0,39.0,0.0,4634,2424,87,283,397,454,Singleplayer|Steam Achievements|Full controller support|Steam Cloud|Atmospheric|Story Rich|Third Person|Comedy|Violent|Nudity|Mystery|Choices Matter|Cinematic|Memes|Sexual Content|Multiple Endings|Detective|Drama|Narration|Emotional|Interactive Fiction|Investigation|Dynamic Narration,GOG|PlayStation Store|Steam|Epic Games,https://media.rawg.io/media/games/0af/0af85e8edddfa55368e47c539914a220.jpg,https://www.quanticdream.com/en/heavy-rain,heavy-rain,"Heavy Rain is an interactive drama telling the story of the investigation of a serial murders case. Players assume roles of four people Ethan Mars, Norman Jayden, Madison Paige, and Scott Shelby somehow involved in the case of Origami Killer, who is used to leave his victims alone, marked with origami figures. It soon reveals that all Origami Killers murders are connected with weather changes (actually heavy rains). In the course of the completion, players will follow the characters on their way to the key of the murderers mystery. Heavy Rain is an unusual action-adventure game. All four main characters are controlled from the third-person perspective with only several buttons, as the interaction with the environment is usually done by activating on-screen prompts like holding the trigger, pushing a button, positioning the stick, or all in one. The gameplay consists of multiple scenes, which affect the further in-game progress by the players choice and create a branching storyline that can lead to various endings including the death of certain main characters.",54.22,15.16,2010s,1,excellent,generally_favorable
136,1450,INSIDE,2016-06-28,2016.0,Action|Adventure|Indie|Puzzle|Platformer,Horror,Realistic,2D,Singleplayer,0,Controller,Playdead,Playdead,Nintendo Switch|PC|iOS|macOS|Xbox One|PlayStation 4,6.0,T — Teen (13+),4.39,87.0,2530.0,2565.0,8272.0,4.0,70.0,0.0,4374,2619,60,213,488,518,Singleplayer|Steam Achievements|Full controller support|Steam Cloud|Atmospheric|Great Soundtrack|Story Rich|Sci-fi|Horror|Stealth|Dark|controller support|Mystery|Short|Dystopian|achievements|Puzzle-Platformer|2.5D|european|Oyun Kumandası Desteği|Steam Başarımları|Tek Oyunculu,Epic Games|PlayStation Store|Xbox Store|Steam|GOG|Nintendo Store|App Store,https://media.rawg.io/media/games/d5a/d5a24f9f71315427fa6e966fdd98dfa6.jpg,http://www.playdead.com/,inside,"INSIDE is a platform adventure game that transfers the atmosphere of a dystopic world. Players assume the role of a lonely boy, who walks through the monochromatic 2.5D environment and solves various puzzles. By the time main antagonists of the character pursue him throughout the whole world. The main storyline follows the unnamed boy through the in-game world locations including a forest, a farm, and a fictional laboratory, where experiments on bodies are held. The gameplay is divided into levels tied to each location. While completing them, the boy, controlled by players, has to swim, run, climb the obstacles and use his supernatural ability to control bodies with his special helmet. In the course of the travel, the protagonist also comes across a siren-like creature, who gives him gear for breathing underwater. The death occurs in several ways ranging from drowning to being shot with a tranquilizer dart. In addition to the basic ending, the storyline features an alternate one, which unlocks after collecting all the hidden glowing orbs.",56.99,16.35,2010s,1,excellent,generally_favorable
137,9830,Brawlhalla,2014-04-30,2014.0,Action|Casual|Fighting|Indie,General,Realistic,2D,Single & Multiplayer,1,Controller,Ubisoft|Blue Mammoth Games,Ubisoft Entertainment|Blue Mammoth Games,Xbox One|Android|iOS|PC|macOS|Nintendo Switch|PlayStation 4,7.0,E10+ — Everyone 10+,3.22,73.8,1100.0,1108.0,8257.0,2.0,338.0,0.0,6869,183,107,859,41,198,Singleplayer|Multiplayer|Full controller support|steam-trading-cards|Co-op|cooperative|2D|Online Co-Op|Survival|Free to Play|Online multiplayer|Split Screen|Local Co-Op|Controller|Local Multiplayer|Early Access|Cross-Platform Multiplayer|Beat em up|4 Player Local|2D Fighter,App Store|Nintendo Store|Steam|PlayStation Store|Xbox Store|Google Play,https://media.rawg.io/media/games/35b/35b47c4d85cd6e08f3e2ca43ea5ce7bb.jpg,http://www.brawlhalla.com,brawlhalla,"Brawlhalla is a free-to-play fighting game with platformer elements. You pick a character from 39 available heroes (this amount is increasing with new updates) and try to knock your opponent off the stage. The controls are simple to make the game easy to master. Every character has two weapons and also can use boosts that drop on the stage. They also have such characteristics as Strength, Dexterity, Defense, and Speed that determine their combat style and can be slightly modified. Brawlhalla supports online and local multiplayer and cooperative along with multiple modes where you can test your skills and increase the rank. Except for 1v1 duels and different team matches, you can take part in huge arena battles with multiple opponents. Some stages consist of several platforms that can change their position during the fight. Moreover, Brawlhalla holds numerous competitions and tournaments all over the world with money prizes.",45.64,2.21,2010s,1,average,mixed
138,50734,Sekiro: Shadows Die Twice,2019-03-22,2019.0,Action|RPG,Historical,Realistic,3D,Singleplayer,0,Controller,FromSoftware,Activison|FromSoftware|Activision Value Publishing|方块游戏,Xbox One|PC|PlayStation 4,3.0,M — Mature (17+),4.38,90.0,2070.0,2106.0,8219.0,16.0,77.0,10.0,3988,1402,319,684,1265,561,Singleplayer|Atmospheric|Great Soundtrack|RPG|Story Rich|Open World|Third Person|Partial Controller Support|Difficult|Exploration|Violent|Stealth|Action-Adventure|Action RPG|Nudity|Dark Fantasy|Memes|Sexual Content|JRPG|3rd-Person Perspective|Assassin|Souls-like|Ninja,Xbox Store|Steam|PlayStation Store,https://media.rawg.io/media/games/67f/67f62d1f062a6164f57575e0604ee9f6.jpg,http://www.sekirothegame.com,shadows-die-twice,"Sekiro: Shadows Die Twice is a game about a ninja (or shinobi, as they call it), who is seeking revenge in the Sengoku era Japan. ###Plot The game is set in the 16th century in a fictionalized version of Japan. The main protagonist is a member of a shinobi clan. A samurai from the rival Ashina clan captured the protagonists master, and the protagonist himself lost his arm trying to protect his leader. However, a sculptor of Buddha statues managed to replace the lost limb with an advanced prosthetic arm. The protagonist accepted a new name, Sekiro, meaning one-armed wolf. Now his goal is to avenge his clan and to save his leader from the hands of their enemies. ###Gameplay The player controls Sekiro from the third person view and navigates the character as he fights multiple enemies. Sekiro: Shadows Die Twice features an innovative combat system that doesnt use hit points. Instead, the opponents can be killed with a single precision strike. However, the player has to fight his or her way through the opponents blocks and parries to land the deadly blow. The main character fights with his sword (katana) in the right hand, while his left hand can host a variety of upgrades, such as an ax, a torch, or a shield. The game also emphasizes stealth action. The player has to use a grappling hook to access multiple locations. Sekiro: Shadows Die Twice has no multiplayer.",56.17,10.05,2010s,1,excellent,universal_acclaim
139,4280,Max Payne 3,2012-05-15,2012.0,Action|Shooter,Crime,Realistic,3D,Single & Multiplayer,1,Controller,Rockstar Games,Rockstar Games,PlayStation 3|PC|Xbox 360|macOS,4.0,M — Mature (17+),4.26,87.0,1913.0,1931.0,8201.0,10.0,200.0,2.0,5158,2167,37,290,238,311,Singleplayer|Steam Achievements|Multiplayer|Atmospheric|Great Soundtrack|Co-op|Story Rich|Open World|Third Person|Partial Controller Support|FPS|Violent|Third-Person Shooter|Dark|Nudity|Cinematic|Linear|3D Vision|Noir|Bullet Time,PlayStation Store|Steam|Xbox 360 Store,https://media.rawg.io/media/games/5bf/5bf88a28de96321c86561a65ee48e6c2.jpg,http://www.rockstargames.com/maxpayne3,max-payne-3,"In Max Payne III we see Max from a new perspective. Taking place nine years after the second game, Payne left the police department in New York and now serves as a private security contractor in So Paulo, Brazil. Guarding the Branco family - Ricardo, Victor and Marcelo, everything turns into a disaster when a local street gang kidnaps Ricardos wife. In attempt saving Ricardos wife, another outlaw involves. In the end, Max has to infiltrate the gang to save Fabiana and perform some justice. Even if Max is old, he still can put on a hell of a fight. A cover system provides some good tactical advantages and bullet time is now something iconic for the series. Manipulating with time, Max can perform some amazing tricks to kill his opponent. Also, you can shoot from any angle basically, while lying on the ground. If that isnt enough for you, you can obliterate your enemies with melee attacks or blow them up by using explosives. As another feature of the game, no loading screens are involved. Cut-scenes are also interactive, and with that, the process of the game is absolutely smooth which makes the best experience from an intense shooter.",54.61,14.59,2010s,1,excellent,generally_favorable
140,3931,Saints Row IV,2013-08-20,2013.0,Action|Adventure,Sci-Fi,Realistic,3D,Single & Multiplayer,1,Controller,Volition,Deep Silver,PlayStation 3|PC|Xbox One|PlayStation 4|Xbox 360|Linux,6.0,M — Mature (17+),3.82,86.0,1616.0,1627.0,8192.0,13.0,269.0,5.0,5748,1510,53,516,117,248,Singleplayer|Multiplayer|Full controller support|Steam Cloud|Great Soundtrack|Co-op|Open World|cooperative|Third Person|Sci-fi|Online Co-Op|Funny|Sandbox|Female Protagonist|Comedy|Third-Person Shooter|Character Customization|Aliens|Dark Humor|Superhero|first person mod|Parody,Xbox Store|PlayStation Store|Steam|Xbox 360 Store,https://media.rawg.io/media/games/e3d/e3ddc524c6292a435d01d97cc5f42ea7.jpg,https://saintsrow.com/,saints-row-iv,"Saints Row IV is the fourth and the last main entry for the Saints Row franchise. Almost right after stating Steelport as the independent nation in the third game, The Boss (player) is being contacted by MI6 with a mission to eliminate STAG leader Cyrus Temple and prevent him from launching a nuclear attack. And by doing so The Boss earns complete respect and love from America. Five years after, The Boss is being elected as a President of The United States. But sudden alien invasion by Zinyak in the lead destroys everything, while they capture whole crew from the third game and main protagonist as well, putting him in the simulation world. With traditional gameplay of the Saints Row franchise being kept untouched, the developers added new features that can be understood as a reference to the Matrix franchise. While The Boss is in simulation, he can some extraordinary powers such as enormously high jumping, super running speed and amazing force which affects the gameplay with different side missions, collectables and walkthrough of the game. And a dubstep gun.",51.81,11.03,2010s,1,good,generally_favorable
141,8488,Tom Clancys Rainbow Six Siege,2015-12-01,2015.0,Action|Shooter,Sci-Fi,Realistic,3D,Single & Multiplayer,1,Controller,Ubisoft|Ubisoft Montreal|Sperasoft,Ubisoft Entertainment,Xbox One|PC|PlayStation 4|Xbox Series S/X|PlayStation 5,5.0,T — Teen (13+),3.89,75.0,1504.0,1520.0,8176.0,32.0,184.0,11.0,6253,405,383,920,82,133,Singleplayer|Multiplayer|Atmospheric|steam-trading-cards|Co-op|First-Person|Partial Controller Support|FPS|Online Co-Op|Female Protagonist|Tactical|Realistic|Physics|Team-Based|Competitive|Destruction,Epic Games|Xbox Store|PlayStation Store|Steam,https://media.rawg.io/media/games/b34/b3419c2706f8f8dbe40d08e23642ad06.jpg,http://rainbow6.ubi.com/,tom-clancys-rainbow-six-siege-2,"The gameplay of the game is based on intense strategic battles between the Navigator and the defenders in a limited space. Locations in the game consist of a multi-level object (for example, a multi-storey building), inside which there are defenders, and the area around it, where the attackers begin. Destruction is at the head of the game mechanics. The surrounding objects are created with maximum realism, the degree of damage depends on the calibre of the bullets used by the players or on the total power of the laid explosives. Walls can be destroyed, creating new firing positions and shelters. Optimal use of the potential of destruction often becomes a guarantee of victory. Defenders can limit the ability of attackers to destroy, using kits to strengthen the walls and the device of some operatives. The primary game mode - multiplayer, normal or rating. During the game in the last mode, the player is assigned a certain rank, and parameters such as the ratio of kills/deaths and wins/losses are recorded in his profile displayed in the game.",49.55,5.61,2010s,1,good,generally_favorable
142,2819,Firewatch,2016-02-08,2016.0,Adventure|Indie,Horror,Anime,3D,Not Specified,0,Controller & Keyboard/Mouse,Campo Santo,Panic|Campo Santo,macOS|Linux|Nintendo Switch|PlayStation 4|Xbox One|PC,6.0,M — Mature (17+),4.3,81.0,2457.0,2495.0,8167.0,5.0,40.0,0.0,4428,2685,50,190,484,330,Atmospheric|Great Soundtrack|Story Rich|Horror|Exploration|Mystery|Short|Colorful|Mature|Walking Simulator|Visual Novel|Drama|Interactive Fiction|Thriller|interactive movie|interactive game,PlayStation Store|Xbox Store|Steam|GOG|Nintendo Store,https://media.rawg.io/media/games/0be/0bea0a08a4d954337305391b778a7f37.jpg,https://www.firewatchgame.com/,firewatch,"Firewatch is a mysterious adventure game with beautiful graphics, which tells a story of a fire lookout Henry. From the very beginning, the game sets up a tough atmosphere of loneliness. The main action takes place in Shoshone National Forest of Wyoming in 1989 (a reference to Yellowstone fires of 1988). According to the storyline, right after the appointment to the fire tower in Shoshone forest Henry starts facing strange things. The further gameplay is based on exploring the entire forest and investigating its phenomena. Players progress will affect the accessibility of the distant game areas. Sometimes the silence is being interrupted by the protagonists walkie-talkie, which connects him with his supervisor Delilah. Gameplay also includes mechanics of choice within the dialogue: each optional phrase reflects on Henrys relations with Dalilah. In addition to the puzzles of the forest, Henry tries to solve his own experiences while wandering. Playing for Henry and his accomplice gamers will have to clear up the mysteries of the past, connected with the fire tower in Shoshone National Forest.",55.03,16.96,2010s,1,excellent,generally_favorable
143,2093,No Mans Sky,2016-08-09,2016.0,Action|Adventure|RPG|Simulation|Massively Multiplayer|Indie,Horror,Realistic,3D,Single & Multiplayer,1,Controller,Hello Games,Hello Games,Nintendo Switch|Xbox One|PC|PlayStation 4|PlayStation 5,5.0,T — Teen (13+),3.71,75.0,1557.0,1569.0,8140.0,15.0,166.0,0.0,5819,312,306,1034,352,317,Singleplayer|Steam Achievements|Multiplayer|Full controller support|Steam Cloud|Atmospheric|Great Soundtrack|Open World|First-Person|Sci-fi|Horror|FPS|Exploration|Sandbox|Survival|Space|controller support|Mystery|Crafting|overlay|online|achievements|Procedural Generation|Illuminati|console|Epic|nature|offline|Science|cloud saves|fight|weapons|Space Sim|journey|ship|planets|galaxy|light|sun|sky,PlayStation Store|GOG|Steam|Xbox Store|Nintendo Store,https://media.rawg.io/media/games/174/1743b3dd185bda4a7be349347d4064df.jpg,http://www.no-mans-sky.com,no-mans-sky,"No Mans Sky is a space action-adventure survival game developed by Hello Games. The overall visual style of the game is inspired by various science fiction books. Demoscene also served as a source of inspiration for the developers. The main feature that the game revolves around is the procedural generation. Each planet you visit is generated from scratch. The information about the planets and their inhabitants is dynamically updated so every player can discover a new species or planet and give it a name. No Mans Sky gameplay implies the exploration of space and planets some of which are inhabited with extra-terrestrial life, gathering resources, space battles, maintaining and upgrading the players ship and completing bounty hunting missions. The main objective is to reach the center of the galaxy. On release, it was stated that the game is in fact multiplayer, but the size of its world is so big that the probability of meeting another player is extremely small. It turned out that it is impossible to meet any other player due to the extremely limited multiplayer aspect. As of 2018, Hello Games released the fourth major update which included the full multiplayer experience.",48.91,3.61,2010s,1,good,generally_favorable
144,58616,Assassins Creed Odyssey,2018-10-05,2018.0,Action|RPG,Historical,Realistic,3D,Singleplayer,0,Controller,Ubisoft|Ubisoft Montreal|Ubisoft Montpellier|Ubisoft Shanghai|Ubisoft Quebec|Ubisoft Bucharest|Ubisoft Singapore|Ubisoft Kiev,Ubisoft Entertainment,PlayStation 4|PC|Xbox One|Nintendo Switch,4.0,M — Mature (17+),3.98,85.0,2071.0,2104.0,8123.0,31.0,437.0,21.0,4456,1474,373,574,707,539,Singleplayer|Atmospheric|steam-trading-cards|RPG|Story Rich|Open World|Third Person|Partial Controller Support|Female Protagonist|Stealth|In-App Purchases|Captions available|Historical|Parkour|Assassin,PlayStation Store|Nintendo Store|Epic Games|Steam|Xbox Store,https://media.rawg.io/media/games/c6b/c6bd26767c1053fef2b10bb852943559.jpg,https://assassinscreed.ubisoft.com/game/en-us/home/,assassins-creed-odyssey,"Assassins Creed Odyssey is the twentieth game in its series. It is the earliest game in the Assassins Creed universe chronology and the prequel to Assassins Creed Origins. ###Plot The events of Assassins Creed Odysseys take place in the Classical Era of Ancient Greece, in 431 BC, before the Brotherhood of Assassins was even formed. The plot follows a fictionalized story of the Peloponnesian War between city-states of Sparta and Athens that left Greece devastated. The player can choose to control either a male (named Alexios) or female (named Kassandra) protagonist, both of them being descendants of the famous Spartan king Leonidas. The player enters the plot as a mercenary and can side with either Athens or its rival Sparta. Theres also the frame story set in the contemporary age. Its protagonist is Layla Hassan, who was also the main character in the frame story of Assassins Creed Origins. ###Gameplay Unlike most earlier installments of Assassins Creed, which put the emphasis solely on action, Odyssey has a strong role-playing element in it. Dialogue options and the non-linear plot allow the player to reach several alternate endings. The game also has a reputation system and multiple options for romancing, including same-sex romances. The combat system is similar to that in Origins with the addition of new skills. The game also reintroduces naval battles.",53.4,12.83,2010s,1,good,generally_favorable
145,3556,Alien: Isolation,2014-10-05,2014.0,Action|Adventure,Horror,Realistic,3D,Singleplayer,0,Controller,Feral Interactive|SEGA|Creative Assembly,SEGA|Feral Interactive,PC|Xbox One|Nintendo Switch|Android|iOS|PlayStation 4,6.0,M — Mature (17+),4.21,81.0,1445.0,1458.0,8122.0,4.0,419.0,26.0,5468,902,159,614,333,646,Singleplayer|Steam Achievements|Full controller support|Steam Cloud|Atmospheric|Great Soundtrack|First-Person|Sci-fi|Horror|FPS|Gore|Difficult|Female Protagonist|Survival|Stealth|Space|Survival Horror|Aliens|vr mod,GOG|Steam|PlayStation Store|App Store|Xbox 360 Store|Xbox Store|Epic Games|Google Play|Nintendo Store,https://media.rawg.io/media/games/daa/daaee07fcb40744d90cf8142f94a241f.jpg,http://www.alienisolation.com,alien-isolation,"Alien: Isolation is an action-survival horror game played from the first-person perspective for a more intense experience. The game is not a sequel to any of Alien games, but it is directly connected to the original 1979 Alien film, so the gameplay includes historical references, and the game itself transfers the unique atmosphere and the old vision of the future. The action is set 15 years after the film events. Young Amanda Ripley accompanied by Nina Taylor and the android Christopher Samuels reaches a distant space station Sevastopol to investigate the case of her mother Ellen Ripley (the protagonist of the 1979 film) disappearance. On the way to the Nostromos (Ellens spacecraft) flight recorder, Amanda will face plenty of hardships like hostile androids and Aliens because the Sevastopol station is wholly abandoned. Players have to explore the entire station inhabited with Aliens. Due to the crafting system, players can create the necessary gear to prevent contacts with countless enemies.",51.76,7.05,2010s,1,excellent,generally_favorable
146,4223,The Darkness II,2012-02-07,2012.0,Action,Horror,Realistic,3D,Single & Multiplayer,1,Controller,2K|Digital Extremes,2K Games,PlayStation 3|macOS|PC|Xbox 360|Xbox One,5.0,M — Mature (17+),3.7,77.0,1112.0,1118.0,8106.0,3.0,139.0,1.0,6284,969,19,237,128,469,Singleplayer|Steam Achievements|Multiplayer|Atmospheric|Co-op|Story Rich|cooperative|First-Person|Partial Controller Support|Horror|FPS|Funny|Gore|Violent|Dark|Nudity|Short|Multiple Endings|Comic Book|Supernatural,Xbox Store|PlayStation Store|Steam|Xbox 360 Store,https://media.rawg.io/media/games/744/744adc36e6573dd67a0cb0e373738d19.jpg,http://www.embracethedarkness.com/,the-darkness-ii,"With a gap of five years, Darkness II is a sequel for the first part of the franchise following the story of James Estacado. After becoming the don of the Franchetti family, he still fights the fact that his girlfriend Jenny died in the first game and fighting against the Darkness itself. Things turn pretty bad when a group of attackers catch James and his men off guard in a restaurant. Being severely injured he still refuses this powers even if they save them. The attack doesnt end so fast, and after an explosion, James is left to bleed out and die. James gives up and embraces the Darkness fighting off his attackers and begins his fight with the Brotherhood and his own sanity. The core feature of the game is to control the tendrils. Being Darknesses spawns, two tendrils will help the player to fight off his enemies. You can execute people, throw them around and throw things at them. Also, you can use it to merely attack or defend yourself in any fighting situation. In case you will want to do the campaign with your friends, the game gives you Vendetass. The plot of it follows four hitmen from Jackies family to stop the mysterious Brotherhood.",47.96,6.61,2010s,1,good,generally_favorable
147,58654,Hitman 2,2018-11-13,2018.0,Action|Shooter,General,Realistic,3D,Single & Multiplayer,1,Controller & Keyboard/Mouse,IO Interactive,Warner Bros. Interactive,Xbox One|PC|PlayStation 4,3.0,M — Mature (17+),4.04,83.0,1215.0,1224.0,8060.0,5.0,667.0,9.0,5894,689,127,321,414,615,Singleplayer|Multiplayer|Great Soundtrack|Co-op|Open World|cooperative|Third Person|Gore|Sandbox|Violent|Stealth|Nudity|3rd-Person Perspective|Assassin,Xbox Store|PlayStation Store|Steam,https://media.rawg.io/media/games/858/858c016de0cf7bc21a57dcc698a04a0c.jpg,https://hitman.com,hitman-2,"Hitman 2 is the seventh game in its series. It is the sequel to Hitman and a prequel to all other entries of the franchise. ###Plot As with all Hitman series, the game follows Agent 47, a hitman for hire and a member of a secret assassins organization called International Contract Agency. His missions are tied together by a story that continues the plot of 2016s Hitman. The protagonist is searching for an anonymous opponent known as Shadow Client, who was also the main antagonist of the previous game. Hitman 2 also provides insight into Agent 47s mysterious past. The hunt for Shadow Client and his militia takes Agent 47 to new locations, such as a motor race on the sunny streets of Miami and a deadly tropical rainforest in Colombia. ###Gameplay As usual for Hitman series, the player controls Agent 47 from the third person view (switching to the first person when using sniper rifles) in a 3D environment. The game consists of several missions in which the protagonist has to assassinate various targets around the world using non-conventional tactics, stealth, and camouflage. Hitman 2 features an advanced crowd AI and an improved stealth system that allows the player to hide between the trees and in the crowd. The game also features new weapons, such as concussion gadgets that the player can use to knock people out. ###Multiplayer The game introduces a new mode called Sniper Assassin that allows the players to cooperate online.",50.73,6.54,2010s,1,excellent,generally_favorable
148,3678,War Thunder,2013-08-15,2013.0,Action|Shooter|Massively Multiplayer,Historical,Realistic,3D,Single & Multiplayer,1,Controller,Gaijin Entertainment,Gaijin Entertainment,Xbox One|PC|macOS|Linux|PlayStation 4,5.0,T — Teen (13+),3.19,81.0,1024.0,1031.0,8052.0,6.0,153.0,0.0,6851,148,87,767,22,177,Singleplayer|Steam Achievements|Multiplayer|Co-op|Open World|cooperative|Partial Controller Support|FPS|Free to Play|Cross-Platform Multiplayer|War|In-App Purchases|Realistic|Historical|Team-Based|Military|mmo|World War II|Tanks|Flight|TrackIR,Steam|PlayStation Store|Xbox Store,https://media.rawg.io/media/games/d07/d0790809a13027251b6d0f4dc7538c58.jpg,https://warthunder.com/,war-thunder,"War Thunder is a free-to-play cross-platform vehicular combat MMO with more than 1000 playable aircraft, helicopters, tanks or ships sprawled over huge maps that feature real-life locations and battles that transpired over the course of 20th century, most notably during WWII. ### Gameplay Air and land warfare pits 2 sides against each other up to 32 players who must battle over points or achieving total elimination against enemy forces across huge maps. There are also PVE missions including dynamic historical campaigns and solo missions plus the custom events that add limitations or put certain victory conditions. ### Changes Back in 2013 War Thunder featured 50 vehicles from the German and Russian trees of air forces and a small selection of maps to choose from. Over the course of the open beta and up to the original release in December 2016, the developers have added over 800 land and air vehicles spawning from British, Japanese, American and other vehicle trees, expanded the map selection, upgraded the interface and tweaked out the graphics and sound for better optimization. ### Recent updates Now War Thunder also has naval battles and with the latest update added helicopters to the mix. All the while constantly maintaining the games balance, polishing the visuals and the impeccable sound design, fixing bugs and implementing new features.",46.38,1.84,2010s,1,average,generally_favorable
149,4502,Darksiders,2010-01-27,2010.0,Action,Post-Apocalyptic,Realistic,2D / 3D,Singleplayer,0,Controller,THQ|Vigil Games,THQ Nordic|THQ,PlayStation 3|Xbox One|Xbox 360|Nintendo Switch|PC,5.0,M — Mature (17+),3.76,83.0,1209.0,1213.0,8035.0,3.0,199.0,5.0,6099,1003,27,434,115,357,Singleplayer|Steam Achievements|Steam Cloud|RPG|Open World|Third Person|Partial Controller Support|Fantasy|Gore|Action-Adventure|Action RPG|Controller|Hack and Slash|Post-apocalyptic|Beat em up|Metroidvania|3D Platformer|Character Action Game|Spectacle fighter,Xbox Store|PlayStation Store|Steam|Xbox 360 Store,https://media.rawg.io/media/games/8d4/8d46786ca86b1d95f3dc7e700e2dc4dd.jpg,http://www.darksiders.com,darksiders,"In Darksiders, you play as War - one of the Four Horsemen Of The Apocalypse. Two kingdoms, Heaven and Hell, could never solve their disagreements and battled each other from the beginning of time. ""The Charred Council"" arose in between two sides forming the brotherhood of Four Horsemen - War, Death, Strife and Fury. With these for horsemen on the watch and all the conflicts end, humanity has been born - a ""Kingdom of Man"". Council has created Seven Seals, that must be broken, when ""The Kingdom of Man"" will be ready for an Endwar. When our protagonist, War arrives on Earth, he sees that the final battle between Good and Evil already emerged without breaking Seven Seals. After fighting a demon called Straga, he is summoned by the council. It accuses him of destroying the balance, and that now the Apocalypse is unstoppable. Convincing the council in his innocence, War now has to stop the Endwar. Darksiders is a typical hack-and-slash game that lets you produce comboes with two primary weapons - Chaoseater and Scythe - and various gadgets. While defeating his enemies, War can execute them with brutality. The gameplay is undertoned with dark mythology bound with the present days.",49.55,7.04,2010s,1,good,generally_favorable
150,28568,Assassins Creed II,2009-11-17,2009.0,Action,Adventure,Realistic,3D,Not Specified,0,Controller & Keyboard/Mouse,Ubisoft Montreal,Ubisoft Entertainment,Xbox 360|PlayStation 3|Xbox One|PC|macOS|PlayStation 4,6.0,M — Mature (17+),4.42,89.0,2890.0,2914.0,8023.0,14.0,152.0,21.0,3634,3557,51,384,173,224,Assassin|hero|Swords,Steam|Xbox Store|Xbox 360 Store,https://media.rawg.io/media/games/1be/1bed7fae69d1004c09dfe1101d5a3a94.jpg,http://assassinscreed.uk.ubi.com/assassins-creed-2/#/home,assassins-creed-ii,"Assassins Creed II is the second installment in the AC series, the center of which is stealths kills, exploring the world and enemy encounters. It is the straight sequel to the first part of the series and the beginning of the Ezio the protagonist trilogy, followed by Brotherhood and Revelation. The events take place in Rome, during the Italian Renaissance (1476-1499), we play as Ezio Auditore and are fighting against Knight Templar, being the Assassins. At the same time, all of the installments within a series are connected with each other by the Desmond storyline: all of the enchanted worlds he travels to are just simulations achieved through using ""Animus"" a particular device which gets in the DNA and allows its user to drive around their memories. The game involves following mechanics presuming the player to chase around some target, not moving to close, but not getting far at the same time exploring quests the heart of movement mechanics is parkour, and fighting heros arsenal involves swords, spears, and other melee weapons as well as ranged ones: bows, crossbows, and javelins.",58.06,23.73,2000s,1,excellent,generally_favorable
151,28154,Cuphead,2017-09-29,2017.0,Action|Indie|Platformer,Fantasy,Cartoon / Cel-Shaded,2D,Single & Multiplayer,1,Controller,Studio MDHR,StudioMDHR Entertainment|Studio MDHR,PlayStation 4|Nintendo Switch|Xbox One|macOS|PC,5.0,Not Rated,4.37,87.0,2005.0,2045.0,8008.0,6.0,163.0,0.0,4378,1108,402,1028,653,439,Singleplayer|Steam Achievements|Full controller support|Steam Cloud|Great Soundtrack|Co-op|cooperative|2D|Funny|Difficult|Local Co-Op|Retro|Captions available|Colorful|Side Scroller|Shoot Em Up|Hand-drawn|Cartoony|Bullet Hell|Cartoon,PlayStation Store|GOG|Steam|Xbox Store|Nintendo Store,https://media.rawg.io/media/games/226/2262cea0b385db6cf399f4be831603b0.jpg,http://www.cupheadgame.com,cuphead,"Hand-drawn 2D platformer in the style of 30s cartoons. 2D Dark Souls as the fans refer to the difficulty of this one. It took developers 6 years to create and polish their magnum opus. Cuphead is a classic run and gun adventure that heavily emphasizes on boss battles. Play as Cuphead or his brother Mugman that signed a deal with the devil and know needs to bring the master souls of its debtors. Players can go through the campaign single-handedly or with a friend using built-in co-op capabilities. The backgrounds, characters and other miscellaneous staff were painstakingly created using the methods from the era it mimics Every character and every scene were hand-drawn to mimic vintage American cartoons. Each note in the orchestral soundtrack was composed with unparalleled attention to detail. Cuphead is an addictive mix of bone-crushing difficulty, fun and audiovisual feast that instantly makes you crave for more.",54.96,7.86,2010s,1,excellent,generally_favorable
152,11052,Titan Quest Anniversary Edition,2016-08-31,2016.0,Action|RPG,Horror,Realistic,2D,Single & Multiplayer,1,Keyboard / Mouse,THQ Nordic|Iron Lore Entertainment,THQ Nordic,PC,1.0,Not Rated,3.79,80.1,788.0,796.0,7996.0,5.0,109.0,2.0,6767,364,40,344,63,418,Singleplayer|Steam Achievements|Multiplayer|Steam Cloud|Atmospheric|steam-trading-cards|Great Soundtrack|RPG|Co-op|Story Rich|Open World|cooperative|Online Co-Op|Fantasy|Classic|Online multiplayer|Action RPG|Steam Workshop|Includes level editor|Hack and Slash|Isometric|Top-Down|Loot|Level Editor|Mythology,GOG|Steam|Xbox Store,https://media.rawg.io/media/games/33d/33df5a032898b8ab7e3773c7a5f1d336.jpg,https://www.thqnordic.com/games/titan-quest-anniversary-edition,titan-quest-anniversary-edition,"Titan Quest Anniversary Edition is an extended version of the original action role-playing slasher Titan Quest, released in honor of games 10th anniversary. The game is set in the world of pre-Roman age and includes 3 locations: Ancient Greece, Egypt, and eastern civilizations. The story begins with a narration about Titans, who ruled the entire world before the Olympians. The idea is that a trio of Telkines managed to break off the communication between Earth and Olympus and started terrorizing the mortal world. The protagonist is a hero, who is expected to defeat Telkines and to restore the conduit linking to worlds. To assume the role of the mythical hero players need to customize their own character: choose the gender and appearance. The further action continues in a traditional hack and slash manner. Players navigate the 3D world through the overhead third-person view and lead the protagonist with the mouse, while special abilities are tied to keyboard buttons. The Anniversary edition includes all possible fixtures and improvements of graphics and gameplay.",47.84,2.99,2010s,0,good,generally_favorable
153,2235,Batman: Arkham Origins,2013-10-25,2013.0,Action,Crime,Realistic,3D,Single & Multiplayer,1,Controller,Warner Bros. Interactive|Splash Damage,Warner Bros. Interactive,PlayStation 3|PC|Android|Xbox 360,4.0,T — Teen (13+),3.95,74.0,1565.0,1582.0,7988.0,12.0,170.0,31.0,5387,1624,42,256,214,465,Singleplayer|Steam Achievements|Multiplayer|Full controller support|Steam Cloud|Atmospheric|steam-trading-cards|Story Rich|Open World|Third Person|Steam Leaderboards|Sandbox|Stealth|Action-Adventure|Controller|Third-Person Shooter|Beat em up|3D Vision|Detective|Comic Book|Superhero|Batman,App Store|GOG|Steam|PlayStation Store|Nintendo Store|Xbox 360 Store|Google Play,https://media.rawg.io/media/games/fc3/fc30790a3b3c738d7a271b02c1e26dc2.jpg,http://www.batmanarkhamorigins.com/,batman-arkham-origins,"Batman Arkham Origins is an action-adventure game, the third main entry in Warner Brothers Batman: Arkham series. Concerning story, Origins is the prequel to the first game in the franchise, Batman: Arkham Asylum. It takes place in Gotham City on Christmas Eve. The notorious crime lord Black Mask places $50 million bounties on Batman and hires eight of the worlds deadliest assassins including Bane, Deathstroke, Killer Croc and others. The story covers some events important for the other installments in the series, like Batmans first encounter with Joker and incidents that lead to the reopening of Arkham Asylum. The gameplay of Origins is very similar to the previous two installments. It mostly consists of beat-em-up sequences, stealth sequences, and investigations. Like in Arkham City player can freely explore an open world, but this time it is not just Arkham Asylum, but the whole of Gotham City.",49.42,11.62,2010s,1,good,mixed
154,262382,Disco Elysium,2019-10-14,2019.0,Adventure|RPG|Indie,Fantasy,Stylized,2D,Singleplayer,0,Controller & Keyboard/Mouse,ZA/UM,Not Specified,PC|macOS|Xbox One|Nintendo Switch|PlayStation 4|Xbox Series S/X|PlayStation 5,7.0,M — Mature (17+),4.38,91.0,1273.0,1293.0,7964.0,6.0,70.0,0.0,5139,772,280,328,843,602,Singleplayer|RPG|Story Rich|role-playing|Isometric,Steam|GOG|Epic Games|App Store|PlayStation Store|Nintendo Store,https://media.rawg.io/media/games/840/8408ad3811289a6a5830cae60fb0b62a.jpg,http://zaumstudio.com/,disco-elysium,"Disco Elysium is a groundbreaking blend of hardboiled cop show and isometric RPG. Solve a massive, open ended case in a unique urban fantasy setting. Kick in doors, interrogate suspects, or just get lost exploring the gorgeously rendered city of Revachol and unraveling its mysteries. Tough choices need to be made. What kind of cop you are is up to you. You play a disgraced lieutenant detective in Revachol West, a shore town where corruptions out of control, murders go unsolved, and the kids just wanna dance. Kick in doors, interrogate suspects, or get lost exploring a gorgeously rendered city and unraveling its mysteries. All the while, tensions rise around you as Revachol threatens to explode. Disco Elysiums completely original skill system makes your innermost feelings, doubts, and memories an integral part of every conversation. Level up your rational faculties, sharpen your wits, or give in to your basest instincts. What kind of cop you are is up to you.",53.68,5.53,2010s,1,excellent,universal_acclaim
155,326243,Elden Ring,2022-02-25,2022.0,Action|RPG,Fantasy,Realistic,3D,Single & Multiplayer,1,Controller,FromSoftware,Bandai Namco Entertainment|FromSoftware,PC|Xbox One|PlayStation 4|Xbox Series S/X|PlayStation 5,5.0,M — Mature (17+),4.4,95.0,1376.0,1417.0,7899.0,62.0,30.0,0.0,4717,1039,329,391,1020,403,Singleplayer|Steam Achievements|Multiplayer|Full controller support|Atmospheric|Great Soundtrack|RPG|Co-op|Open World|cooperative|Third Person|Online Co-Op|Fantasy|Difficult|Violent|Action RPG|PvP|3D|Dark Fantasy|Online PvP|Steam Trading Cards|Epic|Souls-like|history,Steam|PlayStation Store|Xbox Store,https://media.rawg.io/media/games/b29/b294fdd866dcdb643e7bab370a552855.jpg,https://en.bandainamcoent.eu/elden-ring/elden-ring,elden-ring,"The Golden Order has been broken. Rise, Tarnished, and be guided by grace to brandish the power of the Elden Ring and become an Elden Lord in the Lands Between. In the Lands Between ruled by Queen Marika the Eternal, the Elden Ring, the source of the Erdtree, has been shattered. Marikas offspring, demigods all, claimed the shards of the Elden Ring known as the Great Runes, and the mad taint of their newfound strength triggered a war: The Shattering. A war that meant abandonment by the Greater Will. And now the guidance of grace will be brought to the Tarnished who were spurned by the grace of gold and exiled from the Lands Between. Ye dead who yet live, your grace long lost, follow the path to the Lands Between beyond the foggy sea to stand before the Elden Ring.",54.73,11.73,2020s,1,excellent,universal_acclaim
156,58777,DOOM Eternal,2020-03-20,2020.0,Action|Shooter,Horror,Realistic,3D,Single & Multiplayer,1,Controller,Bethesda Softworks|id Software|Bethesda Game Studios|Panic Button|Virtuos|Nerve Software,Bethesda Softworks,PC|PlayStation 4|Xbox One|Nintendo Switch|PlayStation 5,5.0,M — Mature (17+),4.38,86.0,1393.0,1427.0,7885.0,12.0,213.0,9.0,4453,1256,210,370,1081,515,Singleplayer|Multiplayer|Atmospheric|Great Soundtrack|Co-op|First-Person|Sci-fi|Partial Controller Support|Horror|FPS|Gore|Violent|Online multiplayer|Fast-Paced|Blood|Demons,PlayStation Store|Xbox Store|Nintendo Store|Steam,https://media.rawg.io/media/games/3ea/3ea3c9bbd940b6cb7f2139e42d3d443f.jpg,https://bethesda.net/en/game/doom,doom-eternal,"As the DOOM Slayer, you return to find Earth has suffered a demonic invasion. Raze Hell and discover the Slayers origins and his enduring mission to rip and tearuntil it is done. Experience the ultimate combination of speed and power as you battle your way across dimensions with the next leap in push-forward, first-person combat. Slayer Threat Level at Maximum Armed with a shoulder-mounted flamethrower, retractable wrist-mounted blade, upgraded guns and mods, and abilities like the Double Dash, youre faster, stronger, and more versatile than ever. Unholy Trinity Take what you need from your enemies: Glory kill for extra health, incinerate for armor, and chainsaw demons to stock up on ammo to become the ultimate demon-slayer. BATTLEMODE is the new 2 versus 1 multiplayer experience built from the ground up at id Software. A fully-armed DOOM Slayer faces off against two player-controlled demons, duking it in a best-of-five round match of intense first-person combat. BATTLEMODE launches with 6 handcrafted maps and 5 playable demons the Marauder, Archvile, Revenant, Mancubus and Pain Elemental.",52.87,9.54,2020s,1,excellent,generally_favorable
157,28153,Assassins Creed Origins,2017-10-27,2017.0,Action|RPG,Mythology,Realistic,3D,Not Specified,0,Controller & Keyboard/Mouse,Ubisoft|Ubisoft Montreal,Ubisoft Entertainment,Xbox One|PC|PlayStation 4,3.0,M — Mature (17+),3.96,81.0,2065.0,2096.0,7871.0,28.0,354.0,21.0,4321,1808,244,573,474,451,Not Specified,Steam|PlayStation Store|Xbox Store,https://media.rawg.io/media/games/336/336c6bd63d83cf8e59937ab8895d1240.jpg,https://www.assassinscreed.ubi.com,assassins-creed-origins,"Assassins Creed Origins is an open-world action game developed by Ubisoft. It further continues the series after Assassins Creed Syndicate. The story is set in two time periods simultaneously. In 2017, the order of Templars has recovered an ancient artifact that will allow them to seize control over humanity. Assassins plan to get the artifact back in their hands. Layla Hassan relieves the memories of two ancient Egyptians named Bayek and Aya who create the Assassins order. Levels are open-ended which allows both stealth or open combat approaches. Players are put in an open world in which they can complete quests in order to either progress through the story, level their character up or upgrade their equipment. The ""eagle vision"" mode was replaced by an eagle by the name of Senu. Players can use Senu to scout the area ahead and highlight enemies. The game features a heavily revised combat system that relies on hit-box mechanics rather than pre-determined animations as it did in the previous titles. Origins focuses on introducing various types of enemies that the players will have to learn about in order to defeat them.",52.04,14.76,2010s,1,good,generally_favorable
158,356714,Among Us,2018-07-25,2018.0,Action|Simulation|Casual,Sci-Fi,Realistic,2D,Multiplayer,1,Controller & Keyboard/Mouse,Innersloth,Innersloth,Android|Nintendo Switch|PC|iOS|PlayStation 4|PlayStation 5|Xbox One,7.0,E10+ — Everyone 10+,3.84,82.0,1310.0,1342.0,7870.0,5.0,110.0,2.0,5854,516,248,1016,113,123,Multiplayer|Co-op|cooperative|2D|Online Co-Op|Online multiplayer|Local Co-Op|Local Multiplayer|Cross-Platform Multiplayer|Space|In-App Purchases|ship|Minigames|party-game|spaceship,App Store|itch.io|Steam|Nintendo Store|Google Play,https://media.rawg.io/media/games/e74/e74458058b35e01c1ae3feeb39a3f724.jpg,http://innersloth.com/gameAmongUs.php,among-us,"Join your crewmates in a multiplayer game of teamwork and betrayal! Play online or over local wifi with 4-10 players as you attempt to hold your spaceship together and return back to civilization. But beware...as there may be an alien impostor aboard! One crewmate has been replaced by a parasitic shapeshifter. Their goal is to eliminate the rest of the crew before the ship reaches home. The Impostor will sabotage the ship, sneak through vents, deceive, and frame others to remain anonymous and kill off the crew. While everyone is fixing up the ship, no one can talk to maintain anonymity. Once a body is reported, the surviving crew will openly debate who they think The Impostor is. The Impostors goal is to pretend that they are a member of the crew. If The Impostor is not voted off, everyone goes back to maintaining the ship until another body is found. If The Impostor is voted off, the crew wins!",49.65,3.99,2010s,1,good,generally_favorable
159,10340,Crusader Kings II,2012-02-13,2012.0,Strategy|Simulation,Historical,Realistic,2D / 3D,Single & Multiplayer,1,Keyboard / Mouse,Paradox Development Studio,Paradox Interactive,PC|macOS|Linux,3.0,Not Rated,3.6,82.0,744.0,751.0,7867.0,3.0,161.0,2.0,6697,172,78,341,50,529,Singleplayer|Multiplayer|steam-trading-cards|Great Soundtrack|RPG|Co-op|cooperative|Sandbox|Moddable|Character Customization|Replay Value|Historical|Medieval|RTS|Real-Time with Pause|Grand Strategy|Education|Political|Diplomacy|Politics,GOG|Steam,https://media.rawg.io/media/games/c22/c22d804ac753c72f2617b3708a625dec.jpg,http://www.crusaderkings.com/,crusader-kings-ii,"Crusader Kings II is a global RTS which takes place in the Middle Ages of Europe. The players will govern a house of nobility of that time, and ensure that its heritage will last for centuries. The second installment of the series fills the gap in the developers continuum of global strategies, allowing for lengthy grand campaigns and world conquests. The main points of interest in the game are your noble house, holdings, and vassals. Players can engage in diplomacy between neighboring households, sign treaties and create a bloodline between two families, forge documents and declare wars. However, the primary competitive objective would not be conquering the world, but instead, winning the prestigious ranks and ensuring that your family will prosper. Gameplay-wise, the mechanics revolve around interactions with your neighbors and your court. Buildings built, armies trained, but most importantly, your character should be built, too. Education, marriage, religion - everything will affect your lord-protege, and players often come up with different guides on how to achieve success without regards to the luck and skill of the player.",47.1,1.79,2010s,1,good,generally_favorable
160,58751,Halo Infinite,2021-12-08,2021.0,Action|Shooter|Adventure,Sci-Fi,Realistic,3D,Single & Multiplayer,1,Controller,343 Industries,Microsoft Studios|Xbox Game Studios,Xbox One|PC|Xbox Series S/X,3.0,T — Teen (13+),3.64,84.0,723.0,738.0,7848.0,2.0,148.0,12.0,6125,349,109,374,598,293,Singleplayer|Multiplayer|Full controller support|Atmospheric|Great Soundtrack|Co-op|Story Rich|Open World|cooperative|First-Person|Sci-fi|FPS|Online Co-Op|Classic|Sandbox|Free to Play|Action-Adventure|PvP|Space|combat|Futuristic|Aliens|Sexual Content|Online PvP|battle|Lore-Rich|Epic|Beautiful|weapons|hero|balance|Endless|arena|tv|map|hd|Gaming,Steam|Xbox Store,https://media.rawg.io/media/games/e1f/e1ffbeb1bac25b19749ad285ca29e158.jpg,https://www.343industries.com/slipspace-engine,halo-infinite,"Halo Infinite is the twelfth installment in the Halo franchise, and the sixth in the main series of science fiction first-person shooters. It is the sequel to Halo 5: Guardians and the third chapter in the Reclaimer Saga sub-series that was started by Halo 4. It is also the first game powered by the completely new Slipspace engine developed by Microsoft. ###Setting The Halo franchise is set in the 26th century, when the human civilization, led by United Nations Space Command, wages total war against the theocratic interstellar alliance called the Covenant. The goal of the war is the control of ring-shaped space stations, called Halos, which were built in ancient times by a lost civilization of Forerunners. ###Plot The game follows the series most famous protagonist: Master Chief, who is a Spartan - a genetically enhanced, power armor wearing super soldier. Infinite continues the story of Master Chief and his companions, the Blue Team, as they fight against the AI called Cortana that tries to take over the control of the Halos. AHalo Infinite is set on a forested Halo inhabited by rhinos and other wildlife reminiscent of prehistoric Earth. ###Modes In addition to single player story campaign, Halo Infinite supports cooperative multiplayer modes, both local and online. Theres, however, no Battle Royale mode.",47.57,2.8,2020s,1,good,generally_favorable
161,1010,Transistor,2014-05-20,2014.0,Action|RPG|Indie,Sci-Fi,Realistic,2D,Singleplayer,0,Controller,Supergiant Games,Supergiant Games,Nintendo Switch|PlayStation 4|PC|iOS|macOS|Linux,6.0,T — Teen (13+),4.17,83.0,1464.0,1479.0,7810.0,4.0,120.0,0.0,5251,1029,98,530,284,618,Singleplayer|Steam Achievements|Full controller support|Steam Cloud|Atmospheric|steam-trading-cards|Great Soundtrack|RPG|Story Rich|2D|Sci-fi|Female Protagonist|Action RPG|Tactical|role-playing|Hack and Slash|Turn-Based|Short|Isometric|Cyberpunk|Music|Hand-drawn|Narration|Narrative,App Store|itch.io|PlayStation Store|Steam|Nintendo Store|GOG|Epic Games,https://media.rawg.io/media/games/d1f/d1f872a48286b6b751670817d5c1e1be.jpg,https://www.supergiantgames.com/games/transistor/,transistor,"Transistor is a cyberpunk game that uses isometric point-of-view as its primary mechanic. Following the story of Red, she discovers a body of an unknown man with a sword in his chest called Transistor. Sword has possessed the mind and voice of its previous owner and now able to speak with Red, navigating her in a city called Cloudbank, as the Process attacked the city and still searches for Red to kill her and return the sword back to them for unknown reasons. Despite having real-time battles, Red can freeze the time with her ability called Turn that draws her action bar. Until it is fully restored, no abilities can be used if only you dont have the upgrades. As an addition, Red can retrieve Functions from her fallen enemies - new powers for her weapon with a passive, persistent effect or other. Beautiful design and interesting lore give this game a unique atmosphere being doubled by the soundtrack, done by Darren Korb. **Key Features**: An all-new world from the team that created Bastion Configure the powerful Transistor with thousands of possible Function combinations Action-packed real-time combat fused with a robust strategic planning mode Vibrant hand-painted artwork in full 1080p resolution Original soundtrack changes dynamically as the action unfolds Hours of reactive voiceover create a deep and atmospheric story Recursion option introduces procedural battles after finishing the story Fully customizable controls custom-tailored for PC",51.49,7.25,2010s,1,excellent,generally_favorable
162,2792,Layers of Fear,2016-02-16,2016.0,Adventure|Indie,Horror,Stylized,3D,Singleplayer,0,Controller,Bloober Team|Anshar Studios,Aspyr|Bloober Team,PlayStation 4|Linux|macOS|PC|iOS|Xbox One,6.0,M — Mature (17+),3.54,72.0,1116.0,1121.0,7741.0,3.0,145.0,2.0,5827,848,35,227,156,648,Singleplayer|Steam Achievements|Full controller support|Steam Cloud|Atmospheric|steam-trading-cards|Great Soundtrack|Story Rich|First-Person|Partial Controller Support|Horror|Exploration|Dark|Point & Click|Survival Horror|Mystery|Short|Mature|Walking Simulator|Multiple Endings|Surreal|Emotional|Interactive Fiction|Supernatural|Lovecraftian|Psychedelic|Narrative|immersive,PlayStation Store|Epic Games|Steam|GOG|Xbox Store|App Store,https://media.rawg.io/media/games/6a2/6a2e48933245e2cd3c92248c75c925e1.jpg,http://layersoffear.com,layers-of-fear,"Layers of Fear is the horror game with a focus on exploring and puzzles. It is the only installment in the IP, featuring one DLC which expands the storyline further and one port to the Nintendo Switch, which adds multiple features like accelerated controllers support and touchscreen assistance. The primary goal of the player is to guide the genius and psychopath painter on the way to complete the painting. The problem is the player does not know how to do so they start exploring the house, which is changing the layouts repeatedly and find out many jump-scares along the way. Getting through all of the six chapters the player may reach of the three endings: bad, average and good. The end is decided not by momentarily choice but by a series of decisions throughout the game. While the player is uncovering the truth about the premises of the heros masterpiece, the DLC tells a story of his daughter which returns to her memories of the past. The DLC also features three endings in the same fashion as the original game.",45.67,6.13,2010s,1,good,mixed
163,3876,Deus Ex: Human Revolution - Directors Cut,2013-10-22,2013.0,Action|RPG,Sci-Fi,Realistic,3D,Singleplayer,0,Controller,Feral Interactive|Eidos Montreal,Square Enix,Wii U|PC|macOS|Xbox 360|PlayStation 3,5.0,M — Mature (17+),4.3,91.0,1372.0,1383.0,7736.0,6.0,86.0,0.0,5532,1200,57,272,162,513,Singleplayer|Steam Achievements|Steam Cloud|Atmospheric|steam-trading-cards|Great Soundtrack|RPG|Story Rich|Open World|First-Person|Sci-fi|Partial Controller Support|FPS|Stealth|Action RPG|Captions available|Replay Value|combat|Futuristic|Cyberpunk|Dystopian|Story|Commentary available|character|Conspiracy|Hacking|weapons|Inventory Management|secrets|Transhumanism,PlayStation Store|App Store|GOG|Steam|Nintendo Store,https://media.rawg.io/media/games/a12/a12f806432cb385bc286f0935c49cd14.jpg,http://www.deusex.com/,deus-ex-human-revolution-directors-cut,"The future is now and the year is 2027. You play Adam Jensen, an ex-SWAT specialist hired to oversee the security needs of Sarif Industries one of Americas most experimental biotechnology firms. When a team of black ops mercenaries attack Sarifs headquarters killing the very scientists you were hired to protect, everything you thought you knew about your job changes. After being mortally wounded during the attack, you have no choice but to undergo radical life-saving surgeries that transform you into a mechanically enhanced being. Now hot on the trail of those responsible for the attack, you soon find yourself chasing down leads all over the world, never knowing who you can trust. The men pulling the strings will stop at nothing to ensure mankinds evolution follows a particular path. You need to discover where that path lies. Because when all is said and done, the decisions you take, and the choices you make, will be the only things that can change it.",53.22,8.49,2010s,1,excellent,universal_acclaim
164,1682,The Wolf Among Us,2013-10-10,2013.0,Adventure,Crime,Cartoon / Cel-Shaded,3D,Singleplayer,0,Controller,Telltale Games,Telltale Games,PS Vita|PlayStation 4|Xbox One|iOS|PC|Android|Xbox 360|macOS,8.0,M — Mature (17+),4.39,82.0,2135.0,2156.0,7713.0,9.0,320.0,1.0,4520,2280,51,204,273,385,Singleplayer|Full controller support|Atmospheric|Great Soundtrack|Story Rich|Fantasy|Dark|Point & Click|Nudity|controller support|Mystery|Mature|Cinematic|Detective|Cartoony|Episodic|Comic Book|Choose Your Own Adventure|Quick-Time Events|Noir,PlayStation Store|Steam|GOG|Xbox 360 Store|Google Play|Xbox Store|App Store|Epic Games,https://media.rawg.io/media/games/be0/be084b850302abe81675bc4ffc08a0d0.jpg,http://www.telltalegames.com/thewolfamongus,the-wolf-among-us,"The Wolf Among Us is a five-part episodic game relying heavily on dialogues and choices of the player. The game is considered a prequel to Bill Willinghams Fables comic book and features usual TellTale stylistics: cartoon-like graphics, comparing your choices to the decisions of the other players and QTEs. The Wolf is the first part of the series with a promised expansion to the second season coming out in 2019. You play as Bigby Wolf he is a Sheriff of a Fabletown: as a typical Sheriff, you need to fulfill the requests of the Fabletowns residents and uncover mysteries lying behind the crimes there. The gameplay consists of choosing the dialogue options, reacting to QTE button-mash and watching cutscenes. The critics are marking down that unlike many other TellTale games The Wolf Among Us borrows original comic books portrayal thus looking better, and having the original as sequel before you eyes lets you engage with Fabula more quickly.",53.87,16.41,2010s,1,excellent,generally_favorable
165,4003,GRID 2,2013-05-27,2013.0,Racing|Arcade,Fantasy,Realistic,3D,Single & Multiplayer,1,Controller,Feral Interactive|Codemasters,Codemasters,PlayStation 3|Xbox 360|macOS|PC,4.0,E10+ — Everyone 10+,3.29,80.0,825.0,826.0,7712.0,3.0,170.0,4.0,6519,251,34,409,72,427,Singleplayer|Steam Achievements|Multiplayer|Full controller support|Steam Cloud|steam-trading-cards|Co-op|Open World|cooperative|First-Person|Steam Leaderboards|Split Screen|Local Co-Op|Controller|Local Multiplayer|Realistic|Valve Anti-Cheat enabled|3D Vision|Driving,PlayStation Store|Steam|Xbox 360 Store,https://media.rawg.io/media/games/27b/27b02ffaab6b250cc31bf43baca1fc34.jpg,http://www.gridgame.com/,grid-2,"GRID 2 is a racing game, the sequel to Race Driver: GRID. In the centre of the ""story"" GRID 2 is a racing championship, which we gradually promote around the world. Money is not needed, the main thing is to conquer the audience. The race will be held in such places as Paris, Hong Kong, Chicago, Dubai, etc. All the tracks, drivers, teams, cars and sponsors in the game are real. Compared to GRID (the first part of the series), there are more modes. There were races on the so-called ""Checkpoint"", endurance race and other several options. And the significant thing now that there is no driving on the rails, sudden acceleration of rivals and unpunished wiping of bumpers (also, damage to the machine is not displayed on the screen, it is necessary to focus on its behaviour and the replica of racing engineer). The main feature of GRID is time rewinding. The number of rewinds is limited, but with this, you can save yourself from a fatal outcome.",45.41,2.35,2010s,1,average,generally_favorable
166,998,Battlefield 1,2016-10-21,2016.0,Action|Shooter,Sci-Fi,Realistic,3D,Single & Multiplayer,1,Controller,Electronic Arts|Electronic Arts DICE,Electronic Arts,Xbox One|PC|PlayStation 4,3.0,Not Rated,3.83,88.0,1946.0,1961.0,7706.0,6.0,305.0,20.0,4962,1377,173,798,174,222,Singleplayer|Steam Achievements|Multiplayer|Full controller support|Atmospheric|Great Soundtrack|Open World|First-Person|FPS|Gore|Violent|PvP|War|Mature|Physics|Historical|Military|Online PvP|Story|Steam Trading Cards|battle|Destruction|Tanks|history|Classes|World War I|tank|ww1,Steam|PlayStation Store|Xbox Store,https://media.rawg.io/media/games/998/9980c4296f311d8bcc5b451ca51e4fe1.jpg,http://www.battlefield.com,battlefield-1,"Battlefield 1 is a first-person action shooter set in the historical period of the World War I. Although the game is a part of the Battlefield franchise, it has no references to the previous chapters. Players are able to experience both single and multiplayer mods to get in action and to feel the era better. As a single-player campaign, Battlefield 1 offers 6 storylines (chapters) one following each other. Each consists of several missions and tells a story of a single man in the middle of a global military conflict. Playing for these soldiers and closing the targets introduces new game mechanics to players. Completing these missions gives an opportunity to dive into the history and to examine the warfare of past ages. Multiplayer experience is divided into 9 different game mods spread on 31 historical maps. You can join the dynamic battle alone or in a squad with your friends. Multiplayer allows you to assume different battlefield roles (classes) starting with a medic, support or assault and following to the tank driver, pilot and some elite units.",52.29,10.28,2010s,1,good,generally_favorable
167,18613,Counter-Strike: Condition Zero,2004-03-01,2004.0,Action,Horror,Realistic,3D,Single & Multiplayer,1,Keyboard / Mouse,Valve Software|Turtle Rock Studios,Valve,PC|macOS|Linux,3.0,Not Rated,3.14,65.0,818.0,821.0,7629.0,1.0,0.0,5.0,6459,459,14,391,17,289,Singleplayer|Multiplayer|First-Person|FPS|Online Co-Op|Classic|Team-Based|Military|Competitive|Valve Anti-Cheat enabled,Steam,https://media.rawg.io/media/games/8bd/8bd24e3c15354a9555bb1437fe555a69.jpg,https://rawg.io/games/counter-strike-condition-zero,counter-strike-condition-zero,"Counter-Strike: Condition Zero is the second installment in first-person multiplayer shooter series Counter-Strike. It is the only game in the Counter-Strike main series that includes a single-player campaign. In the campaign, you play as a leader of a special forces squad. You form your team from a cast of pre-made characters with unique features and go on through several unconnected missions. The missions themselves are mostly a string of multiplayer matches played with AI bots and some additional challenges like killing enemies with a specific type of weapon The multiplayer part of the game is very similar to the previous installment. There are two teams in every match: terrorists and counter-terrorists. You choose one of the sites and have to defeat the enemy team by killing hostile players or completing different tasks. For doing this, you also get money rewards which you can spend on more advanced weapons and gear. The game also features Condition Zero: Deleted Scenes, the early version of the game, developed by Ritual Entertainment before the game was handled to Turtle Rock Studios.",41.64,3.09,2000s,1,average,mixed
168,3497,Far Cry 4,2014-11-18,2014.0,Shooter,Fantasy,Realistic,3D,Single & Multiplayer,1,Controller,Ubisoft|Ubisoft Montreal,Ubisoft Entertainment,PlayStation 4|PlayStation 3|PC|Xbox One|Xbox 360,5.0,M — Mature (17+),3.81,80.0,1894.0,1923.0,7616.0,17.0,471.0,7.0,4433,1967,92,604,210,310,Singleplayer|Multiplayer|Atmospheric|RPG|Co-op|Story Rich|Open World|cooperative|First-Person|Partial Controller Support|FPS|Online Co-Op|Exploration|Sandbox|Survival|Stealth|Action RPG|Crafting|Hunting,PlayStation Store|Xbox Store|Steam|Xbox 360 Store,https://media.rawg.io/media/games/b39/b396dac1f3e0f538841aa0355dd066d3.jpg,http://farcrygame.com,far-cry-4,"Far Cry 4 is a first-person shooter, which inherits traditions of the original Far Cry franchise. However, the plot of the fourth chapter is unique and has no direct references to the previous games of the series. The story is now set in the Far East, where the new main character Ajay Gale joins the opposition fighting the dictatorship. The open world lets players explore the entire environment of Kyrat a tiny fictional region hidden in towering Himalayas. Ajay as a Kyrati-American travels to Kyrat to scatter the ashes of his mother in her motherland, but suddenly things go the wrong way, and he finds himself in the middle of the civil war between the powerful dictator Pagan Min and rebels from the Golden Path founded by his father. As the story progresses, players get new weaponry and equipment or customize the ones they have. From the very beginning, the whole map is not available, so to progress and to complete the story players have to open all the game areas by activating bell towers (traditional Far Cry mechanic) for establishing the Golden Paths radio propaganda and defeating enemies fortresses.",50.3,15.62,2010s,1,good,generally_favorable
169,13461,Resident Evil 5,2009-03-05,2009.0,Action|Shooter,Horror,Realistic,3D,Single & Multiplayer,1,Controller & Keyboard/Mouse,Capcom,Capcom,PlayStation 4|Nintendo Switch|Xbox 360|PC|Xbox One|PlayStation 3,6.0,M — Mature (17+),3.82,86.0,1611.0,1624.0,7614.0,11.0,604.0,19.0,5118,1687,37,331,160,281,Singleplayer|Multiplayer|cooperative|Online Co-Op|Third-Person Shooter|Zombies|Survival Horror,PlayStation Store|Nintendo Store|Steam|Xbox 360 Store|Xbox Store,https://media.rawg.io/media/games/974/974342a3959981a17bdbbff2fd7f97b0.jpg,http://www.residentevil.com/5/,resident-evil-5-biohazard-5,"Resident Evil 5 (also known as Biohazard 5 in Japan) is the third-person shooter with elements of a survivor-horror game. This is the fifth main installment in Capcoms acclaimed franchise Resident Evil. The story follows Chris Redfield, the protagonist of the original Resident Evil, and his partner Sheva Alomar. As the members of the Bioterrorism Security Assessment Alliance, they are tasked to intercept an illegal bioweapon trade in Kijuju, Africa. Upon arrival, they find out that Kijuju is infected by Las Plagas, parasites that turn its carriers into zombie-like creatures. The game is notable for being a departure from the series survival horror roots towards more action-oriented gameplay style. The other significant innovation in the series brought with Resident Evil 5 is cooperative multiplayer for two players. There are many situations during the game that requires two players cooperation therefore if in singleplayer the second characters is controlled by AI.",50.75,13.66,2000s,1,good,generally_favorable
170,1256,XCOM 2,2016-02-04,2016.0,RPG|Strategy,Horror,Stylized,3D,Single & Multiplayer,1,Controller & Keyboard/Mouse,Feral Interactive|2K|Firaxis,2K Games|Feral Interactive,Nintendo Switch|macOS|PC|PlayStation 4|Linux,5.0,T — Teen (13+),4.1,88.0,1297.0,1310.0,7604.0,15.0,401.0,9.0,5593,707,99,505,212,488,Singleplayer|Steam Achievements|Multiplayer|Steam Cloud|Atmospheric|steam-trading-cards|Great Soundtrack|RPG|Co-op|cooperative|Sci-fi|Horror|Difficult|Tactical|Steam Workshop|Cross-Platform Multiplayer|Moddable|Character Customization|Turn-Based|Futuristic|Aliens|Turn-Based Strategy|Turn-Based Tactics|Perma Death,Epic Games|GOG|PlayStation Store|Steam|App Store|Xbox Store,https://media.rawg.io/media/games/9bf/9bfac18ff678f41a4674250fa0e04a52.jpg,http://www.xcom.com,xcom-2,"The game continues the previous game line: XCOM Enemy Unknown. In XCOM 2 we see the Earth under the rule of aliens. The order established by them is based on total control but is proclaimed as the realm of prosperity and security. However, on the periphery of large cities, there are those who consider it a dictatorship and are struggling to restore independence to people. Thus the new XCOM, the organisation of freedom fighters, is reborn. The base for the organisations soldiers is now the alien ship ""The Avenger"", converted to the needs of the defenders of the Earth. The player will have to travel around the global map, contact guerrillas in various places, look for resources and perform partisan attacks on the critical points of the enemies. The tactics of the organisation have changed - now they are in the minority. The factories for the production of weapons and other equipment were closed 20 years ago, so you have to collect any found equipment and resources. The game introduced many new enemies, but there are aliens from the previous game too. The hero of the game has a unique ability to be in contact with the psi-network uniting all the aliens. This ability makes him a turning point in which the enslavement of the Earth can be reversed.",51.37,6.99,2010s,1,excellent,generally_favorable
171,17959,Ori and the Blind Forest: Definitive Edition,2016-04-27,2016.0,Adventure|Platformer,Fantasy,Stylized,2D,Singleplayer,0,Controller,Moon Studios,Microsoft Studios,Xbox One|PC|Nintendo Switch|Xbox 360,4.0,E — Everyone (3+),4.42,88.0,1700.0,1725.0,7597.0,6.0,114.0,0.0,4958,1398,154,335,301,451,Singleplayer|Steam Achievements|Full controller support|Steam Cloud|Atmospheric|Great Soundtrack|RPG|Story Rich|Open World|2D|Fantasy|Difficult|Controller|stats|Family Friendly|Cute|Side Scroller|Metroidvania|2.5D,Nintendo Store|Steam|Xbox Store,https://media.rawg.io/media/games/04a/04a7e7e185fb51493bdcbe1693a8b3dc.jpg,http://www.oriblindforest.com/,ori-and-the-blind-forest-definitive-edition,"NEW IN THE DEFINITIVE EDITION Packed with new and additional content: New areas, new secrets, new abilities, more story sequences, multiple difficulty modes, full backtracking support and much more! Discover Narus past in two brand new environments. Master two powerful new abilities Dash and Light Burst. Find new secret areas and explore Nibel faster by teleporting between Spirit Wells. The forest of Nibel is dying. After a powerful storm sets a series of devastating events in motion, Ori must journey to find courage and confront a dark nemesis to save the forest of Nibel. Ori and the Blind Forest tells the tale of a young orphan destined for heroics, through a visually stunning Action-Platformer crafted by Moon Studios. Featuring hand-painted artwork, meticulously animated character performance, a fully orchestrated score and dozens of new features in the Definitive Edition, Ori and the Blind Forest explores a deeply emotional story about love and sacrifice, and the hope that exists in us all.",53.77,10.01,2010s,1,excellent,generally_favorable
172,15002,The Stanley Parable,2013-10-17,2013.0,Adventure|Indie,Comedy,Stylized,3D,Singleplayer,0,Controller,Galactic Cafe,Galactic Cafe,PC|macOS|Linux,3.0,Not Rated,4.37,88.0,2004.0,2020.0,7583.0,3.0,10.0,1.0,4680,2125,29,230,229,290,Singleplayer|Full controller support|Atmospheric|Story Rich|First-Person|Funny|Exploration|Comedy|Captions available|Short|Choices Matter|Walking Simulator|Multiple Endings|Surreal|Narration|Psychological|Satire|Dynamic Narration,Epic Games|Steam,https://media.rawg.io/media/screenshots/8f0/8f0b94922ad5e59968852649697b2643.jpg,http://stanleyparable.com,the-stanley-parable,"The Stanley Parable is a first-person interactive story game. Being initially released in 2011 as a modification for Half-Live 2, it was entirely remade in 2013, featuring updated graphics and more content. The game follows Stanley, an office worker whose job boils down to pressing buttons on the keyboard depending on what he sees on his office computer screen. One day the screen goes black and Stanley, not knowing what to do, decides to investigate the building. The gameplay consists of exploring a deserted office building. The game has 19 possible endings that depend on which way the player chooses to explore his surroundings. The Stanley Parables key feature is the permanent presence of the narrator who comments protagonists actions and suggests player what to do next. However, the player can ignore his suggestions which makes the narrator adjust his story to the players actions.",54.39,14.28,2010s,1,excellent,generally_favorable
173,12024,Insurgency,2014-01-22,2014.0,Action|Shooter|Indie,Sci-Fi,Realistic,3D,Single & Multiplayer,1,Controller,New World Interactive,New World Interactive,macOS|PC|Linux,3.0,Not Rated,3.42,74.0,967.0,971.0,7568.0,4.0,100.0,2.0,6405,199,33,577,52,302,Singleplayer|Steam Achievements|Multiplayer|Full controller support|Atmospheric|steam-trading-cards|Co-op|cooperative|First-Person|FPS|Online Co-Op|Tactical|Steam Workshop|PvP|Cross-Platform Multiplayer|Includes level editor|War|Realistic|Team-Based|Military|Competitive|Valve Anti-Cheat enabled,Steam,https://media.rawg.io/media/games/1a1/1a17e9b6286edb7e1f1e510110ccb0c0.jpg,https://www.newworldinteractive.com,insurgency,"Insurgency is a first-person shooter, which provides players with both PvP and co-op multiplayer experience. Unlike other shooters, Insurgency features a hardcore gameplay lacking the on-screen crosshair, health and armor indications, and mini-maps. For the more, each weapon instantly kills other players with one shot in the head and with the maximum of 4 shots in the body, which is quite realistic. As far as the action is set in the timeframes of the Iraq War, the two opposing sides are U.S. troops and Iraqi rebels. The gameplay is divided into 9 PvP modes (Push, Firefight, Skirmish, Ambush, Occupy, Infiltrate, Flashpoint, and Elimination) and 5 co-op modes (Checkpoint, Hunt, Survival, Outpost, and Conquer). PvP matches are held according to 9 various scenarios (depending on the chosen game mode) with the maximum of 32 player count (16 for both sides). To start a match, players have to select a character class and proper equipment. In the co-op game mode, players are offered to compete with AI during the completion of a specific game objective.",44.87,1.92,2010s,1,average,mixed
174,22571,Black Desert Online,2014-12-01,2014.0,Action|Adventure|RPG|Strategy|Simulation|Massively Multiplayer,Fantasy,Anime,3D,Multiplayer,1,Controller & Keyboard/Mouse,Pearl Abyss,GameOn|Kakao Games Europe|RedFox Games,Xbox One|PC|PlayStation 4,3.0,T — Teen (13+),2.91,73.0,640.0,644.0,7503.0,4.0,159.0,0.0,6556,85,67,541,26,228,Multiplayer|RPG|Co-op|Open World|Fantasy|Female Protagonist|Online multiplayer|PvP|Anime|In-App Purchases|mmo|MMORPG,Xbox Store|Steam|PlayStation Store,https://media.rawg.io/media/games/651/651ae84f2d5e36206aad90976a453329.jpg,https://www.blackdesertonline.com/,black-desert-online,"Pre-Existing UsersThe Steam version of Black Desert Online requires the purchase of the game from Steam as well as the creation of a new Black Desert Online account. Pre-existing Black Desert Online accounts created from methods other than Steam will not be able to play via Steam. About the GameBlack Desert Online is a sandbox, living-world MMORPG. Experience fast-paced, action-packed combat, hunt monsters and huge bosses, fight with friends in a guild to siege nodes and region castles, train your life skills such as fishing, trading, crafting, cooking, and much more! Players will enjoy jaw-dropping graphics, intuitive skill-based combat, and an immersive story encased in our expansive world thats just waiting to be explored. Accompanied by a Black Spirit, a companion whose destiny is intertwined with their own, players will discover the secret of the Black Stones and the history of their corrupting effects. CLASSES: FEATURES Robust Character Creation Tools - Make the character YOU want to play. Seamless Movement Throughout the World No loading times necessary as you explore. Combo-Oriented, Non-Targeted Combat - Take part in fast-paced, action-packed combat with skills that can be chained through combos. Unique Weather and Climate - The weather and climate will have various effects on different zones that players can adapt to. Day / Night Cycle Along with unique weather and climate changes, the game revolves around a day/night cycle that alters NPC behavior and triggers various events based on the time of day. Instanced Player Housing From tents to palaces and everything in between, players can furnish and customize their own homes and can hire NPCs to keep your place clean or purchase things from the marketplace. Mounted Combat Utilize your trusted mounts on the battlefield and take advantage of their mobility and effectiveness in combat. Keep in mind, however, that mounts will need to be cared for, housed and protected as they can die in combat. Boss Hunts - Group up with friends or other players to hunt down field bosses and world bosses to get that rare loot. Siege Warfare - Massive free-for-all guild battles! Join a guild and participate in daily node wars or weekly conquest wars against many other competing guilds. Win the node or castle and claim it for a week to collect taxes to increase your guild funds. Ocean Contents - Craft your boat and make sail to the vast oceans to fish, hunt ocean monsters and bosses, underwater exploring and gathering, quest missions, trade, and so much more. Taming & Breeding - Catch and tame horses and elephants in the wild to make it your mount. You can also breed horses for better offspring with improved mount stats and skills. Crafting - Enjoy all aspects of crafting in Black Desert from tools, weapons, armor, jewelry, boats, costumes, outfits, and more. Just about everything can be crafted in the world of Black Desert Online. Profession - Take part and grow your character into a profession that can help your income. With professions like gathering, processing, cooking, alchemy, training, fishing, hunting, trading, farming, and sailing, you can choose to play Black Desert Online the way you want to.",41.59,1.34,2010s,1,below_average,mixed
175,4527,Call of Duty: Modern Warfare 2,2009-11-10,2009.0,Shooter,Horror,Realistic,3D,Single & Multiplayer,1,Controller & Keyboard/Mouse,Infinity Ward,Activison,PC|Xbox One|PlayStation 3|macOS|Xbox 360,5.0,M — Mature (17+),4.27,86.0,2033.0,2043.0,7482.0,22.0,151.0,29.0,4370,2679,30,205,105,93,Singleplayer|Steam Achievements|Multiplayer|Steam Cloud|Atmospheric|Great Soundtrack|Co-op|Story Rich|cooperative|First-Person|FPS|Online Co-Op|Tactical|PvP|Zombies|Moddable|War|Military|Valve Anti-Cheat enabled|Linear,PlayStation Store|Steam|Xbox 360 Store|Xbox Store,https://media.rawg.io/media/games/9af/9af24c1886e2c7b52a4a2c65aa874638.jpg,http://modernwarfare2.infinityward.com/,modern-warfare-2,"Continuation of the sensational first-person shooter from Infinity Ward and Activision. It is rather difficult to maintain a high level of games every year, but it worked out in the sixth part of the series. The game continues the storyline of the previous part. The game consists of numerous fast-paced gunfights. Classic hit points are not here anymore - after receiving damage, the player only needs to sit tight in safety waiting for health to come back. There are three game modes: the story campaign, multiplayer and Spec Ops. If there are almost no changes in the campaign, and this is the same linear story, the Spec Ops includes 23 new levels for single or cooperative completion. Each level is a new task, a new challenge whether it is the defusing a bomb or the elimination of enemy forces. Levels are divided into tiers by their complexity. As in any other game of the series, the multiplayer in Modern Warfare 2 takes a special place. Each match is a mission, for which you need to come up with new strategies to complete. As in the past, new weapons and perks are opened for the execution of tasks.",53.49,20.12,2000s,1,excellent,generally_favorable
176,4599,Saints Row 2,2008-10-14,2008.0,Action|Shooter,Crime,Realistic,3D,Single & Multiplayer,1,Controller & Keyboard/Mouse,Volition|THQ,Deep Silver|Koch Media,PlayStation 3|Xbox 360|PC|Linux|Xbox One,5.0,M — Mature (17+),3.57,78.0,891.0,896.0,7474.0,2.0,60.0,5.0,5895,707,28,326,105,413,Singleplayer|Multiplayer|Steam Cloud|Great Soundtrack|Co-op|Open World|cooperative|Third Person|Online Co-Op|Funny|Sandbox|Female Protagonist|Comedy|Third-Person Shooter|Moddable|Character Customization|Replay Value|Crime|overlay|Co-op Campaign,Xbox Store|PlayStation Store|Steam|GOG|Xbox 360 Store,https://media.rawg.io/media/games/10d/10d19e52e5e8415d16a4d344fe711874.jpg,http://www.saintsrow.com/,saints-row-2,"Saints Row 2 brings true freedom to open-world gaming. Players can play as who they want, how they want, and with whomever they want in this sequel to the much acclaimed and tremendously successful Saints Row. Set years after the original, the player finds himself in a Stilwater both familiar and strange and challenged with bringing the Saints back as the rightful kings of Stilwater and bringing vengeance to those who wronged him. Limitless Customization - Play as fully customizable characters that are male, female or something in between. - Vehicles can be visually customized as well as performance tuned. - Cribs and even gangs all have an amazing degree of detailed customization options. Multiplayer - Co-op full story campaign has seamless integration (for example one player drives while the other shoots). - Competitive MP pushes the boundaries of immersion in a living Stillwater environment fully populated with police, innocent bystanders and rival gangs. Killer Combat and Awesome Vehicles - Planes, helicopters, motorcycles, boats and cars can be piloted and used as weapons. On the ground new combat options include melee, fine aim, and human shield. Freedom to Explore - More missions, activities, diversions, races, weapons, vehicles, cribs, city districts, and interiors than ever before. Over 40 story missions with additional bonus missions take place in a transformed Stilwater that is over 50% larger than before.",45.88,5.06,2000s,1,good,generally_favorable
177,13268,Amnesia: A Machine for Pigs,2013-09-09,2013.0,Action|Adventure|Indie,Horror,Realistic,3D,Singleplayer,0,Controller,The Chinese Room,Frictional Games,Linux|macOS|PC,3.0,Not Rated,3.22,72.0,677.0,684.0,7467.0,2.0,7.0,3.0,6083,389,9,194,99,693,Singleplayer|Full controller support|Steam Cloud|Atmospheric|Great Soundtrack|Story Rich|First-Person|Horror|Gore|Survival|Stealth|Dark|Survival Horror|controller support|Captions available|Short|Walking Simulator|Linear|Steampunk,Epic Games|Steam|GOG,https://media.rawg.io/media/games/d9f/d9f982e042df6263684ba1fdea3efc1c.jpg,http://www.aamfp.com,amnesia-a-machine-for-pigs,"Amnesia: A Machine for Pigs is a first-person survival horror, an indirect sequel to 2010 title Amnesia: The Dark Descent. The gameplay is most parts identical to that of previous game and consist of exploring surroundings, solving puzzles, and avoiding monsters. Like in the previous game, your character is practically unable to confront monsters and has to hide from them to survive. However, there is no more sanity meter, and inventory in Machine for Pigs and puzzles are more physics-based than in The Dark Descent. In Machine for Pigs, you play as Oswald Mandus, a first game protagonists descendant, and successful industrialist. He recovers after a fever which lasted for a few months after a disastrous expedition in Mexico. Not remembering anything about it, later he finds out that he build a mysterious machine in the basement of his mansion and his house is full of swine-like monsters. The player must restore Oswalds lost memories and reveal the secret of the machine.",42.67,2.79,2010s,1,average,mixed
178,10560,Total War: SHOGUN 2,2011-03-14,2011.0,Strategy,Historical,Stylized,2D / 3D,Single & Multiplayer,1,Keyboard / Mouse,Feral Interactive|Creative Assembly,SEGA|Feral Interactive,macOS|PC|Linux,3.0,Not Rated,3.61,90.0,622.0,623.0,7449.0,5.0,106.0,19.0,6455,227,28,266,57,416,Singleplayer|Steam Achievements|Multiplayer|Steam Cloud|steam-trading-cards|Great Soundtrack|Co-op|cooperative|Tactical|stats|Moddable|Turn-Based|Historical|Medieval|RTS|Turn-Based Strategy|Military|Valve Anti-Cheat enabled|Stylized|Turn-Based Tactics|Grand Strategy|Ninja|Real Time Tactics|Diplomacy,Steam,https://media.rawg.io/media/games/be9/be9cf02720c9326e11d0fda14518554f.jpg,http://www.totalwar.com/shogun2,total-war-shogun-2,"Total War: SHOGUN 2 out now for Linux. About the GameMASTER THE ART OF WAR In the darkest age of Japan, endless war leaves a country divided. It is the middle of the 16th Century in Feudal Japan. The country, once ruled by a unified government, is now split into many warring clans. Ten legendary warlords strive for supremacy as conspiracies and conflicts wither the empire. Only one will rise above all to win the heart of a nation as the new shogun...The others will die by his sword. Take on the role of one Daimyo, the clan leader, and use military engagements, economics and diplomacy to achieve the ultimate goal: re-unite Japan under his supreme command and become the new Shogun the undisputed ruler of a pacified nation. Game Features Total War: SHOGUN 2 features enhanced full 3D battles via land and sea, which made a name for the series, as well as the tactical campaign map that many refer to as the heart and soul of Total War. Featuring a brand new AI system inspired by the scriptures that influenced Japanese warfare, the millennia old Chinese Art of War, the Creative Assembly brings the wisdom of Master Sun Tsu to Total War: SHOGUN 2. Analysing this ancient text enabled the Creative Assembly to implement easy to understand yet deep strategical gameplay. CONQUER the islands of Japan in the 16th century. Lead vast armies of samurai and fleets of giant warships into breathtaking real-time battles. BUILD your kingdom on the inviting and turn-based campaign map. Wield economic, political, and military power to amass wealth, armies, and influence. SCHEME according to the ""Art of War"" by Sun Tzu. Use fire and siege tactics, spies and assassins to adapt to the ever-changing conditions on the battlefield and throughout your kingdom. BATTLE ONLINE and experience the main campaign in two-player mode. Then join epic online battles with up to 8 players and lead your online army to glory in special campaigns. New to Total War in SHOGUN 2 New RPG skills and experience for your Generals and Agents. New Multi-stage Sieges - scaling the walls is only the beginning! New Hero units inspire your men and carve through the enemy. New rotating 3D campaign map.",47.65,2.23,2010s,1,good,universal_acclaim
179,11435,Viscera Cleanup Detail: Shadow Warrior,2013-09-26,2013.0,Action|Simulation|Indie,Sci-Fi,Realistic,3D,Single & Multiplayer,1,Controller,Devolver Digital|RuneStorm,Devolver Digital|GHI Media,macOS|PC,2.0,M — Mature (17+),2.59,66.0,580.0,581.0,7419.0,2.0,98.0,4.0,6578,169,6,212,30,424,Singleplayer|Steam Achievements|Multiplayer|Full controller support|Steam Cloud|Co-op|cooperative|First-Person|FPS|Funny|Gore|Comedy|Split Screen|3D Vision|Blood,Steam|App Store,https://media.rawg.io/media/screenshots/f2f/f2f3c93d6153da7aee590f3ab8ccd803.jpg,http://www.runestorm.com/viscera,viscera-cleanup-detail-shadow-warrior,"Viscera Cleanup Detail is about cleaning. After a brutal fight with endless waves of enemies, you must really live a bloody mess after yourselves. Thats where Space-Station Janitors come in to play with their mops, buckets of water and biohazard bins to clean the area for the next bloody fight. Your goal as a janitor to search the whole area and clean any kind of a trace of a brutal fight. Body parts, med-kits, bloodbaths and others signs of a harsh battle with forces of evil. For bullets casings or flares you can use a broom to gather thing and then throw everything into the incinerator and burn all the evidence. In this specific DLC, Shadow Warrior, janitors arrive on a very first mission of Shadow Warrior 2013. Lo Wang fought through demons and his opponents, slicing his katana in their bodies and tearing them apart. And now it is your job to take your mop, a bucket of water and funky music to clean the mess up.",38.59,1.58,2010s,1,below_average,mixed
180,3853,Trine 2: Complete Story,2013-06-05,2013.0,Action|Indie|Puzzle|Platformer,Fantasy,Realistic,2D / 3D,Single & Multiplayer,1,Controller,Frozenbyte,Frozenbyte,PlayStation 4|Nintendo Switch|PC|Linux|macOS,5.0,Not Rated,3.72,84.0,893.0,895.0,7418.0,4.0,301.0,0.0,6043,525,16,301,113,420,Singleplayer|Steam Achievements|Multiplayer|Full controller support|Steam Cloud|Atmospheric|steam-trading-cards|Great Soundtrack|RPG|Co-op|cooperative|2D|Online Co-Op|Fantasy|Split Screen|Local Co-Op|Local Multiplayer|Steam Workshop|Cross-Platform Multiplayer|Includes level editor|controller support|Physics|Medieval|3D Vision,PlayStation Store|Steam|GOG|Nintendo Store,https://media.rawg.io/media/screenshots/c97/c97b943741f5fbc936fe054d9d58851d.jpg,http://www.trine2.com/,trine-2-complete-story,"Trine II takes a few years after the first game. Successfully saving the kingdom, Amadeus seeks the fireball spells. Yet he is summoned to save the homeland with his friends - Zoya and Pontious. Goblins have taken over the land as they are trying to find the mysterious ""Witch"" deep in the forest. Although having more than one playable character, Trine successfully uses all three of them. Amadeus as the mage is able to move objects or create boxes and planks to help overcome some obstacles. Zoya is very agile so she can hook and grapple on some surfaces, or shoot different targets. Pontious is the strongest character in combat, and he can destroy walls in his path or deflect things with his shield. Having this three different characters, it is necessary to use all three of them to solve puzzles and beat the level. Not only you can play alone, but the game supports three players cooperative to make progress even more atmospheric. Beautiful design, music and a narrator makes Trine a great story, that feels inspired by J.R.R. Tolkien himself.",47.59,4.71,2010s,1,good,generally_favorable
181,19590,Ori and the Blind Forest,2015-03-10,2015.0,Adventure|Platformer,Fantasy,Stylized,2D,Singleplayer,0,Controller,Moon Studios,Microsoft Studios,Xbox 360|Xbox One|PC,3.0,E — Everyone (3+),4.38,88.0,1509.0,1517.0,7408.0,6.0,100.0,1.0,4991,1192,72,401,327,425,Singleplayer|Steam Achievements|Full controller support|Steam Cloud|Atmospheric|steam-trading-cards|Great Soundtrack|RPG|Story Rich|Open World|2D|Fantasy|Difficult|Exploration|stats|Family Friendly|Cute|Side Scroller|Metroidvania|2.5D,Steam,https://media.rawg.io/media/games/f8c/f8c6a262ead4c16b47e1219310210eb3.jpg,http://www.oriblindforest.com/,ori-and-the-blind-forest,"Ori and the blind forest is a game with a stunning visual style, which looks like a fairytale one, and also the game takes place to a beautiful and atmospheric soundtrack. The forest of Nibel is dying. You play as a character named Ori and a spirit named Sein. They are trying to save the magical forest after the dark spirit Kuro stole the heart of the tree of life, what made the forest began to wither rapidly, losing its vitality: the water becomes dirty, the trees cease to bloom and bear fruit, and the woodland is covered with thick thorns. Playing in the Ori and the blind forest, you have to explore a vast world, to solve platform problems and relatively complex, but interesting puzzles (first of all, they test your reaction and agility). Using the abilities of Ori (initially, he can only jump, but a lot of other skills will be opened during the game) and Sein (the ability to attack enemies) you have to cope with the difficulties on the way to fix the situation and cure the forest.",52.73,8.81,2010s,1,excellent,generally_favorable
182,10297,Sid Meiers Civilization VI,2016-10-20,2016.0,Strategy|Simulation,Historical,Cartoon / Cel-Shaded,3D,Single & Multiplayer,1,Controller & Keyboard/Mouse,Aspyr Media|Firaxis,2K Games|Aspyr,iOS|PC|macOS|PlayStation 4|Xbox One|Nintendo Switch|Linux,7.0,E10+ — Everyone 10+,4.16,88.0,1398.0,1413.0,7407.0,15.0,809.0,6.0,5304,668,338,603,172,322,Singleplayer|Steam Achievements|Multiplayer|steam-trading-cards|Great Soundtrack|Co-op|Open World|Online Co-Op|Tactical|Steam Workshop|Moddable|War|Turn-Based|Historical|Memes|Turn-Based Strategy|Cartoony|Cartoon|Grand Strategy|4X,PlayStation Store|Xbox Store|Epic Games|Steam|Nintendo Store|App Store,https://media.rawg.io/media/games/997/997ab4d67e96fb20a4092383477d4463.jpg,http://www.civilization.com/,civilization-vi,"The sixth installment in Sid Meiers Civilization series. Like in all previous Civilization games, the player controls one of eighteen unique historical civilizations, builds its cities, explores the hexagonal map of the world, researches technologies, develops his countrys culture, establishes relationships with other civilizations and wages wars. All the traditional victory types are in place, and a new one, religious, is introduced. A distinct new feature in the sixth part is that city improvements are no more concentrated in each citys only main tile. Instead, they are distributed throughout its whole surrounding area. Each of them is now considered a ""district"" with a specific purpose, and some of them should be built only on specific terrain. Similarly, wonders now occupy tiles on their own. Technology tree was also modified to take into account the players terrain improvements that may speed up the research of certain technologies. Cultural achievements, such as Opera or Drama, are no more considered ""technologies"" and form a separate Civics research tree instead. Also, unlike most of its predecessors, Civilization VI allows stacking similar types of military units.",51.54,7.99,2010s,1,excellent,generally_favorable
183,3168,SOMA,2015-09-21,2015.0,Action|Adventure|Indie,Horror,Realistic,3D,Singleplayer,0,Controller,Frictional Games,Frictional Games,PlayStation 4|Xbox One|PC|macOS|Linux,5.0,M — Mature (17+),4.16,84.0,1420.0,1436.0,7366.0,6.0,20.0,0.0,4871,1059,61,336,321,718,Singleplayer|Steam Achievements|Full controller support|Steam Cloud|Atmospheric|steam-trading-cards|Great Soundtrack|Story Rich|First-Person|Sci-fi|Horror|Gore|Survival|Stealth|Steam Workshop|Moddable|Survival Horror|Walking Simulator|Robots|Underwater,Epic Games|PlayStation Store|Steam|GOG|Xbox Store,https://media.rawg.io/media/games/149/149bbed9d90dc09328ba79bbacfda3c8.jpg,http://www.somagame.com,soma,"SOMA is a sci-fi survival horror that makes you rethink the description of death. You play as Simon Jarrett who was injured in a crash accident and agreed for an experimental operation on his brain. He wakes up at an abandoned underwater facility full of mutants. Trying to figure out whats going on, Simon finds Catherine Chun, a scientist, who tells him about the technology of copying the human personality. The gameplay is based on exploration and puzzle solving. Theres no combat, and you are meant to avoid enemies and act stealthily. To progress through the story, you need to search for clues, read multiple notes and solve puzzles. Though there are monsters in SOMA, it frightens with its atmosphere in the first place. A dark, abandoned station with dead people, uncertainty and the lack of any understanding of what is waiting for you is scarier than screamers and blood rivers. Moral choices you have to make dont affect the story much: instead, they change your attitude to the events, so its you who develops through the game.",50.73,7.73,2010s,1,excellent,generally_favorable
184,13305,Assassins Creed III,2012-10-30,2012.0,Action,Historical,Realistic,3D,Single & Multiplayer,1,Controller,Ubisoft Montreal,Ubisoft Entertainment,Wii U|Xbox 360|PlayStation 3|Xbox One|PlayStation 4|PC,6.0,M — Mature (17+),3.75,80.0,2145.0,2165.0,7364.0,22.0,166.0,21.0,3742,2636,55,493,164,274,Singleplayer|Multiplayer|Atmospheric|Story Rich|Open World|Third Person|Partial Controller Support|Sandbox|Stealth|Action-Adventure|Controller|Historical|Parkour|Assassin|America|Alternate History|Conspiracy|Hunting,Steam|PlayStation Store|Nintendo Store|Xbox Store|Xbox 360 Store,https://media.rawg.io/media/games/275/2759da6fcaa8f81f21800926168c85f6.jpg,http://assassinscreed.ubi.com/ac3/,assassins-creed-iii-2,"Assassins Creed III is the fifth game of the series, preceded by the first chapter taking place in the time of the Third Crusade and by the Ezio trilogy, positioning itself in the times of the Italian Renaissance (1476-1499). It is the 3rd person action adventure with an accent on exploring and hunting During the new installment, the player is set to make way through the American Revolution, while being on both side of a conflict our hero has English father and Mohawk mother, which tears him apart. Such conflicts serve as the leitmotif through the entirety of a game not only we are choosing sides to fight on in the Civil War, but also we are facing the decisions of choosing Assassins or Templars side. As it is common in the Assasins Creed games, the gameplay concentrates profoundly around fighting the multiple enemies all at once, parkouring off walls and micro-management: selling resources, exchanging ships and so on. The Assassins Creed III, however, highlights the hunting and simultaneous use of two weapons as the new in-game features.",50.31,20.16,2010s,1,good,generally_favorable
185,28172,Kingdom Come: Deliverance,2018-02-13,2018.0,Action|Adventure|RPG,Sci-Fi,Realistic,3D,Singleplayer,0,Controller,Deep Silver|Warhorse Studios,Warhorse Studios,PlayStation 4|Xbox One|PC,3.0,M — Mature (17+),4.04,71.0,1421.0,1442.0,7362.0,10.0,357.0,1.0,4679,621,225,608,522,707,Singleplayer|Steam Achievements|Full controller support|Atmospheric|Great Soundtrack|RPG|Story Rich|Open World|First-Person|Choices Matter|Realistic|Historical|Medieval|Kickstarter|Choose Your Own Adventure|CRPG|Swordplay|Crowdfunded|Horses|Einzelspieler|Steam-Errungenschaften|Volle Controllerunterstützung,Epic Games|Steam|PlayStation Store|GOG|Xbox Store,https://media.rawg.io/media/games/d8f/d8f3b28fc747ed6f92943cdd33fb91b5.jpeg,https://www.kingdomcomerpg.com/,kingdom-come-deliverance,"Youre Henry, the son of a blacksmith. Thrust into a raging civil war, you watch helplessly as invaders storm your village and slaughter your friends and family. Narrowly escaping the brutal attack, you grab your sword to fight back. Avenge the death of your parents and help repel the invading forces!",47.64,6.03,2010s,1,excellent,mixed
186,1090,This War of Mine,2014-11-14,2014.0,Adventure|Simulation|Indie,Post-Apocalyptic,Stylized,2D,Singleplayer,0,Controller,11 Bit Studios,11 bit studios,Android|PS Vita|Nintendo Switch|Linux|macOS|PC|iOS,7.0,M — Mature (17+),4.07,83.0,1228.0,1235.0,7329.0,4.0,0.0,0.0,5282,664,66,655,190,472,Singleplayer|Steam Achievements|Full controller support|Steam Cloud|Atmospheric|steam-trading-cards|Open World|2D|Difficult|Survival|Stealth|Steam Workshop|Point & Click|War|Post-apocalyptic|Choices Matter|Crafting|Side Scroller|Roguelike|2.5D,GOG|Epic Games|Steam|Google Play|Nintendo Store|App Store,https://media.rawg.io/media/games/283/283e7e600366b0da7021883d27159b27.jpg,http://www.thiswarofmine.com,this-war-of-mine,"A small town surrounded by war. The usual order is irrevocably violated, you have to survive, but you are not a soldier and certainly not a superhero. The player controls a group of two to four civilians selected from twelve characters. The goal is simple - to survive the war. Later, new people can join the group. Characters need food, can get sick, freeze, die from wounds. Can run away with all the food stock. The day is different from the night in everything. During the day we equip the shelter, repair and produce weapons and tools - from what can be found. In the afternoon we communicate with neighbours, sometimes with benefit. At night we go out for prey. The night harbours us but also harbours looters, often they are armed. Winter brings cold and freezes water, requires more health and firewood. Decisions that have to be made often have a moral dimension - can one rob an unarmed person if this is a matter of life and death for someone from the group? As in life, events are seen as random and do not repeat from game to game. The same characters can behave very differently, and the siege can sometimes last twenty days, and sometimes eighty.",49.56,4.86,2010s,1,excellent,generally_favorable
187,4013,Call of Juarez: Gunslinger,2013-05-14,2013.0,Action|Shooter,Historical,Realistic,3D,Singleplayer,0,Controller,Ubisoft|Techland,Ubisoft Entertainment|Techland Publishing,PlayStation 3|PC|Nintendo Switch|Xbox 360|Xbox One,5.0,Not Rated,3.8,79.0,835.0,845.0,7325.0,5.0,39.0,3.0,5874,849,17,187,93,305,Singleplayer|Steam Achievements|Full controller support|Steam Cloud|Atmospheric|steam-trading-cards|Great Soundtrack|Story Rich|First-Person|FPS|Funny|Gore|Steam Leaderboards|Comedy|Historical|Linear|Narration|Alternate History|Western|Bullet Time|Dynamic Narration,Nintendo Store|GOG|Xbox Store|Steam|Xbox 360 Store,https://media.rawg.io/media/games/a86/a86ce0afaf2d5ec2b0f048989f01795e.jpg,http://www.callofjuarez.com/,call-of-juarez-gunslinger,"Gunslinger is the fourth installment of the Call of Juarez series of western-inspired games. The frame story, told in cutscenes, begins in 1910, in Kansas, where Silas, a patron in the pub, brags about his adventures in the Wild West. This old man claims he used to be a bounty hunter who took down many of the famous outlaws. Most of the game has the player re-enacting Silass presumed past, while in the present the hero is narrating his own story off-screen. Silas is an unreliable narrator, however, and his own in-game audience will point at plot holes in his tall tales. Like the rest of Call of Juarez games, Gunslinger has every classic staple of the western genre. There are saloons and gold mines, stagecoaches, Indians and cowboys, sheriffs and gangs. The protagonist will escape prison, wander the Wild West, fight brigands and other enemies using a variety of late XIX century firearms, and occasionally sing country songs. Gunfights and duels are the central features of the game. Theres even a Duel mode, in which the player can enter a tournament of gun duels, and the Arcade mode, in which multiple opponents attack the player. Gunslinger also introduces quick time events that allow the player to evade bullets.",46.58,6.31,2010s,1,good,generally_favorable
188,3766,Thief,2014-02-25,2014.0,Action|Adventure,Crime,Realistic,3D,Singleplayer,0,Controller,Feral Interactive|Square Enix|Eidos Montreal,Square Enix,PlayStation 4|PlayStation 3|Xbox 360|Xbox One|macOS|PC,6.0,M — Mature (17+),3.26,70.0,1268.0,1270.0,7306.0,5.0,215.0,3.0,5167,739,43,695,197,465,Singleplayer|Steam Achievements|Full controller support|Steam Cloud|Atmospheric|steam-trading-cards|RPG|Open World|First-Person|Horror|FPS|Fantasy|Steam Leaderboards|Stealth|Dark|Nudity|Medieval|Parkour|3D Vision|Steampunk|Assassin|Heist,Xbox Store|Steam|PlayStation Store|Xbox 360 Store,https://media.rawg.io/media/games/59a/59a3ebcba3d08c51532c6ca877aff256.jpg,http://www.thiefgame.com,thief,"Thief is a stealth-action game, the 4th installment in the Thief series and the first game since 2004 Thief: Deadly Shadows. The game was made as an attempt to reboot the franchise. Just as previous entries, the game takes place in the dark fantasy world with notable steampunk and Victorian era influence. You play as Garrett, the master thief who awakens after one-year slumber caused by accident in one of his missions. He finds out that his hometown is plagued by a mysterious disease The Gloom. The gameplay can be described as first-person stealth-action with the heavy emphasis on the variability of completing missions. Sneaking behind the enemies is usually a more effective way of performing tasks than openly fighting with them. Garrett possesses several different tools and weapons like lockpicks, prybar, etc. One of Garretts few weapons is bow which has 8 types of arrows and the full range of application from killing and poisoning enemies to putting out torches and distracting guards.",43.79,6.07,2010s,1,average,mixed
189,10061,Watch Dogs 2,2016-11-28,2016.0,Action|Adventure,Crime,Realistic,3D,Single & Multiplayer,1,Controller,Ubisoft Montreal,Ubisoft Entertainment,Xbox One|PlayStation 4|PC,3.0,M — Mature (17+),3.84,79.0,1745.0,1761.0,7289.0,17.0,422.0,2.0,4258,1420,142,625,309,535,Singleplayer|Multiplayer|Atmospheric|Co-op|Open World|cooperative|Third Person|Partial Controller Support|Gore|Comedy|Stealth|Third-Person Shooter|Cute|Mature|Parkour|Sexual Content|Crime|Illuminati|Hacking|first person mod,Steam|PlayStation Store|Xbox Store|Epic Games,https://media.rawg.io/media/games/f52/f52cf6ba08089cd5f1a9c8f7fcc93d1f.jpg,http://watchdogs.com/,watch_dogs-2,"Watch Dogs 2 is an action-adventure open-world game developed by Ubisoft Montreal. It is the second installment in the series and continues the main idea of its predecessor - hacking and hacktivism in an open world. Welcome to San-Francisco. It is the second city in the United States to install the city-wide operating system named ctOS, which connects everything from your car to your smart home to a global network. Marcus Holloway is tagged by the system as a suspect for a crime he did not commit. Marcus decides to take action and gets together with the hacktivist group DedSec to expose ctOS and its creators. WD2 offers the player an immense open world which consists of San-Francisco, Oakland, Marin and Silicon Valley. Its the players choice to navigate the world on foot or on a wide range of vehicles from cars to boats. It is up to the player to choose whether to use a lethal or non-lethal approach on a mission as there is always a taser in your inventory and a billiard ball attached to a paracord that knocks enemies out. It is possible to hack into any devices that are connected to ctOS. For instance, Marcus can control forklifts, buzz guards phones in order to distract them.",49.22,12.31,2010s,1,good,generally_favorable
190,4544,Red Dead Redemption,2010-05-18,2010.0,Action|Shooter,Horror,Realistic,3D,Single & Multiplayer,1,Controller,Rockstar North|Rockstar Games|Double Eleven|Rockstar San Diego,Rockstar Games,PC|Nintendo Switch|PlayStation 4|Xbox One|Xbox 360|PlayStation 3,6.0,M — Mature (17+),4.42,95.0,2145.0,2161.0,7263.0,6.0,264.0,3.0,4177,1741,96,415,477,357,Singleplayer|Steam Achievements|Multiplayer|Full controller support|Atmospheric|Great Soundtrack|Story Rich|Open World|Third Person|Gore|Classic|Action-Adventure|Third-Person Shooter|Zombies|Nudity|3D|combat|Sexual Content|Blood|Narration|Family Sharing|Western|shoot|waves|HDR available|nightmare|clone,Steam|Xbox Store|PlayStation Store|Xbox 360 Store,https://media.rawg.io/media/games/686/686909717c3aa01518bc42ae2bf4259e.jpg,http://www.rockstargames.com/reddeadredemption/,red-dead-redemption,"Red Dead Redemption is a third-person open-world adventure game which implements the Wild West at its best: it is very much GTA-clone but in bizarre stylistics and the very beginning of the twentieth century. This is the second title of a franchise, being preceded by Red Dead Revolver and followed by Red Dead Redemption 2 coming out in late 2018. We play as John Marston who gradually takes down and take out criminals and those, who crosses his path. Among the combat mechanics, the most interesting one is ""Dead Eye"" it allows one to point multiple targets out in slow motion and then shoot them simultaneously. The game features 16-players multiplayer and cooperative and also has zombie DLC Undead Nightmare. Additional content adds two modes to the original game: undead overrun in which you have to survive an infinite amount of zombie waves, and Land Grab in which player has to defend the particular piece of land to gain control of it.",55.81,13.21,2010s,1,excellent,universal_acclaim
191,17352,Killing Floor,2009-05-14,2009.0,Action,Horror,Realistic,3D,Single & Multiplayer,1,Keyboard / Mouse,Tripwire Interactive,Tripwire Interactive,PC|Linux|macOS,3.0,Not Rated,3.45,72.0,852.0,854.0,7261.0,5.0,285.0,1.0,6116,320,15,515,45,250,Singleplayer|Steam Achievements|Multiplayer|steam-trading-cards|Great Soundtrack|Co-op|cooperative|First-Person|Horror|FPS|Online Co-Op|Gore|Difficult|Survival|Comedy|stats|Steam Workshop|Cross-Platform Multiplayer|Zombies|Includes level editor|Moddable|Survival Horror|exclusive|Team-Based|Valve Anti-Cheat enabled|true exclusive|Class-Based,Steam,https://media.rawg.io/media/games/806/8060a7663364ac23e15480728938d6f3.jpg,http://www.killingfloorthegame.com,killing-floor,"In Killing Floor you play as a part of a special team to fight off legions of cloned zombies. Horzine Biotech released an endless amount of clones from the facility and citizens are drowning in this waves of human flesh. Local police are trying to fight them back, but there is no progress. British government decides to build up a special team of fighters to fight off numerous amount of enemies on their territory. Every level in the game has a precise amount of waves according to your difficulty. With each wave, the number of zombies and types will change becoming more challenging to live through. By successfully winning the round and depending on your skills, game awards with cash that you can spend on new weapon and supplies. High variety of classes have added a different gaming style for every player. You can be a Gunslinger and use pistols, Commando that uses rifles or Support that uses shotguns. Every class has their advantages and perks that can be unlocked by levelling it up. As the final wave players must face a boss with a unique mechanic.",43.71,3.41,2000s,1,average,mixed
192,952,Shadowrun Returns,2013-07-24,2013.0,RPG|Strategy|Indie,Crime,Stylized,2D,Singleplayer,0,Keyboard / Mouse,Harebrained Schemes,Paradox Interactive|Harebrained Holdings|Harebrained Schemes,PC|macOS|Android|Linux|iOS,5.0,Not Rated,3.5,76.0,730.0,733.0,7255.0,4.0,21.0,6.0,5911,393,20,239,89,603,Singleplayer|Atmospheric|RPG|Story Rich|Sci-fi|Fantasy|Female Protagonist|Tactical|Includes level editor|Moddable|Turn-Based|Isometric|Turn-Based Strategy|Cyberpunk|Dystopian|Kickstarter|CRPG|Crowdfunded,App Store|Steam|GOG|Google Play|Epic Games,https://media.rawg.io/media/games/d4b/d4bcd78873edd9992d93aff9cc8db0c8.jpg,http://harebrained-schemes.com/shadowrun/,shadowrun-returns,"Shadowrun Returns is a science fiction tactical RPG. The game became a revival of the original Shadowrun series, as the new chapter had some references to the 1993 Shadowrun. The Shadowrun universe includes several fictional cyberpunk elements because the main action takes place in the future. The game gives an opportunity to assume the role of a shadowrunner and to investigate a mysterious crime. To start a single campaign called Dead Mans Switch players are offered to create their own character. The story begins in 2054 in Seattle, when the nameless protagonist receives a message from their shadowrunner accomplice Sam Watts, which was triggered by a dead mans switch. The message is about Sams assassination, and the protagonist is aksed to investigate the case for Sams 100 thousand of local currency. The investigation will lead players through the story of serial killer Emerald City Ripper to the large-scale intergalactic conspiracy. In the course of the investigation, the character will participate in turn based fights and complete in-game objectives. Although the gameplay is mostly linear, it features some exploration and interaction with the environment.",44.36,3.09,2010s,1,good,generally_favorable
193,432,Grand Theft Auto III,2001-10-22,2001.0,Action|Shooter,Crime,Realistic,3D,Single & Multiplayer,1,Controller,DMA Design,Capcom|Rockstar Games|1C-SoftClub|Buka Entertainment,macOS|PC|iOS|Android|PlayStation 4|PlayStation 2|Xbox,7.0,M — Mature (17+),4.15,93.0,1611.0,1628.0,7244.0,1.0,66.0,12.0,4488,1599,43,739,121,254,Singleplayer|Multiplayer|Atmospheric|Great Soundtrack|Story Rich|Open World|Third Person|Partial Controller Support|Classic|Sandbox|Violent|Third-Person Shooter|Moddable|Mature|Crime|Driving|Silent Protagonist|Satire|first person mod,PlayStation Store|Steam|Google Play|App Store,https://media.rawg.io/media/games/5fa/5fae5fec3c943179e09da67a4427d68f.jpg,http://www.rockstargames.com/grandtheftauto3,grand-theft-auto-iii,"Grand Theft Auto III is an open-world action game, a part of the criminal franchise GTA. As the first in the series 3D game with high-quality textures, GTA III became exemplary in its genre. The action is located in fictional Liberty City. Its map is divided into three parts each becomes available gradually, depending on the storyline progress. The player takes control of the character from the third-person view. The classic feature of GTA III is the ability to interact with the world: explore the map either on foot or by car, contact with other characters, visit weapon stores and shoot everywhere. Although GTA III is another chapter of the franchise, its plot is unique. The story begins with the dynamic bank robbery. During the heist scene, the main character (silent and unnamed for the whole game) gets betrayed by his accomplice Catalina. By good fortune, the protagonist escapes from imprisonment and starts making both ends meet in Liberty City after being deceived. Therefore, his only wish also the main idea of the storyline to take the revenge on the former partner.",52.8,11.3,2000s,1,excellent,universal_acclaim
194,51325,The Last of Us Part II,2020-06-19,2020.0,Action|Shooter|Adventure,Horror,Realistic,3D,Singleplayer,0,Controller,Naughty Dog,Sony Interactive Entertainment,PlayStation 4|PlayStation 5,2.0,M — Mature (17+),4.41,93.0,1901.0,1991.0,7227.0,3.0,125.0,1.0,3305,1860,143,87,1420,412,Singleplayer|Atmospheric|Survival|Violent|Stealth|Action-Adventure|exclusive|3rd-Person Perspective|Blood|America|LGBTQ+|Role Playing Game,PlayStation Store,https://media.rawg.io/media/games/909/909974d1c7863c2027241e265fe7011f.jpg,https://www.thelastofus.playstation.com/,the-last-of-us-part-2,"The Last of Us Part II is the sequel to the post-apocalyptic zombie game The Last of Us. Plot The game follows Ellie, the girl who was the secondary protagonist and the player characters companion in The Last of Us. The game is set five years after the ending of the original. Both Ellie (who is by 19 now) and Joel survived and live in Jackson, Wyoming, where Ellie is dating another girl, Dina. However, the characters have to deal with the evil cult called the Seraphites, who try to sacrifice their former members. A matter of revenge forces Ellie and her friends to undertake a trip to Seattle, Washington, to kill their enemies. The major theme of the plot is Ellies dealing with her hate issues. Gameplay Unlike in the original game, the player controls Ellie instead of Joel, who now becomes her AI-controlled companion. The game features improved controls that include new options such as crawling, dodging, and a jump button. A new AI system allows the human adversaries to communicate share information with each other. The game also introduces multiplayer.",54.62,13.46,2020s,1,excellent,universal_acclaim
195,28202,Wolfenstein II: The New Colossus,2017-10-25,2017.0,Action|Shooter,Crime,Realistic,3D,Singleplayer,0,Controller,Bethesda Softworks|id Software|Arkane Studios|Panic Button|Machine Games|Goodbye Kansas Games|Doctor Entertainment,Bethesda Softworks,PlayStation 4|PC|Nintendo Switch|Xbox One,4.0,M — Mature (17+),4.1,86.0,1747.0,1769.0,7224.0,11.0,784.0,9.0,4268,1613,88,264,563,428,Singleplayer|Atmospheric|Great Soundtrack|Story Rich|Open World|First-Person|Sci-fi|Horror|FPS|Gore|Comedy|Violent|Stealth|Nudity|Dystopian|World War II|Illuminati|Heist|Alternate History|Einzelspieler|Steam-Errungenschaften|Volle Controllerunterstützung,PlayStation Store|GOG|Steam|Xbox Store|Nintendo Store,https://media.rawg.io/media/games/a0e/a0ef08621301a1eab5e04fa5c96978fa.jpeg,https://wolfenstein.bethesda.net/?utm_source=Steam,wolfenstein-2-the-new-colossus,"Wolfenstein 2: The New Colossus is a singleplayer FPS developed by MachineGames. It is the third installment in the rebooted series. Set in the alternate 1961 where Nazi Germany won World War II, the game picks up right at the end of Wolfenstein: The New Order. After sustaining heavy injuries in the battle with Wilhelm ""Deathshead"" Strasse, BJ Blaskowicz orders a nuclear strike on Deathsheads compound in order to cripple the Nazi war machine, but he is evacuated by his comrades before the rocket launch. Blaskowicz falls unconscious for 5 months and is woken up by a Nazi attack. The player has to repel the attack and end the Nazi reign over America once and for all. The New Colossus features several stealth-action elements, just like the previous title in the series. There are some major differences in the mechanics: now BJ can modify his weaponry on-the-go, dual wield two different weapons at the same time. The cover system makes a comeback. The Protagonist doesnt stick to cover, leaning out of it instead. The game offers a linear storyline, but the player is free to complete side-missions in any order they like. Completing these missions is rewarded with new weapon upgrades.",51.54,14.25,2010s,1,excellent,generally_favorable
196,906,Call of Duty: Black Ops III,2015-11-06,2015.0,Action|Shooter,Horror,Realistic,3D,Single & Multiplayer,1,Controller,Raven Software|Treyarch|Beenox|Nerve Software|XPEC Entertainment|XPEC,Aspyr|Activison,Xbox 360|Xbox One|PlayStation 3|PC|PlayStation 4,5.0,M — Mature (17+),3.28,73.0,1486.0,1499.0,7216.0,16.0,1168.0,29.0,5163,991,63,606,168,225,Singleplayer|Steam Achievements|Multiplayer|Full controller support|Atmospheric|Great Soundtrack|Co-op|Story Rich|Open World|cooperative|First-Person|Sci-fi|FPS|Gore|Steam Leaderboards|Steam Workshop|Zombies|Futuristic|Parkour|Valve Anti-Cheat enabled|Robots|battle|Illuminati|Quick-Time Events,Xbox 360 Store|PlayStation Store|Steam|Xbox Store,https://media.rawg.io/media/games/fd6/fd6a1eecd3ec0f875f1924f3656b7dd9.jpg,https://www.callofduty.com/blackops3,cod-black-ops-iii,"Call of Duty Black Ops III is a science fiction first-person shooter, the twelfth game in the whole Call of Duty franchise and the third chapter in the Black Ops series. The action begins in 2065, 40 years after the events of the second part, so the game has several historical references. However, the game is not a direct sequel to the previous Black Ops game. Players are offered to assume the role of a CIA special unit trooper trying to get along with the new artificial intelligence DNI (Direct Neural Interface) system and to solve mysteries hidden in it. The whole gameplay is divided into three usual for Black Ops series game modes: Campaign, Multiplayer, and Zombies. The single-player campaign can be also completed in a squad (up to four members). Players are able to choose proper equipment and even customize the character before starting another mission. After the completion, each level could be replayed in a realistic difficulty or in a Nightmares mode (regular enemies are replaced with zombies).",44.92,11.43,2010s,1,average,mixed
197,11726,Dead Cells,2018-08-07,2018.0,Action|RPG|Indie|Platformer,Sci-Fi,Pixel Art,2D,Singleplayer,0,Controller,Plug In Digital|Playdigious|Motion Twin,Plug In Digital|Playdigious|Motion Twin,Xbox One|Nintendo Switch|PlayStation 4|macOS|Linux|iOS|PC,7.0,T — Teen (13+),4.24,88.0,1701.0,1726.0,7189.0,10.0,502.0,0.0,4273,770,388,828,551,379,Singleplayer|Steam Achievements|Full controller support|Steam Cloud|Atmospheric|Great Soundtrack|RPG|2D|Difficult|Pixel Graphics|Early Access|Hack and Slash|Replay Value|Side Scroller|Roguelike|Metroidvania|Roguelite|Procedural Generation|Perma Death,Steam|GOG|Nintendo Store|Xbox Store|PlayStation Store|itch.io|App Store|Epic Games,https://media.rawg.io/media/games/f90/f90ee1a4239247a822771c40488e68c5.jpg,https://dead-cells.com/,dead-cells,"Dead Cells is a roguelike adventure title developed by Motion Twin. ###Story Not much story is present in the game, as only bits of any information are given out to the players. The game takes place at a remote island, where the players take place of the Prisoner. The Prisoner does not speak, yet he can express confusion and frustration using his body language. The Prisoner is basically immortal, as, in case of death, his head disconnects itself from the Prisoners body, and gets back to the games starting area. ###Gameplay The games heavily inspired by The Binding of Isaac, as stated by the developers. Dead Cells features the procedurally generated environments that are typical for roguelike games, yet it puts a strong emphasis on exploration that is typically found in metroidvanias. The players set out to explore the island where a prison was built. As the players come down into the dungeons of the island, they find various loot, fight dangerous creatures, collect armor, abilities, and power-ups. Upon death, the players lose all the loot they had on them. It is possible to find a shopkeep somewhere in the dungeons to purchase new equipment or have some rest. The game uses death as a learning experience, as it randomizes the placement of enemies, so the players cant take multiple attempts to complete a level. The developers want the player to examine the enemy behavior and learn how to combat the enemies themselves.",52.31,7.57,2010s,1,excellent,generally_favorable
198,1358,"Papers, Please",2013-08-08,2013.0,Simulation|Educational|Indie|Puzzle,Historical,Pixel Art,2D,Singleplayer,0,Keyboard / Mouse,Dukope1|3909|Lucas Pope,3909,Linux|macOS|PC|iOS|Android|PS Vita,6.0,M — Mature (17+),4.38,85.0,1730.0,1745.0,7185.0,4.0,20.0,0.0,4623,1367,90,593,257,255,Singleplayer|Steam Achievements|Steam Cloud|Atmospheric|steam-trading-cards|Great Soundtrack|Story Rich|2D|Difficult|Steam Leaderboards|Pixel Graphics|stats|Retro|Point & Click|War|Replay Value|Multiple Endings|Dystopian|Surreal|Political|work|historical-fiction,Google Play|itch.io|PlayStation Store|App Store|GOG|Steam,https://media.rawg.io/media/games/6d3/6d33014a4ed48a19c30a77ead5a0f62e.jpg,http://papersplea.se,papers-please,"The creator of the game often travelled through Asia and made the observation that the work of an immigration officer checking documents for entry is simultaneously very monotonous and very responsible. The game reproduces this work - but scammers and unusual situations occur in it much more often than in reality. The task of the player-officer is not to make a mistake, not to let an unwanted guest into the country. He has power, directories, translucent devices, etc., but experienced masters of deception and fraud act against him. The task of the player is complicated by the fact that his country is like all the paranoid dictatorships at the same time. This country fears a lot, seeks to control everything and periodically generates various rules. The game has a lot of humour, a lot of exciting puzzles and unexpected twists, including shooting. The visual and musical design of the game reflects the bizarre world of stupid rules, constant fear and mutual distrust.",52.35,9.89,2010s,1,excellent,generally_favorable
199,43877,Quake Champions,2017-08-22,2017.0,Action|Shooter,Horror,Realistic,3D,Multiplayer,1,Keyboard / Mouse,id Software|Saber Interactive,Bethesda Softworks,PC,1.0,M — Mature (17+),3.26,74.1,1017.0,1022.0,7184.0,2.0,104.0,8.0,6000,98,49,630,16,391,Steam Achievements|Multiplayer|First-Person|Horror|FPS|Gore|Difficult|Violent|Free to Play|Online multiplayer|Early Access|exclusive|Fast-Paced|true exclusive|Arena Shooter|e-sports,Steam,https://media.rawg.io/media/games/fba/fbae1bcfae1feffda6a11fbc1c939420.jpg,https://quake.bethesda.net/,quake-champions,"Quake Champions is a multiplayer competitive FPS developed by Id Software. The gameplay resembles the same arena shooter mechanics as the previous installments. For the first time in the series, the so-called champions appear in the game. Each champion has a different amount of health, top speed and a unique ability that can be used once in 20-45 seconds depending on the champion and needs to be recharged after usage. The abilities are designed using the rock-paper-scissors principle with each ability serving as a counter to another. This was done in order to put emphasis on a players skill and not the chosen character. The game also features character customization system which allows changing the look of any selected champion. There is no loadout system in the game whatsoever. Players have to pick up the weapons scattered on the map. Players can download the game for free, yet they will have access to only one Champion, Ranger. The players have to either rent new champions using the in-game currency or by the so-called champions pack that will unlock every in-game character for an unlimited amount of time.",43.69,1.14,2010s,0,average,mixed
200,3474,Lara Croft and the Temple of Osiris,2014-12-08,2014.0,Action|Adventure|Puzzle,Mythology,Realistic,2D / 3D,Single & Multiplayer,1,Controller,Square Enix|Crystal Dynamics,Square Enix,Xbox One|PlayStation 4|PC,3.0,Not Rated,3.09,73.0,648.0,649.0,7171.0,2.0,116.0,23.0,6182,249,16,262,63,399,Singleplayer|Steam Achievements|Multiplayer|Full controller support|RPG|Co-op|cooperative|Third Person|Online Co-Op|Steam Leaderboards|Female Protagonist|Split Screen|Local Co-Op|Hack and Slash|Isometric|Top-Down|4 Player Local|Twin Stick Shooter|4 giocatori divano|Lara Croft,Xbox Store|Steam|PlayStation Store,https://media.rawg.io/media/games/1fb/1fb1c5f7a71d771f440b27ce7f71e7eb.jpg,http://www.laracroft.com,lara-croft-and-the-temple-of-osiris,"The sequel to Lara Croft and the Guardian of Light, and a spin-off to the larger Tomb Raider franchise. This time, our famous adventurer Lara Croft and her rival tomb raider Carter Bell travel to Egypt to search for the ancient temple, where a magical artifact, Stuff of Osiris, is hidden. The game is set in the temple and its dungeons, designed in Ancient Egyptian aesthetics. Besides shooting monsters, Lara and her partners have to avoid all kind of traps that will immediately remind you of Indiana Jones films. Completing specific missions will grant the player rings and amulets that enhance characters skills and abilities. Just like the previous game, The Guardian of Light uses the isometric view. The game allows for a cooperative mode for up to four players. All puzzles are automatically adjusted to the number of players. You can play not only as Lara but also as her friendly rival Carter Bell and two Egyptian gods, Isis and Horus, who were imprisoned in the temple for millenniums by the evil god Set. Their goal is to gather together and revive Osiris, the god who was dismembered by Set, and who can save the Earth from Sets evil. While human characters use firearms and grappling hooks, the gods are armed with the magic Stuff of Osiris.",41.74,2.22,2010s,1,average,mixed
201,18272,Magicka,2011-01-25,2011.0,Action|RPG,Sci-Fi,Realistic,3D,Single & Multiplayer,1,Controller,Paradox Interactive|Arrowhead Game Studios,Paradox Interactive,Android|PC,2.0,Not Rated,3.8,74.0,1084.0,1089.0,7171.0,5.0,88.0,1.0,5713,547,21,581,77,232,Singleplayer|Steam Achievements|Multiplayer|Full controller support|steam-trading-cards|RPG|Co-op|cooperative|Online Co-Op|Fantasy|Funny|Difficult|Steam Leaderboards|Comedy|Split Screen|Local Co-Op|Action RPG|Local Multiplayer|Team-Based|Magic|4 Player Local,Steam|Google Play,https://media.rawg.io/media/games/c7a/c7a71a0531a9518236d99d0d60abe447.jpg,http://www.magickagame.com/,magicka,"Magicka is a fun franchise. Based on Scandinavian mythology, we follow a story of four mages that have formed an order to protect Midgard from a warlock. Yet this warlock is just a pawn in the greater game of a demon Assatur, who wants to destroy wants to destroy the homeland of the mages. The game gives few nods towards some other known franchises as Warhammer, Warcraft or even Star Wars. Gaming process is very complicated. Having no character class as it is, every mage can create his unique combinations from eight different types of magic - water, life, shield, cold, lightning, arcane, earth and fire. Some of them are not compatible such as fire and cold because of their opposing nature, but the game deeply explores the way to create a unique gameplay-style based on your preference. Around the world, you can find magickas - scrolls that contain new spells and magic. Supporting up to four players at the same time it is a very fun game despite having loads of technical issues, like bugs and other problems.",45.99,4.47,2010s,1,good,mixed
202,10548,Darksiders Warmastered Edition,2016-11-29,2016.0,Action|RPG,Post-Apocalyptic,Realistic,3D,Singleplayer,0,Controller,Vigil Games|Kaiko,THQ Nordic,Xbox One|PC|Nintendo Switch|Wii U|PlayStation 4,5.0,M — Mature (17+),3.68,79.0,929.0,936.0,7158.0,5.0,194.0,0.0,5514,664,46,288,87,559,Singleplayer|Steam Achievements|Full controller support|Steam Cloud|steam-trading-cards|RPG|Open World|Third Person|Fantasy|Gore|Difficult|Violent|Hack and Slash|Post-apocalyptic|Dark Fantasy|Metroidvania|Remake|Demons,Nintendo Store|Epic Games|Steam|PlayStation Store|Xbox Store,https://media.rawg.io/media/games/1f1/1f1888e1308959dfd3be4c144a81d19c.jpg,https://www.thqnordic.com/games/darksiders,darksiders-warmastered-edition,"Darksiders Warmastered Edition is a third person slasher/RPG. A remaster of the original release of 2010. The game features a fictional world, where mythical creatures exist in something resembling our reality. The games protagonist is called War, the first Rider of Apocalypse from the biblical stories. His story is tied to his own mistakes, and the player has to restore order and the main characters good name. Coincidentally, the actions that can be performed by the player include masterful executions, implementation of a wide variety of weapons, and many more brutal exercises of power. The role-playing elements will help the main character progress through the game and add more flavor to the gameplay. The Warmastered Edition, compared to the original game, improves in graphics, performance, and overall quality-of-life features, making the players experience most smooth, and allowing to be run on the most powerful gaming rigs.",46.06,5.59,2010s,1,good,generally_favorable
203,10073,Divinity: Original Sin 2,2017-09-14,2017.0,RPG|Strategy,Horror,Stylized,2D,Single & Multiplayer,1,Controller,Larian Studios,Larian Studios,PlayStation 4|Nintendo Switch|PC|Xbox One,4.0,M — Mature (17+),4.38,95.0,1628.0,1651.0,7145.0,22.0,97.0,5.0,4742,743,250,530,450,430,Singleplayer|Multiplayer|Full controller support|Steam Cloud|Atmospheric|Great Soundtrack|RPG|Co-op|Story Rich|Open World|cooperative|Online Co-Op|Fantasy|Female Protagonist|Online multiplayer|Split Screen|Local Co-Op|Local Multiplayer|Early Access|role-playing|Character Customization|Turn-Based|Isometric|achievements|Turn-Based Combat|Turn-Based Tactics|CRPG|in development,Steam|GOG,https://media.rawg.io/media/games/424/424facd40f4eb1f2794fe4b4bb28a277.jpg,http://divinity.game,divinity-original-sin-2,"The Divine is dead. The Void approaches. And the powers latent within you are soon to awaken. The battle for Divinity has begun. Choose wisely and trust sparingly darkness lurks within every heart. Who will you be? A flesh-eating elf an imperial lizard an undead risen from the grave? Choose your race and origin story - or create your own! Discover how the world reacts differently to who - and what - you are.Its time for a new Divinity! Gather your party and develop relationships with your companions. Blast your opponents in deep tactical turn-based combat. Use the environment as a weapon, use height to your advantage, and manipulate the elements.Ascend as the god that Rivellon so desperately needs. Explore the vast and layered world of Rivellon alone or with up to 4 players in drop-in/drop-out co-operative play. Go anywhere, kill anyone, and explore endless ways to interact with the world. Continue to play in the brand-new PvP and Game Master modes. Choose your race and origin. or create your own as a Human, Lizard, Elf, Dwarf, or Undead. The world reacts to who you are, and what youve done. Every choice will have a consequence. Unlimited freedom to explore and experiment. Go anywhere, talk to anyone, and interact with everything! Every NPC can be killed, and every animal spoken to! Even ghosts hold a few secrets or two The next generation of turn-based combat. Revamped action point system, AI 2.0., new elemental combos, over 200 skills, height advantage and much, much more. Up to 4 player online and split-screen multiplayer. Choose one of the 6 pre-made characters or create your own. Play with your friends online or in local split-screen with full controller support. Game Master Mode: Take your imagination to the next level and craft your own stories with the Game Master mode. Download fan-made campaigns and mods from Steam Workshop.",53.99,7.27,2010s,1,excellent,universal_acclaim
204,28492,Dead Island,2011-09-06,2011.0,Action|Shooter|RPG,Horror,Realistic,3D,Not Specified,0,Controller & Keyboard/Mouse,Techland,Deep Silver,PC|Xbox 360|PlayStation 3,3.0,M — Mature (17+),3.48,74.0,1350.0,1357.0,7106.0,7.0,208.0,10.0,5158,977,18,696,82,175,Zombies|character|friends|island|police|room,Xbox 360 Store,https://media.rawg.io/media/games/56e/56ed40948bebaf1968234aa6e3c74771.jpg,http://www.deadislandgame.com,dead-island,"Dead Island is a zombie fighting game with the open world. Fictional island Banoi is filled with tourist. But suddenly, everyone disappears from every hotel room, and every corner of the island is filled with zombies. Four survivors - Sam, Xian, Logan and Purna must escape the hordes of zombies and try to find any survivors on the island and get out of this God forgotten place. The gameplay is based around experience. Killing zombies and completing quests will provide with EXP points which you can waste for new traits and perks for better and easier killing. Every character has his advantages with different types of weapon. For example, Purna is a former police officer, and she is quite familiar with firearms when Sam is very good with blunt weaponry. Having different styles of gameplay adds a very good variety to the gameplay, as you can play alone or with your friends. Quests will provide experience to every player on the map as you share it with your partner and you are free to do your quests as you want since the game has an open world system integrated into it.",45.34,8.03,2010s,1,average,mixed
205,3990,The Last Of Us,2013-06-14,2013.0,Action|Adventure,Horror,Realistic,3D,Not Specified,0,Controller,Naughty Dog,Sony Computer Entertainment,PlayStation 3|PlayStation 4,2.0,M — Mature (17+),4.54,95.0,3246.0,3287.0,7065.0,15.0,45.0,1.0,3148,2844,76,211,509,277,exclusive,PlayStation Store,https://media.rawg.io/media/games/a5a/a5a7fb8d9cb8063a8b42ee002b410db6.jpg,http://www.thelastofus.playstation.com/,the-last-of-us,"The population of the Earth almost disappeared as a result of a pandemic caused by a mutated fungus. The disease causes irreversible changes in the human body, a person loses his mind and behaves aggressively, like a zombie. Civilization no longer exists, few survivors live in isolation under the protection of the military. Cities outside the zones are dangerous ruins inhabited by infected people and people who have almost lost humanity. Heroes, the smuggler Joel and teenage girl Ellie, are trying to cross the continent, colliding in depopulated cities with all the set of dangers. The game requires hidden actions, the combat capability and the number of ammunition of the heroes are small, and it is best for them to avoid fighting. For most of the game, the player controls Joel, while Ellie and Joels other companions are controlled by artificial intelligence. The levels of the game are very extensive, at each level the task is the same - to reach a certain point alive. Characters have something like a shotgun pistol, bow and arrow, as well as improvised items - pipes, sticks, baseball bats. From time to time, it is necessary to solve the problem of perceptiveness. Artificial intelligence, which controls opponents, can behave differently depending on the situation.",59.01,21.48,2010s,1,masterpiece,universal_acclaim
206,559,Fallout Shelter,2015-06-15,2015.0,RPG|Simulation,Horror,Stylized,2D,Single & Multiplayer,1,Controller,Bethesda Softworks|Bethesda Game Studios,Bethesda Softworks,PlayStation 4|Xbox One|PC|Nintendo Switch|Android|iOS,6.0,T — Teen (13+),3.43,63.0,1511.0,1517.0,7055.0,3.0,175.0,11.0,5112,596,64,1167,20,96,Singleplayer|Steam Achievements|Multiplayer|Full controller support|Steam Cloud|Atmospheric|Great Soundtrack|RPG|2D|Horror|Funny|Sandbox|Survival|Free to Play|stats|role-playing|In-App Purchases|Post-apocalyptic|Crafting|Building|Management|Base Building,Xbox Store|Steam|PlayStation Store|Nintendo Store|Google Play|App Store,https://media.rawg.io/media/games/a91/a911f0a91991469e398fa70091507a5b.jpg,http://www.falloutshelter.com/,fallout-shelter,"The game is a simulation of managing a refuge. As an Overseer, you have to control the essential aspects of life in the Vault, especially: energy, food, water and the number of inhabitants. Your task is to develop and expand your shelter, as well as to fight enemies, to resist the attacks of raiders and other representatives of the Wasteland. To obtain resources, you need to assign people to the appropriate premises, properly distributing their skills between strength, perception, endurance, charisma, intelligence, agility and luck. Each character characteristic will affect how well he produces a particular type of resources and how high his chances to survive in the Wasteland. An essential aspect of the game is the correct use of resources and their balance. And with a deficit of one, there are difficulties. For example, the lack of electricity disrupts the premises, the lack of water leads to radiation exposure of residents, and food to the loss of health. You also need to protect themselves from attacks by raiders, mutated rats, ghouls and other creatures.",43.3,4.96,2010s,1,average,mixed
207,10419,Subnautica,2018-01-23,2018.0,Adventure|Indie,Horror,Voxel,3D,Single & Multiplayer,1,Controller,Unknown Worlds Entertainment,Unknown Worlds Entertainment,PlayStation 4|Xbox Series S/X|PC|macOS|Nintendo Switch|Xbox One|PlayStation 5,7.0,E10+ — Everyone 10+,4.25,83.0,1445.0,1471.0,7040.0,10.0,22.0,1.0,4414,832,176,692,431,495,Singleplayer|Multiplayer|Full controller support|Atmospheric|Open World|First-Person|Sci-fi|Horror|FPS|Exploration|Sandbox|Survival|Early Access|Crafting|Aliens|VR|online|Base Building|console|offline|Underwater|explore|Voxel|collect|alien|water|sea|food|sun|crash|health,PlayStation Store|Nintendo Store|Steam|Xbox Store|Epic Games,https://media.rawg.io/media/games/739/73990e3ec9f43a9e8ecafe207fa4f368.jpg,http://unknownworlds.com/subnautica,subnautica,"Subnautica is a first-person game about survival in the deep sea. You control Ryley Robinson, a space traveler in the 22nd century, who crash-landed his starship on a planet that is covered almost entirely by the ocean. The protagonist needs to eat and drink, although this can be disabled in lower difficulty modes. He can desalinate oceanic water, catch or gather the seafood, and create useful tools and structures. Unlike many survival games, Subnautica has a detailed plot, in which Ryley has to uncover why his ship crashed. By exploring the ocean, finding the remnants of other crashes, and listening to the radio messages, Robinson will learn about the enormous Leviathan, the mysterious Precursors, and the reason why this planet is quarantined. The game is famous for its spectacular portrayal of the ocean and its wildlife. Robinson is equipped with a scuba diving gear that allows the player to spend most of the game underwater, although oxygen still has to be replenished. The player can dive deep and explore the world full of corals, fish, and other colorful sea creatures, often grotesque or bio-luminescent. The environment is randomly generated to improve replayability.",50.37,6.79,2010s,1,excellent,generally_favorable
208,3757,South Park: The Stick of Truth,2014-03-04,2014.0,Adventure|RPG,Horror,Cartoon / Cel-Shaded,2D,Singleplayer,0,Controller,Obsidian Entertainment,Ubisoft Entertainment,Xbox One|PlayStation 4|PlayStation 3|PC|Nintendo Switch|Xbox 360,6.0,M — Mature (17+),4.22,84.0,1684.0,1699.0,7030.0,12.0,340.0,9.0,4450,1737,66,315,197,265,Singleplayer|Steam Achievements|Full controller support|RPG|Story Rich|Open World|2D|Fantasy|Funny|Comedy|Zombies|role-playing|Nudity|Turn-Based|Short|Mature|Turn-Based Strategy|JRPG|Dark Humor|Cartoon|Satire,PlayStation Store|Steam|Xbox Store|Xbox 360 Store|Nintendo Store,https://media.rawg.io/media/games/8ca/8ca40b562a755d6a0e30d48e6c74b178.jpg,https://www.ubisoft.com/en-gb/game/south-park/,south-park-the-stick-of-truth,"South Park: The Stick of Truth is an action RPG based on the American animated series South Park. Players assume the role of the New Kid, who moved to eponymous fictional town in Colorado State with his parents. According to the storyline, the New Kid meets the army of humans led by Wizard King Cartman in the Kupa Keep Kingdom (Cartmans backyard) and gets his nickname Douchebag. Cartman, as well as other characters of the original series, introduce The Stick of Truth, the key to the war between humans and elves, to the New Kid. Once The Stick is stolen by elves, the war and the whole adventure of Douchebag begins. The game is viewed from the third-person perspective. To start the campaign, players have to choose one of the character types (Fighter, Thief, Mage, and Jew), each with its own parameters and special abilities. Completing the levels and eliminating the enemies gives experience points that could be spent on learning new skills or upgrading the level. The gameplay also features fast travel ability. Remarkable characters of the original series Cartman, Butters, Stan, and Kyle join the protagonist during his wild adventure.",51.1,14.28,2010s,1,excellent,generally_favorable
209,3740,FEZ,2012-04-13,2012.0,Action|Adventure|Indie|Puzzle|Platformer,Fantasy,Pixel Art,2D / 3D,Singleplayer,0,Controller,POLYTRON,Microsoft Studios|Trapdoor|Corporation Polytron|Polytron,Nintendo Switch|PlayStation 3|Xbox 360|PlayStation 4|PS Vita|iOS|PC|macOS|Linux,9.0,E — Everyone (3+),4.0,91.0,1168.0,1175.0,7014.0,2.0,60.0,0.0,5038,638,76,653,207,402,Singleplayer|Steam Achievements|Full controller support|Steam Cloud|Atmospheric|Great Soundtrack|2D|Exploration|Steam Leaderboards|Pixel Graphics|Controller|Retro|controller support|Cute|Mystery|3D|Metroidvania|overlay|Relaxing|Puzzle-Platformer|2.5D,PlayStation Store|Epic Games|GOG|Steam|Xbox 360 Store|App Store|itch.io|Nintendo Store,https://media.rawg.io/media/games/4cb/4cb855e8ef1578415a928e53c9f51867.png,http://www.fezgame.com/,fez,"FEZ is a 2D and 3D game at the same time. Even though it is a platformer game in which you solve puzzles in the dimension your looking at, you can manipulate with the world itself by rotating it all around. Because of that very interesting mechanic that is not so popular in the industry, the game is actually is a 2D in a 3D world. In order to proceed from one level to another, you have to collect cubes or fragments of it. However, by rotating the world, you can actually gain access to some places that wouldnt be available without this mechanic. Gomez, our protagonist, must restore the order in his universe by passing through the levels and collecting little fragments of it. But he will face no threat at all. Your only challenge is to actually beat these quite peculiar puzzles, basically without any guidelines at all. As stated by a developer himself, this game is about ""stop and smell the flower"", which makes it a brilliant stress-relief or a relaxing sort of the game with slow gameplay and nice atmosphere.",50.15,4.88,2010s,1,excellent,universal_acclaim
210,19542,Half-Life: Blue Shift,2001-06-01,2001.0,Action|Shooter,Horror,Realistic,3D,Singleplayer,0,Keyboard / Mouse,Gearbox Software,Valve|Sierra On-Line,Linux|macOS|PC|Dreamcast,4.0,M — Mature (17+),3.72,71.0,752.0,756.0,7013.0,2.0,0.0,0.0,5721,732,6,138,41,375,Singleplayer|Atmospheric|Story Rich|First-Person|Sci-fi|FPS|Classic|Zombies|Short|Aliens|1990s|Silent Protagonist,Steam,https://media.rawg.io/media/games/4cb/4cb463b5588adc672124fb041f09e91c.jpg,https://rawg.io/games/half-life-blue-shift,half-life-blue-shift,"Half-Life: Blue Shift is the second (after Opposing Force) expansion pack for the original first-person shooter Half-Life. The game setting is the same as the one in the original game: the story takes place in the science laboratory called Black Mesa Research Facility in New Mexico. However, the game portrays the events of Half-Life through the eyes of Barney Calhoun a security guard employed by Black Mesa. Till the things have gone the wrong way the protagonist was responsible for the lab equipment and personnel welfare, but after the accident, his only aim is to protect a high-ranked scientist Dr. Rosenberg. The gameplay is almost similar to the original Half-Lifes: the storyline continues by navigating through the sequence of levels. Each level consists of both combat part and solving puzzles. Although Blue Shift is an expansion to the original Half-Life, both weaponry and enemies range face no changes or additions, so players use same guns to shoot same aliens. The only new mechanics is escorting a character to a specific location.",43.86,5.38,2000s,1,good,mixed
211,59359,A Plague Tale: Innocence,2019-05-13,2019.0,Action|Adventure,Horror,Realistic,3D,Singleplayer,0,Controller,Focus Home Interactive|Asobo Studio,Focus Home Interactive,PC|Xbox Series S/X|PlayStation 4|PlayStation 5|Xbox One|Nintendo Switch,6.0,M — Mature (17+),4.15,82.0,1494.0,1538.0,7010.0,7.0,98.0,1.0,3857,1497,125,246,748,537,Singleplayer|Full controller support|Third Person|Horror|Female Protagonist|Violent|Stealth|Action-Adventure|Linear|plague,Nintendo Store|PlayStation Store|GOG|Steam|Xbox Store|Epic Games,https://media.rawg.io/media/games/b4a/b4adf80c36e267b35acc3497ed2af19c.jpg,https://aplaguetale.com,a-plague-tale-innocence,"A Plague Tale: Innocence, on PlayStation 4, Xbox One and PC, tells the grim story of two siblings fighting together for survival in the darkest hours of History. This new video game from Asobo Studio sends you on an emotional journey through the 14th century France, with gameplay combining adventure, action and stealth, supported by a compelling story. Follow the young Amicia and her little brother Hugo, who face the brutality of a ravaged world as they discover their purpose to expose a dark secret. On the run from the Inquisitions soldiers, surrounded by unstoppable swarms of rats incarnating the Black Death, Amicia and Hugo will learn to know and trust each other as they struggle for their lives against all odds. An original, powerful tale following the trip of the young noble Amicia de Runes and her adorable yet smart brother Hugo Survive a great, enigmatic danger in a brutal, unforgiving world. With the Black Plague appeared deadly swarms of rats, indiscriminately devouring everything in their path. A seamless blend of adventure and stealth gameplay, deeply embedded in dark medieval mystery.",49.85,11.52,2010s,1,excellent,generally_favorable
212,2572,DiRT Rally,2015-12-07,2015.0,Simulation|Sports|Racing,Sci-Fi,Realistic,3D,Single & Multiplayer,1,Controller,Feral Interactive|Codemasters,Feral Interactive|Deep Silver|Codemasters,PlayStation 4|PC|macOS|Xbox One|Linux,5.0,Not Rated,3.69,86.0,671.0,673.0,7003.0,4.0,414.0,7.0,5968,137,54,389,70,385,Singleplayer|Steam Achievements|Multiplayer|Full controller support|Steam Cloud|Atmospheric|steam-trading-cards|Co-op|Open World|cooperative|First-Person|Difficult|Steam Leaderboards|Free to Play|Steam Workshop|Family Friendly|Realistic|Fast-Paced|VR|Valve Anti-Cheat enabled|3D Vision|Driving|TrackIR|Offroad,PlayStation Store|Xbox Store|Steam|App Store,https://media.rawg.io/media/games/78d/78dfae12fb8c5b16cd78648553071e0a.jpg,http://www.dirtgame.com,dirt-rally,"Full Oculus VR SupportDiRT Rally now fully supports Oculus Rift giving you the ultimate experience in racing immersion. DiRT Rally VR puts you directly in the drivers seat of the most iconic rally cars ever produced as you take on some of the most challenging stages in the world including the incredible Broadmoor Pikes Peak International Hill Climb as well as experiencing wheel-to-wheel thrill of Rallycross. Full Oculus Rift VR support throughout the entire game Amazing 90fps experience About the GameDiRT Rally is out now for Linux DiRT Rally for Mac is standing by for Metal DiRT Rally is the most authentic and thrilling rally game ever made, road-tested over 80 million miles by the DiRT community. It perfectly captures that white knuckle feeling of racing on the edge as you hurtle along dangerous roads at breakneck speed, knowing that one crash could irreparably harm your stage time. DiRT Rally also includes officially licensed World Rallycross content, allowing you to experience the breathless, high-speed thrills of some of the worlds fastest off-road cars as you trade paint with other drivers at some of the series best-loved circuits, in both singleplayer and high-intensity multiplayer races. ICONIC RALLY CARS - DiRT Rally boasts over 40 of the most iconic and relevant cars from yesteryear through to modern day, representing the cars that the players want, and the ones that make the most sense for the surfaces they race on. SIX MASSIVE RALLIES WITH OVER 70 STAGES - Head to the muddy paths of Wales, the dusty trails of Greece and the icy tarmac of Monte Carlo. Take on the legendary hillclimb of Pikes Peak, the snowy thrills of Sweden, and the epic scenery of Finland. OFFICIAL FIA WORLD RALLYCROSS CONTENT Race at the Lydden Hill, Holjes and Hell tracks in six of the fastest off-road cars and take on your friends in high intensity, bumper-to-bumper multiplayer racing. CUSTOM RALLY EVENTS: Take any car on any track configure and compete in single or multi-stage events. RALLY CHAMPIONSHIPS: Start on the bottom rung of the rally ladder and compete in a succession of events, earning points and money on your way to promotion. Use skilful driving and manage your repair schedules as you work your way to the top division and earn the most lucrative rewards. UPGRADES, REPAIRS, SETUP AND TUNING - DiRT Rally delivers depth in areas beyond driving elements such as repairs, upgrades, and setup & tuning add a rich and strategic dimension to your rally experience. CHALLENGING, UNCOMPROMISING HANDLING MODEL - Codemasters has completely rebuilt the physical simulation for DIRT Rally to adequately capture how it feels to race across changing surfaces and has created brand new models for differential, suspension, engine mapping and turbo modelling. TEAM MANAGEMENT - Hire and fire your crew members each of whom which will have different skills, improving repair times for different parts of the car. Teach them new skills as they gain experience and work together as a team to improve your performance in events. PLAYER LEAGUE SUPPORT - Get together with friends and run your very own racing league. Join or create unlimited leagues and run them how and when you want. DAILY, WEEKLY AND MONTHLY ONLINE CHALLENGES - Its you versus the entire DiRT community in a series of one-day, week-long and month-long challenges to earn in-game credits to improve your car and team.",46.5,2.46,2010s,1,good,generally_favorable
213,21265,Half-Life: Opposing Force,1999-11-19,1999.0,Action|Shooter,Sci-Fi,Realistic,3D,Single & Multiplayer,1,Keyboard / Mouse,Gearbox Software,Valve,Linux|macOS|PC,3.0,M — Mature (17+),3.85,80.5,737.0,741.0,6999.0,3.0,0.0,0.0,5741,690,9,132,36,391,Singleplayer|Multiplayer|Atmospheric|Great Soundtrack|Co-op|Story Rich|cooperative|First-Person|Sci-fi|FPS|Classic|Aliens|Military|Valve Anti-Cheat enabled|1990s|Silent Protagonist,Steam,https://media.rawg.io/media/games/110/1106ebafac87cc573161f1f4f16e84cf.jpeg,https://rawg.io/games/half-life-opposing-force,half-life-opposing-force,"Half-Life: Opposing Force is an expansion pack for the original first-person shooter Half-Life. The game setting is the same as the one in the original game: the story takes place in the science laboratory called Black Mesa Research Facility in New Mexico at the same time. However, instead of following the original characters, players are offered to assume the role of Adrien Shephard a Hazardous Environment Combat Unit (initially antagonist organization) operator, who is sent to Black Mesa to prevent an extraterrestrial menace. Nevertheless, shooting scientists is not required, as the main threat comes out of aliens. The overall gameplay has few differences comparing to the one existing in Half-life, as far as it is based on completing the sequence of levels. Although the combat system looks almost the same, it features the non-player characters assistance so the protagonist will receive support from scientists, security guards, and marines (soldiers, combat medics, and engineers) during firefights or while solving puzzles. Players will also face new aliens types added to the existing ones.",46.21,5.17,1990s,1,good,generally_favorable
214,4954,Castle Crashers,2008-08-27,2008.0,Action|Indie,Sci-Fi,Realistic,2D,Single & Multiplayer,1,Controller,The Behemoth,Microsoft Studios|The Behemoth,PlayStation 3|Xbox 360|Nintendo Switch|PC|macOS,5.0,T — Teen (13+),3.88,84.0,1209.0,1215.0,6988.0,4.0,50.0,1.0,5350,826,43,529,60,180,Singleplayer|Steam Achievements|Multiplayer|Full controller support|Steam Cloud|steam-trading-cards|Great Soundtrack|RPG|Co-op|cooperative|2D|Online Co-Op|Fantasy|Funny|Steam Leaderboards|Comedy|Online multiplayer|Split Screen|Local Co-Op|Action RPG|Controller|Local Multiplayer|Cross-Platform Multiplayer|Hack and Slash|Side Scroller|Beat em up,PlayStation Store|Steam|Xbox 360 Store,https://media.rawg.io/media/games/d1a/d1a1202a378607b6c635c8f18ace95dd.jpg,http://www.thebehemoth.com,castle-crashers,"Castle Crashers is 2D beat-em-up game with role-playing elements developed by Behemoth. It was initially released in 2008 via Xbox Live Arcade with following ports for PS3, Windows, and macOS. In 2015 it was remastered as Castle Crashers Remastered and was released for Xbox One. You play as a knight sent by the king to defeat an evil wizard who stole the kings daughters and captured and mystical gem. The gameplay is very reminiscent of older side-scrolling beat-em-up titles. It can be summarized as a player has to defeat waves of enemies in different locations using his weapons and magical abilities. However, it also incorporates some role-playing elements such as acquiring gaining new levels which allow a player to enhance his stats and acquire new moves. One of the gameplays focal points is cooperative multiplayer with the support for up to 4 players which is available both locally and online. The game shares significant Behemoth hand-drawn visual style which was used before in Alien Hominid and would be later used in studios BattleBlock Theater and Pit People.",48.33,6.38,2000s,1,good,generally_favorable
215,1244,Darkest Dungeon,2016-01-18,2016.0,RPG|Strategy|Indie,Horror,Stylized,2D,Singleplayer,0,Controller,Red Hook Studios,Red Hook Studios,PC|macOS|Nintendo Switch|Linux|PS Vita|Xbox One|PlayStation 4,7.0,T — Teen (13+),4.17,84.0,1341.0,1349.0,6968.0,8.0,564.0,1.0,4951,328,218,891,180,400,Singleplayer|Steam Achievements|Steam Cloud|Atmospheric|steam-trading-cards|RPG|2D|Partial Controller Support|Horror|Fantasy|Difficult|Dark|role-playing|Turn-Based|controller support|Dark Fantasy|Roguelike|overlay|Roguelite|Dungeon Crawler|Kickstarter|Turn-Based Combat|Perma Death|Gothic|Lovecraftian|cloud saves,PlayStation Store|Steam|GOG|Nintendo Store|Xbox Store|Epic Games,https://media.rawg.io/media/games/fd9/fd92f105dcd6491bc5d61135033d1f19.jpg,http://www.darkestdungeon.com,darkest-dungeon,"Darkest Dungeon is a roguelike RPG developed by Red Hook Studios. The works of Howard Lovecraft served as the main inspiration for the game which addresses the themes of fear and psychological trauma. The story begins when the player learns that they inherited a manor from a distant relative who died excavating the catacombs under the manor and accidentally released a number of monsters. The player controls a group of adventure seekers that explore the dungeons beneath an old manor. Before every expedition, the player has to choose several heroes from the suggested roster and lead them through procedurally generated dungeons collecting treasures and killing various monsters. The main objective is to save the lives and mental health of the heroes. Mental health declines every time when the players comrades suffer damage, walk into traps or fall back from the battlefield. If the hero suffers a breakdown, they start to behave unexpectedly. During the expedition, the characters obtain their own traits - permanent behavior patterns, which can be both negative, such as alcoholism and kleptomania or positive like bravery.",49.83,4.58,2010s,1,excellent,generally_favorable
216,14348,Dying Light: The Following - Enhanced Edition,2015-01-26,2015.0,Action|RPG,Horror,Realistic,3D,Single & Multiplayer,1,Controller,Techland,Techland Publishing|Techland,macOS|Xbox One|PlayStation 4|PC|Linux,5.0,Not Rated,4.13,87.0,1092.0,1099.0,6956.0,17.0,67.0,0.0,5360,873,79,280,117,247,Singleplayer|Steam Achievements|Multiplayer|Full controller support|Steam Cloud|Atmospheric|steam-trading-cards|RPG|Co-op|Open World|cooperative|First-Person|Horror|FPS|Gore|Sandbox|Survival|Stealth|Steam Workshop|Zombies|Includes level editor|Survival Horror|Crafting|Parkour|Valve Anti-Cheat enabled,Epic Games|Steam,https://media.rawg.io/media/games/c11/c11a0b92b4c28f2e0db489f430142653.jpg,http://www.dyinglightgame.com/,dying-light-the-following-enhanced-edition,"Dying Light series introduces a world that was hit by a zombie virus outbreak. Under the daylight, zombies are weak and slow, but after the sunset, they become fast, strong and hungry for human flesh. You play as Kyle Crane, a special operative sent to the Harran city, which became a quarantined zone after the outbreak. In the expansion pack The Following, he learns about a cure for the plague, supposedly invented by a sect, and sets off to find out more about it. Crane will travel the countryside open world that is twice the size of the original games map. To fight off zombies, Crane will use not only a variety of weapons but also parkour movements, which are the definitive feature in Dying Light gameplay. The Following introduces new weapons, several new game modes, such as bounty hunting which gives the player a new mission every day. The expansion allows the player to drive a buggy to run zombies over. There is a four-person multiplayer mode, and also the Be the Zombie mode, in which players can assume the role of a huge, powerful zombie. The Enhanced Edition includes the original game, the expansion pack, and all the available DLCs, such as Cuisine & Cargo and The Bozak Horde.",49.55,7.85,2010s,1,excellent,generally_favorable
217,15859,Star Wars: Knights of the Old Republic,2003-07-15,2003.0,Action|RPG,Sci-Fi,Realistic,3D,Not Specified,0,Controller & Keyboard/Mouse,Aspyr Media|BioWare|Lucasfilm,Aspyr|LucasArts Entertainment,Xbox 360|Xbox|Nintendo Switch|Xbox One|Android|iOS|PC|macOS,8.0,M — Mature (17+),4.36,88.0,1453.0,1459.0,6945.0,2.0,0.0,2.0,4831,1079,55,347,223,410,Steam Cloud|Atmospheric|Great Soundtrack|RPG|Story Rich|Third Person|Sci-fi|Fantasy|Exploration|Classic|Female Protagonist|Space|role-playing|Moddable|Turn-Based|Choices Matter|Real-Time with Pause|Party-Based RPG|Star Wars|Single player only,Xbox Store|Steam|GOG|Xbox 360 Store|Google Play|App Store|Nintendo Store,https://media.rawg.io/media/games/6e0/6e0c19bb111bd4fa20cf0eb72a049519.jpg,https://www.starwars.com/games-apps/knights-of-the-old-republic,star-wars-knights-of-the-old-republic-2,"The game takes place in the world of the epic ""Star Wars"". When creating a character, first select a class - Soldier, Scoundrel or Scout. Classes differ in the proportion of strength, health and cunning. Later, three more classes will open, each of which will be a Jedi: Jedi Guardian, Jedi Consular, and Jedi Sentinel. This will also be the choice in favour of different proportions of strength, intelligence and skills. In the world of ""Star Wars,"" there is a Force that can be vested both by the Jedi and by their enemies. There are Force Powers of three types: light, dark and neutral. They should be studied, this raises the level of skill. Forces are expended but are restored. The player can alternately lean toward both the Light and the Dark Side of the Force - this will affect the ending of the game and the use of Force Powers. For example, if the character belongs to the Light Side, then the use of the Dark Force will require more of this Force from him than using the Light. The hero will visit the underground metropolis, the desert planet, the planet-forest and the planet-ocean, caves with crystals for light swords, sand Tatooine, the planet-cemetery, space ships and stations. The hero will interact with sentient beings, droids of different classes and exotic animals.",51.66,7.93,2000s,1,excellent,generally_favorable
218,56184,Resident Evil 4 (2005),2005-01-11,2005.0,Action|Shooter,Horror,Realistic,3D,Singleplayer,0,Controller,Capcom,Ubisoft Entertainment|Capcom|THQ|1C-SoftClub|Nintendo Australia|Red Ant Enterprises,GameCube|Android|PC|iOS|PlayStation 4|PlayStation 2|Wii,7.0,M — Mature (17+),4.4,83.0,1807.0,1824.0,6939.0,5.0,127.0,19.0,4281,1693,69,309,256,331,Singleplayer|Steam Achievements|Full controller support|Steam Cloud|Atmospheric|steam-trading-cards|Great Soundtrack|Third Person|Sci-fi|Horror|Gore|Difficult|Steam Leaderboards|Classic|Survival|Third-Person Shooter|Zombies|Survival Horror|Captions available|Replay Value|Remake|Quick-Time Events|Inventory Management|first person shooter|tank controls|survival-horror-game,Google Play|PlayStation Store|App Store|Steam,https://media.rawg.io/media/games/fee/fee0100afd87b52bfbd33e26689fa26c.jpg,https://www.residentevil.com/4/,resident-evil-4,"Resident Evil 4 is a third-person shooter game developed by Capcom Production Studio 4 and published by Capcom. The sixth major installment in the Resident Evil series, it was originally released for the GameCube in 2005. Players control U.S. government special agent Leon S. Kennedy, who is sent on a mission to rescue the U.S. presidents daughter Ashley Graham, who has been kidnapped by a cult. In a rural part of Europe, Leon fights hordes of villagers infected by a mind-controlling parasite, and reunites with the spy Ada Wong. Development began for PlayStation 2 in 1999. Four proposed versions were discarded the first attempt was directed by Hideki Kamiya after producer Shinji Mikami. In a departure from the fixed camera angles and slower survival horror gameplay of previous instalments, the team focused on developing more dynamic shooting action. Resident Evil 4 was announced as a GameCube exclusive as part of the Capcom Five, but was ported to numerous formats, becoming a cross-platform hit, selling over 10 million copies across all platforms. It garnered acclaim for its narrative, gameplay, voice acting, and characters, and is often named one of the best video games, winning multiple Game of the Year awards in 2005. It influenced the evolution of the survival horror and third-person genres, popularizing the ""over-the-shoulder"" third-person view. Resident Evil 5 was released in 2009. #Gameplay The player controls the protagonist, Leon S. Kennedy, from a third-person perspective. Departing significantly from the series previous games, the gameplay focuses on action and shootouts with fewer survival horror elements. The camera is placed behind Leon and zooms in for an over-the-shoulder view when aiming a weapon, or a first-person view when aiming with a sniper rifle. There is no crosshair for firearms instead, every firearm has a laser sight. Unlike previous games where players can only shoot straight, up, or down, players have more options. For example, shots to the feet can cause enemies to stumble, and shots to the arms can make them drop their weapons. Players can also shoot down projectiles like thrown axes or scythes. Resident Evil 4 adds context-sensitive controls. Based on the situation, players can interact with the environment: kicking down a ladder, jumping out of a window, dodging an attack or executing a ""finishing move"" on weakened enemies. There are also quick time events, in which the player must press buttons indicated on-screen to execute actions such as dodging a falling boulder or wrestling an enemy to stay alive. These are often incorporated into the games many boss fights, in which the player must avoid instant-kill attacks. The main enemies are violent villagers referred to as Los Ganados (""The Cattle"" in Spanish). Los Ganados can dodge, wield melee and projectile weapons, and are capable of working collectively and communicating with each other. The inventory system features a grid system, represented by an attach case, that has each item take up a certain number of spaces. The case can be upgraded several times, allowing for more space. Weapons, ammunition, and healing items are kept in the case, while key items and treasures are kept in a separate menu. Items may be bought from and sold to a merchant that appears in various locations. He sells first aid sprays, weapons, allows for weapons to be upgraded and buys various treasures that Leon finds. The various weapons each have their own advantages and disadvantages. Capcom added content for the PlayStation 2 version, which was later incorporated into the PC and Wii releases. The largest addition is ""Separate Ways"", a minigame which focuses on Ada Wongs involvement in Resident Evil 4 and her connection to the series villain Albert Wesker. ""Adas Report"", a five-part documentary, analyzes Adas relationship with Wesker and his role in the plot. Other unlockable content in all versions includes the minigames ""The Mercenaries"" and ""Assignment Ada"" (using Ada to retrieve Las Plagas samples), new costumes for Leon and Ashley, new weapons, and a cutscene browser. #Plot U.S. government agent Leon S. Kennedy (Paul Mercier) is on a mission to rescue Ashley Graham (Carolyn Lawrence), the U.S. Presidents daughter, who has been kidnapped by a mysterious cult. He travels to a nameless rural village in Spain, where he encounters a group of hostile villagers who pledge their lives to Los Illuminados, the cult that kidnapped Ashley. The villagers were once simple farmers until becoming infected by a mind-controlling parasite known as Las Plagas. While in the village, Leon is captured by its chief, Bitores Mendez, and injected with Las Plagas. He finds himself held captive with Luis Sera (Rino Romano), a former Los Illuminados researcher. The two work together to escape, but soon go their separate ways. Leon finds out Ashley is being held in a church and rescues her. They both escape from the church after Osmund Saddler (Michael Gough), leader of Los Illuminados, reveals his plan to use the plaga they injected into Ashley to manipulate her into injecting the president of the United States with a ""sample"" once she returns home, allowing Saddler to begin his conquest of the world. After killing Mendez, Leon and Ashley try to take refuge in a castle but are attacked by more Illuminados under the command of Ramon Salazar (Rene Mujica), another of Saddlers henchmen who owns the castle, and the two become separated by Salazars traps. Meanwhile, Luis searches for pills that will slow Leon and Ashleys infection, as well as a sample of Las Plagas. He brings the two items to Leon but is killed by Saddler, who takes the sample, while the pills to suppress the infection remain in Leons hands. While in the castle, Leon briefly encounters Ada Wong (Sally Cahill), a woman from his past who supports him during his mission. He battles his way through the castle before killing Salazar. Afterward, Leon travels to a nearby island research facility, where he continues the search for Ashley. He discovers that one of his former training comrades, Jack Krauser (Jim Ward), who was believed to have been killed in a helicopter crash two years prior, is responsible for her kidnapping. Ada and Krauser are working with Albert Wesker (Richard Waugh), for whom both intend to secure a Plagas sample. Suspicious of the mercenarys intentions, Saddler orders Krauser to kill Leon, believing that no matter which one dies, he will benefit. After Krausers fatal defeat, Leon rescues Ashley, and they remove the Plagas from their bodies using a specialized radiotherapeutic device. Leon confronts Saddler, and with Adas help, manages to kill him. However, Ada takes the sample from Leon at gunpoint before escaping in a helicopter, leaving Leon and Ashley to escape via her jet-ski as the island explodes.",51.8,12.96,2000s,1,excellent,generally_favorable
219,8146,Assassins Creed Unity,2014-11-11,2014.0,Action,Historical,Realistic,3D,Single & Multiplayer,1,Controller,Ubisoft|Ubisoft Montreal|Ubisoft Toronto|Ubisoft Montpellier,Ubisoft Entertainment,PlayStation 4|PC|Xbox One,3.0,M — Mature (17+),3.62,71.0,1692.0,1714.0,6928.0,14.0,317.0,21.0,3938,1657,88,537,251,457,Singleplayer|Multiplayer|Atmospheric|Great Soundtrack|RPG|Co-op|Story Rich|Open World|cooperative|Third Person|Partial Controller Support|Online Co-Op|Sandbox|Stealth|Action RPG|Tactical|Historical|Parkour|Assassin,PlayStation Store|Steam|Xbox Store,https://media.rawg.io/media/games/59f/59fc1c5de1d29cb9234741c97d250150.jpg,http://www.assassinscreed.com,assassins-creed-unity-2,"The game takes place in Paris, during the Great French Revolution, from the capture of the Bastille in 1789 to the Thermidorian coup. Behind all action, there is an intrigue connected with the change of the Great Master of the Order of Templars. The game has a new assassin, Arno Victor Dorian. The setting provides an abundance of locations - from Versailles to the Parisian multi-level catacombs. The mission system is entirely different from the previous games of the series. In this game, there is a cooperative mode for a maximum of 4 people. Parkour now allows you to climb walls without any troubles at all. A system of shelters and the ability to manipulate the crowd are added. The player has an influence on the character improvement scenario. An interesting detail - before the murder of the primary victim, her whole life flashes before the eyes of the assassin.",45.94,13.99,2010s,1,good,mixed
220,857,Halo: The Master Chief Collection,2014-11-11,2014.0,Action|Adventure,Horror,Realistic,3D,Single & Multiplayer,1,Controller & Keyboard/Mouse,Splash Damage|343 Industries|Ruffian Games,Microsoft Studios,PC|Xbox One,2.0,Not Rated,4.25,85.0,1089.0,1095.0,6915.0,7.0,1894.0,0.0,5522,444,210,290,172,277,Singleplayer|Multiplayer|Atmospheric|Great Soundtrack|Co-op|Story Rich|cooperative|First-Person|Sci-fi|Horror|FPS|Online Co-Op|Classic|Online multiplayer|Space|Aliens|Lore-Rich|Epic|Masterpiece|Beautiful,Xbox Store|Steam,https://media.rawg.io/media/games/c24/c24f4434882ae9c2c8d9d38de82cb7a5.jpg,http://www.halowaypoint.com,halo-the-master-chief-collection,"Halo: The Master Chief Collection is a bundle of Halo remasters developed by Bungie and 343 industries. The bundle features Halo: Combat Evolved Anniversary, Halo 2 Anniversary, Halo 3 and Halo 4. All four games are distributed on one disc and are accessible through a unified interface. It is possible to play any mission from all four games right from the beginning of the game. Apart from the story in the games themselves, the bundle features two CG videos which reveal that Jameson Locke is going through Master Chiefs combat record in an attempt of finding him after the events of Halo 4. For every game in the collection, it is possible to turn on the campaign scoring system. Every mission has its own leaderboard which includes the overall score, playtime, and the enemy kill count. Every game in the bundle features a cooperative mode that can be played either online or using split-screen. It is possible to play with 3 more players online while only two players can play on one screen. The original multiplayer is retained in the games. Every multiplayer map ever released for every game in the bundle is available for the players.",49.55,9.07,2010s,1,excellent,generally_favorable
221,9475,Dont Starve,2013-04-22,2013.0,Indie,Horror,Pixel Art,2D,Single & Multiplayer,1,Controller,Klei Entertainment,Klei Entertainment,PlayStation 3|PS Vita|Linux|Wii U|Xbox One|PC|macOS|PlayStation 4,8.0,T — Teen (13+),3.85,79.0,1123.0,1129.0,6913.0,4.0,0.0,1.0,5231,368,76,899,123,216,Singleplayer|Multiplayer|Full controller support|Steam Cloud|steam-trading-cards|Open World|2D|Horror|Difficult|Exploration|Sandbox|Survival|Steam Workshop|Moddable|Survival Horror|controller support|Replay Value|Crafting|Roguelike|Top-Down|Perma Death,GOG|Steam|PlayStation Store,https://media.rawg.io/media/games/f3e/f3eec35c6218dcfd93a537751e6bfa61.jpg,https://www.klei.com/games/dont-starve,dont-starve,"Dont Starve is an adventure survival game set in a procedurally generated open world environment and made in a specific cartoon manner. Players assume the role of the scientist Wilson lost in the dark world. The main objectives for Wilson are to stay healthy, fed and mentally stable, and to avoid attacks of supernatural enemies in order to survive as long as possible. Players control the action with the keyboard (general activities) and mouse (combat). The game features day/night time cycles, which change survival pace dramatically. Days are usually spent exploring the map, gathering resources, and crafting, while nights require maximum concentration and caution to stay aware of dangerous enemies. Enemies range from tiny frogs to carnivore birds and tentacles. To lead a successful survival players must control tree scales in the screen top, which track hunger, health and sanity respectively. Death occurs in various ways from including starving, insanity, and deadly wounds inflicted by monsters.",46.84,2.99,2010s,1,good,generally_favorable
222,865,Call of Duty: Black Ops,2010-11-09,2010.0,Action|Shooter,Horror,Realistic,3D,Single & Multiplayer,1,Controller,Raven Software|Treyarch|n-Space,Square Enix|Activision Blizzard|Activison,iOS|Nintendo DS|PlayStation 3|macOS|PC|Xbox One|Wii|Xbox 360,8.0,M — Mature (17+),4.05,81.0,1832.0,1847.0,6888.0,9.0,209.0,29.0,4019,2329,24,279,111,126,Singleplayer|Steam Achievements|Multiplayer|Co-op|Story Rich|cooperative|First-Person|Partial Controller Support|Horror|FPS|Online Co-Op|Gore|Controller|Zombies|War|Military|Valve Anti-Cheat enabled|Linear|Cold War|first person shooter,App Store|Xbox Store|Steam|Nintendo Store|Xbox 360 Store,https://media.rawg.io/media/games/410/41033a495ce8f7fd4b0934bdb975f12a.jpg,https://www.callofduty.com/blackops,call-of-duty-black-ops,"Call of Duty: Black Ops is a first-person shooter, a seventh installment in the series altogether and a sequel to Call of Duty: World at War. The game takes place during the Cold War and shows different historical periods of it. The main character is a CIA agent, set out on different classified missions and tasked with eliminating enemies if needed. The story in the game is complicated, featuring characters from the previous games, and historical figures like JFK and Fidel Castro. Despite its emphasis on the scenario and real-world plausibility, Black Ops doesnt lack in gameplay terms, as the combat system is, as established in series, extensive and realistic. The graphics are made for the players highest level of entertainment, with massive special effects and excellent quality of every detail. Call of Duty: Black Ops features a trademark multiplayer system, with different game modes, competitive play, and cooperative maps. The players can earn ranks for their performance, unlock new customizable weapons and different perks for use in the upcoming battles.",49.97,18.22,2010s,1,excellent,generally_favorable
223,3015,Chivalry: Medieval Warfare,2012-10-16,2012.0,Action|Indie,Historical,Realistic,3D,Multiplayer,1,Controller,Activision|Torn Banner Studios|Mercenary Technology|Torn Banner,Activision Blizzard|Torn Banner Studios,PC|Xbox One|Xbox 360|PlayStation 3|PlayStation 4|macOS|Linux,7.0,Not Rated,3.41,79.0,836.0,840.0,6879.0,4.0,290.0,2.0,5759,191,19,636,36,238,Steam Achievements|Multiplayer|Full controller support|Atmospheric|steam-trading-cards|Co-op|cooperative|First-Person|Third Person|FPS|Gore|Difficult|Violent|Steam Workshop|PvP|Includes level editor|Hack and Slash|Historical|Team-Based|Medieval|Competitive|Valve Anti-Cheat enabled|Class-Based|Swordplay,Xbox Store|Steam|Xbox 360 Store,https://media.rawg.io/media/games/7f0/7f021d4a3577ac9d591a628a431fc2e5.jpg,http://www.tornbanner.com/chivalry,chivalry-medieval-warfare,"Chivalry: Medieval Warfare is a fun hack-and-slash PvP game based in medieval ages. You can pick one of four classes - knight, archer, man-at-arms or a vanguard with his specific weapons and behead your opponents, stick an arrow in their chest or make a good-old rush with a battle cry and a claymore. Also, there is a variety of game modes to choose from. In Free Fro All the player with most points wins the game when everyone battles everyone in this massacre mode. Duel makes a tournament - one vs one fights of knights where only better skill or luck will grant you victory. Team Deathmatch is a traditional mode with two teams and scores that must be reduced to zero in order to win. What is not so ordinary for the genre, however, is a first-person camera. You are able to control any movement of your weapon thus creating a unique pattern of your attacks and slicing through enemies in order to win.",44.21,2.52,2010s,1,average,generally_favorable
224,19384,The Binding of Isaac,2011-09-28,2011.0,Action|RPG|Indie,Fantasy,Realistic,2D,Singleplayer,0,Keyboard / Mouse,Edmund McMillen and Florian Himsl,Edmund McMillen,macOS|PC,2.0,Not Rated,3.91,84.0,1179.0,1189.0,6846.0,5.0,99.0,1.0,5195,652,32,680,116,171,Singleplayer|Steam Achievements|Atmospheric|steam-trading-cards|Great Soundtrack|RPG|2D|Difficult|Survival|Dark|Replay Value|Roguelike|Top-Down|Roguelite|Dungeon Crawler|Procedural Generation|Bullet Hell|Perma Death|Arena Shooter,Steam,https://media.rawg.io/media/games/cef/cefedf18016cbab466861eb698daf988.jpg,https://rawg.io/games/the-binding-of-isaac,the-binding-of-isaac,"The Binding Of Isaac is a roguelike top-down shooter with RPG elements. Initially, a Flash game, the game had earned many fans due to its unique art style, spooky and catchy ambient music, and almost infinite replayability. Randomly generated levels, loot, and enemies will provide quite a challenge for those unfamiliar with roguelike games, and will bring joy to the eye of an experienced player. The games protagonist is Isaac, a child from a religious family. His misadventures are based off a biblical story about a character of the same name, although the gameplay itself certainly does not follow the same footsteps. There are also additional, unlockable characters with unique abilities and traits, which will affect your playthroughs difficulty. The Binding of Isaac featured non-linear levels, which brought about different outcomes of the game. Depending on the character played, playstyles can also differ, allowing players to create and share new metals for further replayability, and eventual full completion of the game.",48.11,5.45,2010s,1,good,generally_favorable
225,4639,Dragon Age: Origins,2009-11-03,2009.0,RPG,Fantasy,Stylized,3D,Singleplayer,0,Controller & Keyboard/Mouse,BioWare|Edge of Reality,Electronic Arts,Xbox 360|Xbox One|macOS|PlayStation 3|PC,5.0,M — Mature (17+),4.39,91.0,1943.0,1951.0,6835.0,7.0,205.0,4.0,3933,1690,77,545,240,350,Singleplayer|Atmospheric|RPG|Story Rich|Open World|Third Person|Fantasy|Female Protagonist|Tactical|Character Customization|Choices Matter|Dark Fantasy|Multiple Endings|Loot|Real-Time with Pause|Romance|Dragons|Party-Based RPG,Xbox Store|PlayStation Store|Steam|Xbox 360 Store,https://media.rawg.io/media/games/dc0/dc0926d3f84ffbcc00968fe8a6f0aed3.jpg,http://dragonage.bioware.com/dao/game/order-ultimate/,dragon-age-origins,"Dragon Age: Origins is the first game in BioWares RPG franchise Dragon Age. The game is considered to be the spiritual successor of BioWares classic fantasy RPG titles like Baldurs Gate and Neverwinter Nights. Developers describe the games setting as a mix of high fantasy and low fantasy. The storyline is centered around the event known as Blight, which occurs once in several hundred years and marks the demonic invasion in the world of Thedas. The player creates its character by choosing its appearance, class, and race. There are 3 and three races in Dragon Age. The classes are the warrior, mage, rouge, and races are human, elf, and dwarf. The combination of class and race determines the characters background story and the beginning of the game. The interaction between the player, his teammates and NPCs is an integral part of the game. The games storyline often makes the player take moral decisions which affect his later interaction with characters and the game world in general.",53.55,13.51,2000s,1,excellent,universal_acclaim
226,3486,Syberia,2002-01-09,2002.0,Adventure|Puzzle,Sci-Fi,Stylized,3D,Singleplayer,0,Controller & Keyboard/Mouse,Microids|Anuman Interactive,Ubisoft Entertainment|1C Company|Microids|XS Games|Бука|The Adventure Company|Casterman,Nintendo DS|Nintendo Switch|macOS|PC|iOS|PlayStation 3|Xbox 360|Android,8.0,T — Teen (13+),3.93,82.0,788.0,796.0,6811.0,3.0,19.0,3.0,5315,671,25,210,132,458,Singleplayer|Atmospheric|steam-trading-cards|Great Soundtrack|Story Rich|Third Person|Classic|Female Protagonist|Space|Point & Click|Mystery|Steampunk|puzzles|city|secrets|island|interactive|hell|factory|evolution|moon,Nintendo Store|App Store|GOG|PlayStation Store|Steam|Xbox 360 Store|Google Play,https://media.rawg.io/media/games/852/8522935d8ab27b610a254b52de0da212.jpg,http://itunes.apple.com/en/artist/microids/id433861351,syberia,"Syberia is an adventure game where a twisted story is combined with puzzle solving and a graphical quests elements. You take on the role of Kate Walker, who has to travel over half of Europe to fix her business issues. However, her adventure appears to be exciting and surreal, and, actually, life-changing. Searching for a man to sell her a toy factory, Kate becomes involved in a fantastic journey that leads her to the land of Syberia where mammoths are still alive. The main gameplay activity is classical for point-and-click quests and for the most part is solving numerous complicated puzzles that are tightly connected with the plot development and extend and deepen the story. Huge locations may contain dozens of puzzles, so finding all clues will make you explore every corner of every place. Puzzles often feature work with details from mechanisms and odd inventions. The gameplay supports the surreal atmosphere of the game which twists the reality with human dreams and hopes. Syberia is followed by two sequels, Syberia II and Syberia 3, that continue the adventures of Kate Walker.",46.64,5.22,2000s,1,good,generally_favorable
227,18241,DmC: Devil May Cry,2013-01-15,2013.0,Action|Adventure,Fantasy,Anime,3D,Singleplayer,0,Controller,Ninja Theory,Capcom,PlayStation 3|PC|Xbox One|PlayStation 4|Xbox 360,5.0,M — Mature (17+),4.02,85.0,1550.0,1561.0,6778.0,6.0,175.0,7.0,4348,1593,38,340,181,278,Singleplayer|Steam Achievements|Full controller support|Steam Cloud|Atmospheric|steam-trading-cards|Great Soundtrack|Story Rich|Third Person|Fantasy|Gore|Steam Leaderboards|Comedy|Controller|Anime|Hack and Slash|Fast-Paced|Beat em up|Stylized|Demons|Epic|Character Action Game|Spectacle fighter|sword,Xbox 360 Store|PlayStation Store|Xbox Store|Steam,https://media.rawg.io/media/games/295/295eb868c241e6ad32ac033b8e6a2ede.jpg,https://www.devilmaycry.com/,dmc,"DMC: Devil May Cry is a hack-and-slash adventure game, the fifth installment in Capcoms Devil May Cry franchise and reboot of the series. This is the first game in the series not developed by Capcom, but rather by English studio Team Ninja. Concerning story, the game is connected to the previous game and changes the cast of characters and even Dantes (the series main protagonist) iconic appearance (which was met with indignation from the series fans at the time). The games story is notable for its social commentary regarding mass-media and modern capitalism drawbacks. The gameplay overall is very similar to the other installments of the Devil May Cry series and is heavily focused on fast-paced fighting with hordes of demons with occasional puzzles and platforming sections. The main change in the games combat mechanics is the Angel and Devil modes. They alternate Dantes and attacks and special abilities. The modes are activated by holding left or right trigger (on the controller) which makes switching between them instant and allows performing complex combos, combining each modes unique features.",49.67,12.73,2010s,1,excellent,generally_favorable
228,6617,Quantum Break,2016-04-05,2016.0,Action|Shooter,Sci-Fi,Realistic,3D,Singleplayer,0,Controller,Remedy Entertainment,Microsoft Studios|THQ Nordic,PC|Xbox One,2.0,M — Mature (17+),3.91,66.0,1319.0,1338.0,6759.0,6.0,84.0,0.0,4564,1180,57,272,272,414,Singleplayer|Steam Achievements|Full controller support|Steam Cloud|Atmospheric|Great Soundtrack|Story Rich|Third Person|Sci-fi|Female Protagonist|Survival|Controller|Third-Person Shooter|Choices Matter|Cinematic|Walking Simulator|Episodic|Time Travel|Bullet Time|Time Manipulation,Xbox Store|Steam,https://media.rawg.io/media/games/a28/a289e23b4d4d84f26ab59125e3be4483.jpg,http://www.quantumbreak.com/,quantum-break,"Quantum Break is an adventure third-person action game. The games plot revolves around the fictional Northern American University called Riverport. The main character of the game - a young guy Jack, who discovered the ability to control the time after a failed experiment. Jack begins to hunt the organisation called ""Monarch"", whose founder, Paul Serene, also has a unique ability - he can see alternative futures. Jack has all the forces to confront the ""Monarch"", using the newly acquired forces to understand what happened during this mystical experiment. In the game, besides the usual cut scenes, added the same series with short episodes that reveal the plot of the project. Details of each set may vary depending on what decisions players make at any given time. It is a shooter with elements of shelters. The player will need to do a lot of manipulations with time to overcome obstacles in its path.",44.75,9.45,2010s,1,good,mixed
229,4550,Dead Space 2,2011-01-25,2011.0,Action|Shooter,Horror,Realistic,3D,Single & Multiplayer,1,Controller,Electronic Arts|Visceral Games,Electronic Arts,Xbox 360|PC|Xbox One|PlayStation 3,4.0,M — Mature (17+),4.38,87.0,1382.0,1391.0,6715.0,5.0,99.0,4.0,4384,1496,27,203,201,404,Singleplayer|Multiplayer|Atmospheric|Co-op|Story Rich|cooperative|Third Person|Sci-fi|Partial Controller Support|Horror|Gore|Survival|Third-Person Shooter|Space|Survival Horror|Futuristic|Aliens|3D Vision|Blood,PlayStation Store|Xbox Store|Steam|Xbox 360 Store,https://media.rawg.io/media/games/ae1/ae1518c3dc1e847344661905fd2a8d16.jpg,http://deadspace.ea.com/,dead-space-2,"Dead Space 2 is a third-person action shooter including both survival and horror elements. The game is a direct sequel to the first chapter of the Dead Space franchise. The game is set in the space environment of the future. The story of the second part begins in 2511, 3 years after the events held in the first game. The main character Isaac Clarke is awakened after 3-year coma (after the escape from Aegis VII) in an insane asylum in the Sprawl on Titan. A soon as the event pace raises and antagonists start pursuing him to get his brains (for building a new Marker), Isaac realizes his only goal the destruction of the Marker. Players are offered to join the protagonists space adventures to complete his main mission and to force a Necromorph outbreak. As in the previous part, Isaac uses a special Resource Integration Gear special suit, which displays important in-game parameters including health and oxygen level (required for vacuum spaces), and which also serves as a gameplay HUD. In case if one of the scales reaches the zero point, Isaac will die, and the game will be restarted from the last checkpoint.",50.92,11.82,2010s,1,excellent,generally_favorable
230,3932,The Bureau: XCOM Declassified,2013-08-20,2013.0,Action|Shooter,Sci-Fi,Realistic,3D,Singleplayer,0,Controller,2K|2K Marin,2K Games,Xbox 360|PC|PlayStation 3|macOS,4.0,Not Rated,3.05,66.0,656.0,657.0,6711.0,3.0,69.0,10.0,5608,282,12,297,68,444,Singleplayer|Steam Achievements|Full controller support|Steam Cloud|Atmospheric|steam-trading-cards|RPG|Story Rich|Open World|cooperative|Third Person|Sci-fi|FPS|Tactical|Third-Person Shooter|Aliens|Cold War,Steam|PlayStation Store|GOG,https://media.rawg.io/media/games/5cc/5cc765484c6df567ed9207c1781b88cb.jpg,http://thebureau-game.com,the-bureau-xcom-declassified,"The Bureau: XCOM Declassified is the second game in some kind of the franchise reboot. Despite the fact that the first game, XCOM: Enemy Unknown was a strategic game, this time is it a tactical third-person shooter. The story follows CIA Agent William Carter, who survives the attack of aliens in 1962 and becomes a member of the Bureau - secret U.S. organisation that was created to fight with threats of national security scale. However, after arriving in the bunker, Faulke - director of the facility - states that all of the U.S. military bases have been destroyed and they cannot contact the White House. With that being said, the Bureau is now re-named into XCOM and starts its story from this moment. Despite genre difference to its predecessor, The Bureau still focuses on tactical elements of the gameplay. Agent Williams has a squad of 3 members with him included. While in the fight, the player can stop the game to give orders to his crew - change your position, use some skill or focus on the exact target.",39.37,2.54,2010s,1,average,mixed
231,16112,Sleeping Dogs: Definitive Edition,2014-10-08,2014.0,Action|Adventure,Crime,Realistic,3D,Single & Multiplayer,1,Controller,Feral Interactive|United Front Games|Square Enix London Studios,Square Enix,Xbox One|PC|macOS|PlayStation 4,4.0,M — Mature (17+),4.15,76.0,1165.0,1178.0,6668.0,6.0,239.0,0.0,4747,1078,72,267,141,363,Singleplayer|Multiplayer|Full controller support|Atmospheric|Great Soundtrack|Co-op|Story Rich|Open World|cooperative|Third Person|Gore|Sandbox|Third-Person Shooter|Mature|Parkour|Crime|Remake|Martial Arts,Xbox Store|PlayStation Store|Steam,https://media.rawg.io/media/games/bd7/bd7cfccfececba1ec2b97a120a40373f.jpg,https://square-enix-games.com/en_US/news/sleeping-dogs,sleeping-dogs-definitive-edition,"Sleeping Dogs: Definitive Edition is a remaster of Sleeping Dogs, an action game about a police officers undercover work inside an Asian criminal organization. It features the original game with improved graphics and several expansion packs, including Nightmare in North Point and Year of the Snake. You take on the role of Wei Shen, who joins the Sun On Yee Triad gang and starts to complete different assignments to get to the head of the organization. During the investigation, you will explore different sides of Hong Kong where traditional Asian culture meets neon lights and modern skyscrapers. In Definitive Edition the citys environment is upgraded with huge attention to details and lightning. Your way up to the top of the mafia clan will consist of numerous fights, where you can use multiple guns along with melee combat and pieces of the environment. Besides the battles, Wei Shen can use gadgets for exploration, sing in karaoke bars, date women and interact with deeply developed NPCs.",47.11,9.24,2010s,1,excellent,generally_favorable
232,3771,Rayman Legends,2013-08-29,2013.0,Platformer,Fantasy,Realistic,2D / 3D,Single & Multiplayer,1,Controller,Ubisoft|Ubisoft Montpellier,Ubisoft Entertainment,Xbox One|Xbox 360|PlayStation 3|PC|Nintendo Switch|Wii U|PlayStation 4|PS Vita,8.0,E10+ — Everyone 10+,4.16,89.0,1554.0,1568.0,6650.0,5.0,447.0,18.0,4412,959,126,621,162,370,Singleplayer|Atmospheric|Great Soundtrack|Co-op|cooperative|2D|Funny|Difficult|Comedy|Split Screen|Local Co-Op|Controller|Local Multiplayer|Family Friendly|Side Scroller|Fast-Paced|3D Vision|Music|4 Player Local|4 giocatori divano,Epic Games|PlayStation Store|Steam|Nintendo Store|Xbox 360 Store|Xbox Store,https://media.rawg.io/media/games/85c/85c8ae70e7cdf0105f06ef6bdce63b8b.jpg,http://rayman.ubi.com/legends/,rayman-legends,"Rayman Legends is a fifth main title in the original series of platform games. The new Rayman chapter is a direct sequel to the 2011 game Rayman Origins. The game is set in an imaginary world inhabited by both friendly and hostile creatures. The main character Rayman, a shapeless magical being, accompanied by his closest friends is expected to protect the fictional world from evil. The story begins a century after the Origins events. Bubble Dreamers nightmares as well as the Magician (both are main antagonists) has grown up in their power, so only awakened after the 100-year sleep Rayman and his friends Globox and Teensies are able to stop the terrible villains. As the story takes place in various locations depending on the game stage, the environment, as well as difficulty, differs from time to time. The gameplay is about completing multiple platform levels, collecting lums and defeating enemies. In addition to Rayman, Globox and Teensies players can assume the roles of several new game characters. Rayman Legends also features a co-op game mode.",50.81,8.87,2010s,1,excellent,generally_favorable
233,58755,Devil May Cry 5,2019-03-08,2019.0,Action,Sci-Fi,Anime,3D,Single & Multiplayer,1,Controller,Capcom,Capcom,PlayStation 5|Xbox One|PC|PlayStation 4,4.0,M — Mature (17+),4.25,88.0,1520.0,1552.0,6625.0,9.0,164.0,7.0,3517,1360,147,286,865,450,Singleplayer|Steam Achievements|Full controller support|Atmospheric|Great Soundtrack|Online Co-Op|Violent|Online multiplayer|Action-Adventure|Anime|Nudity|Hack and Slash|3rd-Person Perspective|Demons|Character Action Game|slasher,Xbox Store|Steam,https://media.rawg.io/media/games/9fb/9fbf956a16249def7625ab5dc3d09515.jpg,http://www.devilmaycry5.com/,devil-may-cry-5,"Devil May Cry 5 is the sixth game in the Devil May Cry franchise and the fifth in its main series. ###Plot The game continues the plot of Devil May Cry 2. The demonic threat seems to have been forgotten, but the demons return, and there are new accidents around the world. Nero and Dante have parted ways, and Nero established his own agency. He also received a new robotic arm made by his engineer Nico. It replaces his Devil Bringer prosthetic that was stolen by a villain. At the beginning of the game, Nero rides his van to Red Grave City in which a demonic tree appeared. At the same time, Dante has a new client, a mysterious V, who hires him to investigate the demonic attacks. ###Gameplay As usual in the Devil May Cry series, the player controls his or her character from the third person view. The game features three playable characters. Dante and Nero make a return, and V is newly introduced. Each of the three characters has a unique fighting style. Neros prosthetic hand allows him to use a variety of options, such as pulling his enemies closer. Nero also uses his legendary weapons, the gun called Blue Rose and the sword named Red Queen. Dante, as usual, fights with his swords Rebellion and Sparda, as well as a variety of new weapons, such as chainsaws and a motorcycle. V uses a walking cane as a weapon.",50.83,11.46,2010s,1,excellent,generally_favorable
234,28623,Batman: Arkham City,2011-10-18,2011.0,Action,Horror,Realistic,3D,Not Specified,0,Controller & Keyboard/Mouse,Rocksteady Studios,Warner Bros. Interactive,PlayStation 3|Nintendo Switch|macOS|PlayStation 4|Xbox One|PC|Xbox 360,7.0,T — Teen (13+),4.41,94.0,2137.0,2160.0,6624.0,20.0,205.0,31.0,3352,2337,59,278,220,378,Horror|Story|city|Soundtrack|Flight|prison|Skeletons,Nintendo Store|PlayStation Store|Xbox 360 Store|Steam,https://media.rawg.io/media/games/b5a/b5a1226bfd971284a735a4a0969086b3.jpg,http://www.batmanarkhamcity.com,batman-arkham-city-2,"The plot of Arkham City begins one and a half years after the events of Arkham Asylum. Quincy Sharp, former superintendent of the Arkham Psychiatric Hospital, became mayor of Gotham and created the prison ""Arkham City"". Prisoners of Arkham City are not controlled by anyone in its borders, they are only forbidden from running away ... There are all the regular characters in the game - Joker, Two-Face, Catwoman, Ras al Ghul, James Gordon and others. Each villain individually and all of them together give Batman difficult tasks that move the game forward. Arkham City has an open world. All gadgets from Arkham Asylum are available to the player from the very beginning. Many of them are improved, there are also new ones. The game has a ""Detective mode"" - the skeletons of enemies are highlighted, it is possible to conduct various examinations, for example, tracking the flight of a snipers bullet. There is also access to a database that tracks villains in the city. At a certain point in the story, you can play as a Catwoman. She has an analogue of ""Detective Mode"" - ""Mode of the thief"". The visual decision and soundtrack are very atmospheric, soft, but give a clear sense of gloom and horror, entirely in the spirit of the plot and characters.",54.39,19.84,2010s,1,excellent,universal_acclaim
235,492,Yakuza 0,2015-03-12,2015.0,Action|RPG,Crime,Anime,3D,Single & Multiplayer,1,Controller,SEGA|Ryu ga Gotoku Studio,SEGA,PC|PlayStation 4|PlayStation 3|Xbox One,4.0,M — Mature (17+),4.37,85.0,1118.0,1141.0,6616.0,8.0,279.0,14.0,4522,833,214,252,340,455,Singleplayer|Steam Achievements|Multiplayer|Full controller support|Steam Cloud|Atmospheric|steam-trading-cards|Great Soundtrack|RPG|Story Rich|Open World|Third Person|Funny|Steam Leaderboards|Comedy|Violent|Online multiplayer|Local Multiplayer|Anime|Mature|Sexual Content|Beat em up|Crime|Drama|Dating Sim|Minigames,GOG|Xbox Store|PlayStation Store|Steam,https://media.rawg.io/media/games/ca1/ca16da30f86d8f4d36261de45fb35430.jpg,http://yakuza.sega.com/yakuza0/,yakuza-0,"Yakuza 0 is an action-adventure game developed by Sega for Microsoft and PlayStation in 2015. ###Plot The game takes place in 1988 in Tokyo. The main characters are Kazuma Kiryu and Goro Majima, who are forced to participate in the power struggle of the Japan mafia organizations. Kiryu is framed for a murder and pursued by a huge mafia family. On the loose, the protagonist tries to prove innocent and reveal the truth behind the so-called Empty Lot conflict. The aim is to follow the plot and make choices based on different strategies. ###Gameplay The game is played from a third-person perspective. The player can explore the world freely. The action is performed in Kamurocho, which is the representation of Kabukich, Tokyos district. During the game, the player resembles the usual mechanics: walking, listening to dialogues and watching cinematics pieces. The action includes side-quests which let the protagonists earn more money and special Completion Point currency each CP lets the player gain additional bonuses, upgrades, and certain items. The main gameplay modification is battle control. It lets the player switch action styles in the middle of the fight. ###Reception Yakuza 0 is a prequel of Yakuza, video game series first released in 2005. The original was acknowledged for its innovative gameplay. The prequel followed the success and became favorable as well.",49.57,7.73,2010s,1,excellent,generally_favorable
236,5562,Fallout 3,2008-10-28,2008.0,Shooter|RPG,Horror,Realistic,3D,Singleplayer,0,Controller,Bethesda Game Studios,Bethesda Softworks,Xbox 360|PC|Xbox One|PlayStation 3,4.0,M — Mature (17+),4.08,91.0,1910.0,1925.0,6613.0,4.0,217.0,11.0,3668,1871,69,602,146,257,Singleplayer|Atmospheric|RPG|Story Rich|Open World|First-Person|Third Person|Sci-fi|Partial Controller Support|Horror|FPS|Exploration|Sandbox|Female Protagonist|Action RPG|Moddable|Character Customization|Post-apocalyptic,PlayStation Store|Xbox Store|Steam|Xbox 360 Store,https://media.rawg.io/media/games/5a4/5a4e70bb8a862829dbaa398aa5f66afc.jpg,http://fallout.bethsoft.com,fallout-3,"Fallout 3 is a legendary action RPG, which continues the Fallout franchise. Players dive into the events held 36 years after Fallout 2s ending. The game is set in the post-apocalyptic open world known as the Capital Wasteland. According to the storyline, by 2277, the whole familiar world finds itself devastated. The cataclysm is the consequence of the nuclear war of 2077 between USA and China. The only people left on Earth are lucky ones, who managed to stay alive on the surface, and those, who made their way to the warehouses provided by Vaul-Tech (like the main character). In the very beginning, the protagonist wakes up inside the Vault 101. His only aim is to find his father who left the warehouse some time ago. On his way, he will contact other survivors (both gangs and singles) and explore entire restoring areas of Washington D.C., Northern Virginia, and Maryland. The game offers countless progress opportunities, so the gameplay is overloaded with various features including types of customization, numerous conversations with NPCs, side quests everything that an average player is going to face.",51.82,15.08,2000s,1,excellent,universal_acclaim
237,17875,Guacamelee! Super Turbo Championship Edition,2014-07-01,2014.0,Action|Indie|Platformer,Fantasy,Stylized,2D,Single & Multiplayer,1,Controller,DrinkBox Studios|Broken Rules,DrinkBox Studios,PlayStation 4|Xbox 360|Wii U|Nintendo Switch|PC|Xbox One,6.0,E10+ — Everyone 10+,3.55,86.0,823.0,828.0,6611.0,3.0,197.0,0.0,5408,434,38,252,76,403,Singleplayer|Steam Achievements|Full controller support|Steam Cloud|steam-trading-cards|Great Soundtrack|Co-op|cooperative|2D|Funny|Steam Leaderboards|Comedy|Split Screen|Local Co-Op|Local Multiplayer|Steam Workshop|Colorful|Side Scroller|Memes|Beat em up|Metroidvania|4 Player Local,Epic Games|Steam|Xbox 360 Store|GOG|Nintendo Store|PlayStation Store|Xbox Store,https://media.rawg.io/media/games/fc8/fc838d98c9b944e6a15176eabf40bee8.jpg,http://guacamelee.com/,guacamelee-super-turbo-championship-edition,"Guacamelee! is strongly inspired by colorful Mexican aesthetics and folklore. Your protagonist, Juan Aguacate, used to be a regular farmer until one day he found a magic mask of a Luchador, that is, a Mexican wrestler. His mission is to save El Presidentes daughter who was captured by evil Carlos Calaca. The villain wants her as a sacrifice to open the gates to the World of the Dead. In a cooperative mode, Juan is aided by female luchador Tostada. Despite being a traditional Metroidvania platformer, Guacamelee! is also, surprisingly, an open-world game. You can go in any direction in this 2D world. For example, if you climb down, this counts as going south on the map. Action in Guacamelee! is inspired by fighting games like Mortal Kombat, and the controls are very responsive. The monsters are varied and very Mexican: they include traditional Dia de Los Muertos skeletons, feral armadillos, and evil cacti. The Super Turbo Championship Edition adds several new features, such as Intenso mode that makes your characters way stronger for a short amount of time. Health bars above your opponents heads are introduced. This edition also features new enemies, levels, and even a new boss in this edition.",45.65,4.08,2010s,1,good,generally_favorable
238,3028,Beyond: Two Souls,2013-10-07,2013.0,Action|Adventure,Horror,Realistic,3D,Single & Multiplayer,1,Controller,Quantic Dream,Sony Computer Entertainment|Quantic Dream,PC|PlayStation 3|PlayStation 4,3.0,M — Mature (17+),3.8,73.0,1750.0,1767.0,6554.0,4.0,32.0,0.0,3894,1655,71,236,303,395,Singleplayer|Steam Achievements|Multiplayer|Full controller support|Steam Cloud|Atmospheric|Great Soundtrack|Co-op|Story Rich|cooperative|Third Person|Sci-fi|Horror|Female Protagonist|Violent|Split Screen|Choices Matter|Cinematic|Drama|Narration|Emotional|Quick-Time Events|Beautiful|Remote Play Together|Thriller|Shared/Split Screen Co-op|Dynamic Narration|Remote Play on Tablet|Remote Play on Phone,GOG|PlayStation Store|Steam|Epic Games,https://media.rawg.io/media/games/07a/07a74470a2618fd71945db0619602baf.jpg,https://www.quanticdream.com/beyond-two-souls,beyond-two-souls,"This game is often called an ""interactive film"" - because the proportion between the given story and the possibilities to influence the story is indeed somewhat different than in most games. The game develops between three points in the biography of the girl Jodie Holmes. In these three points, we find ourselves repeatedly. And in general, we see 16 years of her life, from 8 to 24 years. Jodie from birth has a gift of communication with a disembodied being called Aiden. In this context, the Jodie-Aiden couple can capture peoples consciousness, move objects, and even strangle people. At the same time, Jodie is periodically exposed to attacks of vague energies. Her parents are not her relatives, they give her to psychiatrists and refuse her. When the family of one of the psychiatrists perishes, Jodie, with the help of Ayden, establishes a connection with the deceased, she can let the living and the dead speak. The CIA is interested in Jodies abilities and makes her become an agent. She then instructs her on several missions, but Jodie realises that she is being used for criminal activities - and refuses to cooperate with the CIA. CIA agents do not leave her alone, and she destroys them. The game has a lot of interpretations of what is happening in the world of the dead, different people use Jodis forces in different ways. Jody herself also does not have a clear picture, she seeks and finds real parents, helps different people - but they rarely pay her the same.",46.54,13.04,2010s,1,good,mixed
239,817974,Wallpaper Engine,2016-10-10,2016.0,Casual,General,Stylized,2D,Not Specified,0,Keyboard / Mouse,Not Specified,Not Specified,Android|PC,2.0,Not Rated,4.03,83.5,255.0,256.0,6537.0,13.0,17.0,0.0,6232,147,52,83,1,22,steam|Utilities|Software|android|Photo Editing|pc|tool|desktop|program|animated|aesthetic|customizable|wallpaper|background,Steam,https://media.rawg.io/media/screenshots/5a7/5a72aed79451d8fbd6a7b82f784002bd.jpg,https://www.wallpaperengine.io/en,wallpaper-engine,"Wallpaper Engine is a customizable desktop wallpaper software available for PC via Steam. Developed and published by Wallpaper Engine Team on October 10th, 2016, it dedicates the program towards the users tastes and preference for their desktop wallpaper. It features high-definition static images, slideshow backgrounds, as well as animated live wallpapers, with a backlog presenting hundreds of default options and DIY tools. It also has a specialized Android app of the same name, which allows users to transfer wallpapers to their phones. Official Description - Wallpaper Engine enables you to use live wallpapers on your Windows desktop. Various types of animated wallpapers are supported, including 3D and 2D animations, websites, videos and even certain applications. Choose an existing wallpaper or create your own and share it on the Steam Workshop! In addition to that, you can use the free Wallpaper Engine companion app for Android to transfer your favorite wallpapers to your Android mobile device and take your live wallpapers on the go. Features: - Bring your desktop wallpapers alive with realtime graphics, videos, applications or websites. Use animated screensavers while you are away from your computer. Personalize animated wallpapers with your favorite colors. Use interactive wallpapers that can be controlled with your mouse. Many aspect ratios and native resolutions supported including 16:9, 21:9, 16:10, 4:3. Multi monitor environments are supported. Wallpapers will pause while playing games to save performance. Create your own animated wallpapers in the Wallpaper Engine Editor. Animate new live wallpapers from basic images or import HTML or video files for the wallpaper. Use the Steam Workshop to share and download wallpapers for free. Wallpaper Engine can be used at the same time as any other Steam game or application. Supported video formats: mp4, WebM, avi, m4v, mov, wmv (for local files, Workshop only allows mp4). Use the free Android companion app to take your favorite scene and video wallpapers on the go. Support for Razer Chroma and Corsair iCUE.",45.35,2.23,2010s,1,excellent,generally_favorable
240,29338,Days Gone,2019-04-26,2019.0,Action,Horror,Realistic,3D,Single & Multiplayer,1,Controller,Bend Studio|SIE Bend Studio,Sony Interactive Entertainment|PlayStation PC|PlayStation Mobile,PC|PlayStation 4,2.0,M — Mature (17+),3.97,74.0,1357.0,1388.0,6529.0,10.0,392.0,0.0,3897,1042,187,367,630,406,Singleplayer|Steam Achievements|Multiplayer|Full controller support|Steam Cloud|Atmospheric|RPG|Story Rich|Open World|Third Person|Horror|Gore|Exploration|Survival|Violent|Stealth|Action-Adventure|Third-Person Shooter|Zombies|role-playing|Survival Horror|exclusive|Post-apocalyptic|Crafting|Cinematic|3rd-Person Perspective|Blood|America|Постапокалипсис|motorbike|Open World Survival Craft,GOG|PlayStation Store|Steam|Epic Games,https://media.rawg.io/media/games/a79/a79d2fc90c4dbf07a8580b19600fd61d.jpg,https://www.bendstudio.com/game/days-gone,days-gone,"Days Gone is an open-world action-adventure game set in a harsh wilderness two years after a devastating global pandemic. Play as Deacon St. John, a drifter and bounty hunter who rides the broken road, fighting to survive while searching for a reason to live. Harsh Open World: Using the power of PlayStation 4 and Unreal Engine 4, Days Gone offers an incredibly realistic and detailed open-world experience. Immerse yourself in vast and hostile environments, and explore their secrets. Search abandoned vehicles, houses, truck stops and towns as you scavenge for resources. But be careful day and night cycles, along with dynamic weather systems, all affect gameplay and enemy behaviour. Brutal Sandbox Combat: Perfect your gameplay with an endless combination of strategy and play in every situation. Craft customized items using pieces and parts found in the field, from brutal melee weapons to traps and more. Act wisely, as every choice can be the difference between life and death.",46.28,9.89,2010s,1,good,mixed
241,17126,Torchlight II,2012-09-20,2012.0,Action|RPG,Sci-Fi,Cartoon / Cel-Shaded,2D,Single & Multiplayer,1,Controller & Keyboard/Mouse,Runic Games|Perfect World Entertainment,Perfect World Entertainment|Runic Games|Perfect World,PC|PlayStation 4|Nintendo Switch|Xbox One|macOS|Linux,6.0,T — Teen (13+),3.83,88.0,1070.0,1077.0,6525.0,10.0,122.0,3.0,4903,603,49,574,99,297,Singleplayer|Steam Achievements|Multiplayer|Steam Cloud|Atmospheric|steam-trading-cards|RPG|Co-op|cooperative|Online Co-Op|Fantasy|Action RPG|Steam Workshop|Cross-Platform Multiplayer|role-playing|Moddable|Hack and Slash|Character Customization|Replay Value|Isometric|overlay|Steampunk|Dungeon Crawler|Loot|Cartoon,Xbox Store|Nintendo Store|Epic Games|Steam|GOG|PlayStation Store,https://media.rawg.io/media/games/c06/c06d88c35785c8003147cb53c84af033.jpg,http://www.torchlight2game.com/,torchlight-ii,"Torchlight II is the second installment in the series, and while it continues the story of its predecessor, it also allows new players to jump right into the action-packed roguelike RPG world. The genre itself is well-established already with giants like Diablo series, but Torchlight offers the fresh experience for veterans and newbies alike. The steampunk fantasy world lets players enjoy the lush grass of various beautiful environments, the glowing caves filled with mushrooms, and the endless deserts with their treasures! Lots of different enemies always try their best to stop our adventurers from their goal. From every corner there comes danger, only briefly allowing the players to collect their thoughts and dive yet again in battle with evil. Following Torchlight, the second game starts with chaos erupting from underneath the world. A crazed former hero now takes the lead of hordes of different creatures, and in defeating him and his minions lies the ultimate goal of our new heroes. Take on the mantle of one of the four available classes, and be sure to utilize their might at its fullest. Stay flexible, for the treasure is always surprising, and dont forget to use your trusty companion as the aid in battle, or as a heavy-packed war mule. Be ready for harsh defeats, or, if you feel like immortal, try the hardest difficulty for the ultimate roguelike challenge. The world of Torchlight is yours to explore!",47.71,5.78,2010s,1,good,generally_favorable
242,1169,Mafia III,2016-10-06,2016.0,Action|Adventure,Crime,Realistic,3D,Single & Multiplayer,1,Controller,Aspyr Media|Hangar 13|2K Czech,2K Games,macOS|PC|Xbox One|PlayStation 4,4.0,M — Mature (17+),3.14,62.0,1353.0,1365.0,6516.0,9.0,320.0,6.0,4526,760,81,587,195,367,Singleplayer|Steam Achievements|Multiplayer|Full controller support|Steam Cloud|Atmospheric|steam-trading-cards|Great Soundtrack|Story Rich|Open World|Third Person|FPS|Gore|Classic|Sandbox|Violent|Stealth|Third-Person Shooter|Nudity|Mature|Crime,PlayStation Store|Xbox Store|Steam|GOG|App Store,https://media.rawg.io/media/games/a34/a348e613424260bc7e034fb6031c762e.jpg,https://2k.com/en-US/game/mafia-iii-standard-edition/,mafia-iii,"Mafia III is an action-adventure game that follows the story of Lincoln Clay, a veteran who is seeking revenge for his killed relatives in the city of New Bordeaux. He creates a criminal syndicate to defeat the Italian mob responsible for the death of Clays family. While the game is the third part of the Mafia series, it represents a completely new story and characters, not connected to the previous titles. The core gameplay of Mafia III is gunplay with a cover system. The game provides a wide variety of weaponry to choose from you can also call allies to help you. However, if youre not fond of shooter mechanics, youre allowed to use melee combat or stealth tactics to complete missions. Another feature is interrogating NPCs to get more information. The game is set in an open world where you can move on foot or use vehicles. A great part of the game includes driving with realistic mechanics and sounds. Theres also a system of the governmental response to the crimes you commit that affects the playthrough.",40.52,7.46,2010s,1,average,mixed
243,7819,SUPERHOT,2016-02-24,2016.0,Action|Shooter|Indie,Horror,Realistic,3D,Single & Multiplayer,1,Controller,SUPERHOT Team|SUPERHOT,SUPERHOT Team|SUPERHOT,PlayStation 4|Nintendo Switch|macOS|Xbox One|Linux|Web|PC,7.0,T — Teen (13+),4.19,82.0,1525.0,1546.0,6516.0,4.0,105.0,2.0,4111,1546,68,362,184,245,Singleplayer|Steam Achievements|Multiplayer|Full controller support|steam-trading-cards|First-Person|Horror|FPS|Funny|Difficult|Tactical|Short|Cyberpunk|overlay|Kickstarter|Bullet Hell|Illuminati|Minimalist|cloud saves|Bullet Time|Time Manipulation|bullet-time|time-manipulation,Nintendo Store|Epic Games|itch.io|Steam|Xbox Store|GOG|PlayStation Store,https://media.rawg.io/media/screenshots/ad4/ad445a12ee46543d4d117f3893041ebf.jpg,http://superhotgame.com,superhot,"SUPERHOT is an artistically minimalistic first-person shooter. The key feature of the project is its time mechanics. If you dont move the action slows down so you can think over your next steps. This feature brings together shooters and strategies, making SUPERHOT a mix of these genres. The story follows the concept of a ""game inside a game."" It starts with your friend who sends you a game you definitely need to try. But the further you go, the more you realize theres somebody except you in the game, who wants you to stop playing. So you progress through similar levels killing enemies and trying to figure out whats happening. Besides original time mechanics, the game makes you quite vulnerable: a single enemy shot kills you making start the level again. At the same time your weaponry is limited, so to survive you need to pick enemies guns and ammo or use melee combat. Additional to the campaign mode, theres the endless one and the challenge to make levels more difficult.",49.2,12.48,2010s,1,excellent,generally_favorable
244,42187,The Sims 4,2014-09-02,2014.0,Strategy|Simulation|Casual,Fantasy,Cartoon / Cel-Shaded,3D,Single & Multiplayer,1,Controller & Keyboard/Mouse,Electronic Arts|Maxis,Electronic Arts,PlayStation 4|macOS|PC|Xbox One|Xbox Series S/X,5.0,T — Teen (13+),3.67,67.0,1134.0,1145.0,6503.0,4.0,230.0,10.0,4825,501,263,679,54,181,Singleplayer|Multiplayer|Atmospheric|Fantasy|Funny|Character Customization|Family Friendly|Cute|3D|Realistic|Building|Sexual Content|Steam Trading Cards|Relaxing|Cartoony|Romance|Beautiful|Immersive Sim|LGBTQ+|Remote Play on Tablet|build|Life Sim|reality-based|family-simulator|life,Steam|Xbox Store|PlayStation Store,https://media.rawg.io/media/games/e44/e445335e611b4ccf03af71fffcbd30a4.jpg,http://www.thesims.com/,the-sims-4,"Enjoy the power to create and control people in a virtual world where there are no rules. Express your creativity as you customize your Sims appearances and personalities, and build them the perfect homes. Develop your Sims relationships, pursue careers, and explore vibrant new worlds.",43.01,4.82,2010s,1,good,mixed
245,1959,Goat Simulator,2014-04-01,2014.0,Action|Simulation|Casual|Indie,Comedy,Realistic,3D,Single & Multiplayer,1,Controller,Double Eleven|Coffee Stain Studios|Coffee Stain Publishing,Coffee Stain Studios|Double Eleven,Xbox One|Xbox 360|PlayStation 3|PlayStation 4|Android|iOS|macOS|Linux|PC,9.0,Not Rated,3.17,62.0,1186.0,1192.0,6495.0,3.0,745.0,1.0,4935,513,38,818,42,149,Singleplayer|Steam Achievements|Full controller support|Steam Cloud|steam-trading-cards|Co-op|Open World|Third Person|Funny|Exploration|Steam Leaderboards|Sandbox|Comedy|Split Screen|Local Co-Op|Local Multiplayer|Steam Workshop|Includes level editor|Moddable|Family Friendly|Physics|Memes|MMORPG|Destruction,PlayStation Store|Xbox Store|Steam|Xbox 360 Store|Google Play|App Store|Nintendo Store,https://media.rawg.io/media/games/a44/a444a7628bdb49b24d06a7672f805814.jpg,http://goat-simulator.com/,goat-simulator,"Goat Simulator is a game that mainly can be described as a crazy one. It does not have a specific story, and there is no central villain. It is illogical, besides there are lots of bugs. But playing in it, you catch unbridled pleasure, looking at how the goat is trying to destroy everything around, using a great variety of funny and unforgettable tricks, what makes the game curious, but very rich. You play as a goat, whose purpose is to cause the highest damage to the world. Destroy the gas station, the car, the cottage in the vastness of the whole of the suburban district, but do it with style and taste, for example, do a backflip, and at the same time, chuck the basket so it will fly out of the window. Thus, after every perfect and crazy action, you will be rewarded with some points and bonuses! Also, you could use the Steam Workshop and create your goats, levels, missions, and more!",40.14,6.27,2010s,1,average,mixed
246,3842,Battlefield 4,2013-10-29,2013.0,Shooter,Sci-Fi,Realistic,3D,Single & Multiplayer,1,Controller,Electronic Arts|Electronic Arts DICE,Electronic Arts,PC|Xbox One|PlayStation 4|Xbox 360|PlayStation 3,5.0,M — Mature (17+),3.95,81.0,1576.0,1589.0,6490.0,6.0,536.0,20.0,4242,1432,60,498,103,155,Singleplayer|Steam Achievements|Multiplayer|Full controller support|First-Person|FPS|Violent|PvP|Space|War|Military|Online PvP|Steam Trading Cards|city|Tanks|Modern|Classes|water|guns|rain|waves,Steam|PlayStation Store|Xbox Store|Xbox 360 Store,https://media.rawg.io/media/games/ac7/ac7b8327343da12c971cfc418f390a11.jpg,http://www.battlefield.com/battlefield-4,battlefield-4,"The game allows you to gain experience of everything that can happen with the soldiers of the special forces during the most diverse missions. A full arsenal of modern weapons, from dozens of models of knives, small and heavier guns, from boats and helicopters to tanks and warships - all this is either at the players disposal or meets him during missions. On land and sea, in the city and in the air. The game responds to everyone and everything. Weather - rain and wind change everything, as in life. The wet foliage behaves differently than the dry, gusts of the wind act on everything in the entire space of the map, the shower makes the air less transparent, thickens the darkness. Water is not just a surface, but water, with waves that you swing - in multiplayer, these waves are for everyone, their behavior is calculated exactly as the real waves would behave, players feel them precisely with the same difference for their position, as if they were in the actual sea, on the same wavelength, but in different places. Seven missions, five additions, three variants of the ending. The ability to see the gameplay through the eyes of any of the players, above the entire card, in a third-person mode and in the ""Free Cam"" mode. Multiple multiplayer modes, classes and game factions.",48.14,13.02,2010s,1,good,generally_favorable
247,42,What Remains of Edith Finch,2017-04-23,2017.0,Adventure|Indie,Horror,Anime,3D,Singleplayer,0,Controller,Annapurna Interactive|Giant Sparrow,Annapurna Interactive,Xbox One|iOS|PC|Nintendo Switch|PlayStation 4,5.0,T — Teen (13+),4.39,89.0,2009.0,2035.0,6477.0,3.0,55.0,0.0,3395,2065,46,103,463,405,Singleplayer|Steam Achievements|Full controller support|Steam Cloud|Atmospheric|steam-trading-cards|Great Soundtrack|Story Rich|First-Person|Horror|FPS|Exploration|Female Protagonist|Mystery|Short|Walking Simulator|Visual Novel,Nintendo Store|PlayStation Store|Steam|GOG|Xbox Store|Epic Games|App Store,https://media.rawg.io/media/games/34e/34e100b1f648de99f32d477065f04653.jpg,http://edithfinch.com/,what-remains-of-edith-finch,"The Finchs family, also known as ""Americas most unfortunate family"", believes that the family is being pursued by a deadly curse. Each generation has only one child who survived to give birth to the next one. The player begins to act as Edith Finch, who arrives in an orderly abandoned family mansion to find out what opens the key that she received from her mother along with the will. Of course, she is most interested in the question of the family curse, or more precisely, whether she will become a victim of it. In any case, all the relatives known to her, even on American soil, died an unnatural death. Exploring the house, she opens the rooms of each deceased relative. And plunges into the circumstances of premature death of everyone. Life (and death) of each of the deceased relatives Edith the hero resides in the image of this relative. The essence of the game is to clarify the circumstances of the death of many members of the same family in order to see behind these deaths and biographies something common and native. It is interesting to dive not only in different human images, but also act in the guise of birds or animals. In addition to following Edith, the game has something to inspect, search, discover and solve, play mini-games.",52.69,16.34,2010s,1,excellent,generally_favorable
248,5703,Uncharted 3: Drakes Deception,2011-11-01,2011.0,Action,Historical,Realistic,3D,Not Specified,0,Controller,Naughty Dog,Sony Computer Entertainment,PlayStation 4|PlayStation 3,2.0,T — Teen (13+),4.37,92.0,1926.0,1943.0,6452.0,12.0,223.0,7.0,3668,2262,46,121,172,183,Atmospheric|Third Person|cover-shooter,PlayStation Store,https://media.rawg.io/media/games/589/589fc47c5ae34160d65c4682e21fed66.jpg,http://www.unchartedthegame.com,uncharted-3-drakes-deception,"The game develops a setting common to the entire Uncharted series. Game played from a third-person perspective, with the player in control of Nathan ""Nate"" Drake. This is a person passionately carried away by historical riddles, promising a reward in the form of hidden treasures. Drake can run with acceleration, make jumps, swim, climb up. Sometimes he demonstrates something completely acrobatic. For confrontation with opponents, he uses the art of hand-to-hand combat with a variety of attacks, including a battle with several opponents simultaneously. He also has a surprise concerning dealing with firearms. Weapons and ammunition he picks up from the defeated opponents. From time to time, further movement in the game requires the hero to find solutions to puzzles, using his diary and the hints of the game itself. Nathan with his mentor Victor Sullivan travels in search of the lost city. List of locations includes the streets of London, cities and deserts on the Middle East, a chteau in France etc.",52.93,19.13,2010s,1,excellent,universal_acclaim
249,19365,Homefront,2011-03-15,2011.0,Shooter,General,Realistic,3D,Single & Multiplayer,1,Controller,Digital Extremes|THQ|Kaos Studios,Deep Silver|THQ,PlayStation 3|PC|Xbox 360,3.0,M — Mature (17+),2.96,70.0,813.0,821.0,6434.0,2.0,136.0,3.0,5147,656,9,230,58,334,Singleplayer|Steam Achievements|Multiplayer|Steam Cloud|Atmospheric|cooperative|First-Person|Partial Controller Support|FPS|Short|Valve Anti-Cheat enabled,PlayStation Store|Steam|Xbox 360 Store,https://media.rawg.io/media/games/657/657574cd437df9102f511b3be095b0ea.jpg,https://rawg.io/games/homefront,homefront,"Homefront is a first-person shooter, set shortly. The game takes place in North America, as the United States are blown apart by a fearsome enemy. The protagonist is a former US pilot, caught in the middle of the chaos that erupted in his country. Parts of the states are occupied, and police are rampaging in the streets, confronted by American rebels. The main mechanics of the game are shared with most of the linear shooters of the time, but the setting of the story adds a new flavor to the well-known system. The most prominent feature is combat and weapons, as the developers tried to make them as realistic as possible, allowing players to experience the hardships of modern rebels fully. Homefront features a multiplayer mode, where players can engage in fierce battles, arming themselves with various weapons and using different vehicles, ranging from AFVs to helicopters, to gain an extra edge over the enemy.",39.74,5.64,2010s,1,below_average,mixed
250,3892,Sniper Elite V2,2012-05-01,2012.0,Action|Shooter,Historical,Realistic,3D,Single & Multiplayer,1,Controller,Rebellion,505 Games|Rebellion,PC|Wii U|Xbox 360|PlayStation 3,4.0,M — Mature (17+),3.4,66.0,847.0,851.0,6428.0,4.0,130.0,5.0,5130,574,10,365,61,288,Singleplayer|Steam Achievements|Multiplayer|Steam Cloud|steam-trading-cards|Co-op|cooperative|Third Person|Partial Controller Support|FPS|Online Co-Op|Gore|Steam Leaderboards|Stealth|Tactical|Third-Person Shooter|War|Historical|World War II|Bullet Time|Sniper|european,PlayStation Store|Steam|Nintendo Store|Xbox 360 Store,https://media.rawg.io/media/games/03d/03d17d237f9541b67a13f9425ced4ca4.jpg,http://www.sniperelitev2.com/,sniper-elite-v2,"Sniper Elite V2 is a third-person tactical shooter, the second installment in Sniper Elite series and a full-fledged remake of the first game. The game takes place during the Battle of Berlin in 1945. You play as an American military officer and skilled sniper Karl Fairburne on his mission to neutralize German scientists involved in the development of V-2 ballistic missile. The gameplay encourages the player to kill enemies from a distance, without being noticed. Karl can have numerous different weapons, including machine guns, pistols, traps and others. However, his primary weapon is his sniper rifle. Developers intended to make shooting sniper rifle more realistic than in other games. Several elements affect shots such as the wind direction, bullet drop, and so on. One the games key features is X-Ray Kill Cam. It activates when the player makes the skillful shot and shows the bullet trajectory, an impact it made on the enemys body and the damage that its organs took.",40.79,5.15,2010s,1,average,mixed
251,21924,Call of Duty: WWII,2017-11-03,2017.0,Action|Shooter,Crime,Realistic,3D,Single & Multiplayer,1,Controller,Sledgehammer Games,Activision Blizzard,PlayStation 4|Xbox One|PC,3.0,M — Mature (17+),3.54,77.0,1163.0,1180.0,6427.0,6.0,916.0,29.0,4508,1065,60,306,210,278,Singleplayer|Steam Achievements|Multiplayer|Full controller support|Steam Cloud|steam-trading-cards|Co-op|Story Rich|cooperative|First-Person|Horror|FPS|Online Co-Op|Gore|Female Protagonist|Violent|Online multiplayer|Local Co-Op|Local Multiplayer|Zombies|War|In-App Purchases|Family Friendly|Historical|Sexual Content|Valve Anti-Cheat enabled|World War II|Illuminati|Heist,PlayStation Store|Steam|Xbox Store,https://media.rawg.io/media/games/1e5/1e5e33b88be978f451196a751424a72e.jpg,https://www.callofduty.com/wwii,call-of-duty-wwii,"Digital Deluxe Edition The Call of Duty: WWII Digital Deluxe edition includes the Call of Duty: WWII Season Pass**** and 1,100 Call of Duty: WWII Points*. Season Pass includes Carentan Bonus Map! Pre-Purchase Offer About the Game Includes Digital Edition Bonus Content: 1,100 Call of Duty Points* PRE-ORDER AND GET: - Multiplayer Upgrade (Weapon Unlock + 2XP)** - Zombies Camo*** - Divisions Pack Call of Duty returns to its roots with Call of Duty: WWII - a breathtaking experience that redefines World War II for a new gaming generation. Land in Normandy on D-Day and battle across Europe through iconic locations in historys most monumental war. Experience classic Call of Duty combat, the bonds of camaraderie, and the unforgiving nature of war against a global power throwing the world into tyranny. Call of Duty: WWII creates the definitive World War II next generation experience across three different game modes: Campaign, Multiplayer, and Co-Operative. Featuring stunning visuals, the Campaign transports players to the European theater as they engage in an all-new Call of Duty story set in iconic World War II battles. Multiplayer marks a return to original, boots-on-the ground Call of Duty gameplay. Authentic weapons and traditional run-and-gun action immerse you in a vast array of World War II-themed locations. The Co-Operative mode unleashes a new and original story in a standalone game experience full of unexpected, adrenaline-pumping moments.",44.43,11.33,2010s,1,good,generally_favorable
252,3408,Hotline Miami 2: Wrong Number,2015-03-09,2015.0,Action|Shooter|Arcade|Indie,General,Pixel Art,2D,Singleplayer,0,Controller,Devolver Digital|Dennaton Games,Devolver Digital,Android|PS Vita|PlayStation 4|PlayStation 3|Linux|macOS|PC|Nintendo Switch|iOS,9.0,M — Mature (17+),4.29,72.0,1319.0,1329.0,6401.0,7.0,107.0,1.0,4323,1220,62,301,141,354,Singleplayer|Steam Achievements|Full controller support|Atmospheric|Great Soundtrack|2D|Gore|Difficult|Steam Leaderboards|Violent|Pixel Graphics|Steam Workshop|Retro|Includes level editor|controller support|Fast-Paced|Top-Down|overlay|Blood|1990s|Top-Down Shooter|1980s|Level Editor,PlayStation Store|Steam|GOG|Google Play,https://media.rawg.io/media/games/003/0031c0067559d41df19cf98ad87e02aa.jpg,http://www.hotlinemiami.com,hotline-miami-2-wrong-number,"Hotline Miami 2: Wrong number is a sequel to Hotline Miami. 1985. There is a Cold war between the Soviet Union and the USA, which gradually turns into a hot war. In Hawaii, there are military operations. In the centre of the event, the squad ""Ghost Wolves"", which includes Dan Smith named ""Beard"", Jacket (the main character of the first part), and two soldiers. The United States, for this moment, are losing. The squad was ordered to capture the most dangerous Soviet zone. As for the gameplay, a lot of details are borrowed from the first part, but unlike it, in the Wrong Number, there were levels of difficulty (classic and hard). The difficulty level unlocks after beating the game on classic difficulty. The difference is that all the levels are turned over, and contain more dangerous opponents. The game has 13 playable characters. Each of them has their vision of the story, like Jacket and Biker in the original game. Masks from the first part appeared in the game again, and new masks that are giving new abilities were also added.",46.82,10.4,2010s,1,excellent,mixed
253,1774,Grim Fandango Remastered,2015-01-26,2015.0,Adventure|Puzzle,Crime,Stylized,3D,Singleplayer,0,Controller,Double Fine Productions|LucasArts Entertainment,Double Fine Productions,PC|PlayStation 4|PS Vita|Xbox One|Nintendo Switch|iOS|Linux|macOS|Android,9.0,T — Teen (13+),4.0,84.0,904.0,909.0,6399.0,5.0,71.0,1.0,4634,548,76,310,267,564,Singleplayer|Full controller support|Atmospheric|steam-trading-cards|Great Soundtrack|Story Rich|Open World|Third Person|Funny|Classic|Comedy|Retro|Point & Click|3D|Remake|1990s|Dark Humor|Commentary available|Cult Classic|Noir,Xbox Store|PlayStation Store|Nintendo Store|Steam|GOG|itch.io|Google Play|App Store,https://media.rawg.io/media/games/df2/df20fd77db56ae7b0a26a7ff4baa9ccc.jpg,http://grimremastered.com,grim-fandango-remastered,"Grim Fandango Remastered is a rebuilt version of the original 1998 adventure game Grim Fandango. The game is set in the Land of the Dead, which is a unique in-between world on the souls way from the mortal world to the spiritual one. All the in-game characters appear in calaca-like style, so the whole atmosphere reminds of the Aztec belief of the afterlife. Players assume the role of a Grim Reaper Manuel Manny Calavera, who escorts souls on their travel through the Land of Dead. The story progress depends on the completion of quests and solving various puzzles. Players, in control of Manny, are able to interact with the environment in different ways including dialogues with other characters in order to get some hints and tips about current puzzles. According to game mechanics, players can never fail a mission or the whole game. The Remastered version includes numerous graphical improvements including repainted, hi-res character textures and new, dynamic lighting, which are expected to improve player experience.",46.9,4.89,2010s,1,excellent,generally_favorable
254,5159,Resident Evil 2 (1998),1998-01-21,1998.0,Action,Horror,Realistic,3D,Singleplayer,0,Controller & Keyboard/Mouse,Capcom|GOG,Capcom,Dreamcast|GameCube|Nintendo 64|PC|PlayStation,5.0,M — Mature (17+),4.32,90.0,916.0,919.0,6387.0,13.0,144.0,19.0,5324,652,17,151,84,159,Singleplayer|Atmospheric|Great Soundtrack|Third Person|Horror|Female Protagonist|Zombies|Survival Horror|exclusive|fixed camera,GOG|PlayStation Store|Xbox Store,https://media.rawg.io/media/games/d64/d646810b629081cc12aec49ed9f49441.jpg,http://www.capcom.co.jp/bio_series/biohazard2.html,resident-evil-2,"If the suspense doesnt kill you, something else will! Something is desperately wrong in Raccoon City. A muta-genic virus has broken loose and the entire town is infested. Blood-thirsty zombies, hideous mutations now overwhelm the community. When Leon and Claire arrive in town, their nightmare is just beginning...Now, you control their destiny in this survival horror classic.",49.39,6.57,1990s,1,excellent,universal_acclaim
255,624,FTL: Faster Than Light,2012-09-14,2012.0,Strategy|Simulation|Indie,Sci-Fi,Pixel Art,2D,Singleplayer,0,Keyboard / Mouse,Subset Games,Subset Games,PC|Linux|iOS|macOS,4.0,E10+ — Everyone 10+,4.25,84.0,957.0,963.0,6366.0,6.0,48.0,0.0,4953,523,74,464,86,266,Singleplayer|Atmospheric|steam-trading-cards|Great Soundtrack|RPG|2D|Sci-fi|Difficult|Survival|Pixel Graphics|Space|Replay Value|Roguelike|Roguelite|Real-Time with Pause|Perma Death,App Store|Epic Games|Steam|GOG,https://media.rawg.io/media/games/5f4/5f4780690dbf04900cbac5f05b9305f3.jpg,http://www.ftlgame.com/,ftl-faster-than-light,"FTL: Faster Than Light is a roguelike strategy game set in space civil war in the Galactic Federation. You control a spaceship that has to deliver an essential package of data to the Federation headquarters. This data can help defeat the rebels army and finish the war. To do so, you have to travel through eight procedurally generated space segments. Within those segments, the player can encounter other ships and NPCs both friendly and hostile as well as random events. The gameplays key feature is that the player does not control the spaceship itself but rather the ships crew. During the game, the player can hire or rescue new crew members from different races. Each team member has its characteristics that affect how well he can handle different systems on the ship or his movement speed and fighting skills. The game is notable for its high difficulty primarily since ships destruction causes save files deleting.",47.98,4.73,2010s,1,excellent,generally_favorable
256,28199,Ori and the Will of the Wisps,2020-03-10,2020.0,Action|Adventure|Platformer,Fantasy,Realistic,2D,Singleplayer,0,Controller,Moon Studios,Microsoft Studios|Xbox Game Studios,Xbox One|PC|Nintendo Switch|Xbox Series S/X,4.0,E — Everyone (3+),4.43,91.0,1271.0,1298.0,6366.0,11.0,48.0,1.0,3452,1056,122,228,960,548,Singleplayer|Steam Achievements|Full controller support|Steam Cloud|Atmospheric|Great Soundtrack|Story Rich|Open World|Fantasy|Difficult|Exploration|Action-Adventure|Cute|Metroidvania|Puzzle-Platformer|Emotional|Masterpiece|Beautiful|Souls-like,Xbox Store|Nintendo Store|Steam,https://media.rawg.io/media/games/718/71891d2484a592d871e91dc826707e1c.jpg,https://www.orithegame.com,ori-and-the-will-of-the-wisps,"A New Journey Begins Embark on an adventure with all new combat and customization options while exploring a vast, exotic world encountering larger than life enemies and challenging puzzles. Seek help from discoverable allies on your path to unravel Oris true destiny. Explore a vast, beautiful, and immersive world Explore a vast, beautiful, immersive, and dangerous world filled with gripping enemy encounters, challenging puzzles and thrilling escape sequences. Unravel Oris true destiny in this emotionally engaging, hand crafted story driven adventure. New combat system Wield dozens of new spirit weapons, spells and skills offering new dynamic combat mechanics to the world of Ori. Nimbly fight your way through untold danger and ruin with an entirely new arsenal at your disposal. Customize your style of play Choose your tools for adventure from dozens of newly acquired attacks, spells, and skills to match your style of play. In addition, utilize an all new shard system to power up Oris capabilities. Encounter epic adversaries Face large epic bosses and seek support from discoverable allies who will provide services and cast optional quests to extend the adventure.",50.98,9.33,2020s,1,excellent,universal_acclaim
257,2623,Resident Evil 6,2012-10-02,2012.0,Action|Shooter,Crime,Realistic,3D,Single & Multiplayer,1,Controller,Capcom,Capcom,Web|Nintendo Switch|PC|Xbox One|PlayStation 4|Xbox 360|PlayStation 3,7.0,M — Mature (17+),3.43,67.0,1261.0,1275.0,6362.0,8.0,519.0,19.0,4411,1109,60,310,173,299,Singleplayer|Steam Achievements|Multiplayer|Steam Cloud|Atmospheric|steam-trading-cards|Co-op|cooperative|Third Person|Partial Controller Support|Horror|Online Co-Op|Steam Leaderboards|Female Protagonist|Survival|Split Screen|Local Co-Op|Third-Person Shooter|Zombies|Survival Horror|Valve Anti-Cheat enabled|Quick-Time Events|Co-op Campaign,PlayStation Store|Nintendo Store|Xbox 360 Store|Steam|Xbox Store,https://media.rawg.io/media/games/f6f/f6f39c5b56413f7f4513b25989a1b747.jpg,http://www.residentevil.com/6/,resident-evil-6,"Bioterrorism ... Terrorists infect the US President with a vaccine that makes him an aggressive zombie. And one of the heroes of the game will have to kill him. Behind the terrorists, there is a mafia organisation that wants to hide the truth about the impossibility to control the biological weapons developed by it, which turns people into zombies. Bioterrorists opposed by a detachment of special forces - it serves two other characters. The action of the game periodically turns from a personal vendetta into a global catastrophe and back. One President-zombie is replaced by whole cities of infected. Zombies and mutants, bioterrorists, special forces and mercenaries - they all act constantly, fight and survive in open territories and secret bases. In total, you can play for seven characters, including a woman - the head of terrorists. Four story campaigns, after going through one line of the plot, you can choose another lens and see the events from a different perspective. There are many enemies, but ammunition drops out of them after death. The more dangerous is the enemy, the more ammo is dropped. In hand-to-hand combat, various combo attacks help. The complete passage of the game is described as approximately 25 hours of pure action.",42.15,10.82,2010s,1,average,mixed
258,2873,The Witness,2016-01-25,2016.0,Adventure|Indie|Puzzle,Adventure,Stylized,3D,Singleplayer,0,Controller,NVIDIA Lightspeed Studios|Number None|Thekla,Thekla|Number None,Android|macOS|PC|iOS|Xbox One|PlayStation 4,6.0,Not Rated,4.01,87.0,1272.0,1285.0,6360.0,4.0,18.0,0.0,4181,620,146,680,287,446,Singleplayer|Steam Achievements|Steam Cloud|Atmospheric|Great Soundtrack|Story Rich|Open World|First-Person|Partial Controller Support|Difficult|Exploration|Sandbox|Survival|Captions available|Mystery|Colorful|Building|Walking Simulator|overlay|Relaxing|Surreal|cloud saves|Nonlinear|Philisophical,PlayStation Store|Steam|GOG|Xbox Store|App Store|Google Play|Epic Games,https://media.rawg.io/media/games/00b/00b164224ebaf381104d0b215a37afb3.jpg,http://the-witness.net/,the-witness,"The Witness is a 3D puzzle game where you explore a mysterious island full of natural and artificial structures. The game is focused on non-verbal communication that should make the player more attentive to the environment surrounding him. To complete the game, you need to solve puzzles in each of the eleven islands regions and get to the mountain in the center of it. While the regions differ a little, puzzles they feature are quite similar and, as a rule, have something to do with symmetry to be solved. Puzzles are activated at the grids you can find around locations. There are two modes in the game. In the walking mode you can explore the island, and in the path-drawing mode you dont move and focus on solving puzzles. While the games plot is quite unclear and The Witness doesnt give many details on the heros background, its key feature is the visual aspect combined with music, inspiring quotes you can hear and the meditative tone of the game in general. The game features several visual illusions based on depth perception.",48.49,5.25,2010s,1,excellent,generally_favorable
259,2733,Broforce,2015-10-15,2015.0,Action|Indie|Platformer,Horror,Pixel Art,2D,Single & Multiplayer,1,Controller,Devolver Digital|Free Lives,Devolver Digital,Nintendo Switch|PlayStation 4|Linux|macOS|PC,5.0,Not Rated,4.02,83.0,1309.0,1321.0,6357.0,6.0,50.0,1.0,4686,855,71,477,79,189,Singleplayer|Multiplayer|Full controller support|Co-op|cooperative|2D|Funny|Gore|Comedy|Split Screen|Local Co-Op|Pixel Graphics|Local Multiplayer|Retro|Includes level editor|controller support|Side Scroller|America,Nintendo Store|PlayStation Store|Steam|GOG,https://media.rawg.io/media/games/9cc/9cc11e2e81403186c7fa9c00c143d6e4.jpg,http://www.broforcegame.com,broforce,"Broforce is a parody run-and-gun game made in a 2D side-scrolling manner. Players are offered to take control of a Bro one of the soldiers of the special Broforce unit. Actually, players are going to assume roles of several protagonists (all are Bros) while completing game levels. The main idea is to make a parody of fictional movie heroes of the 80s - 90s. During the levels Bros fight against terrorists in the setting of games of the 80s to rescue other Bros. The gameplay features special combat mechanics: each Bro has two different attacks (first is constant and endless, while the second requires recharging) and a melee weapon to climb the obstacles. However, enemies can be also defeated by using distracting maneuvers. Bros also have special abilities like parkour skill or explosion resistance. The level can be completed only if another Bro is rescued, terrorists with their boss are eliminated, and the American flag is set on the enemies base. After each mission, the location explodes and Bros fly away by helicopter.",47.83,7.35,2010s,1,excellent,generally_favorable
260,9609,Euro Truck Simulator 2,2012-10-19,2012.0,Simulation|Indie,Adventure,Realistic,3D,Singleplayer,0,Controller,SCS Software,SCS Software,Linux|macOS|PC,3.0,E — Everyone (3+),4.12,79.0,897.0,903.0,6343.0,12.0,90.0,1.0,5198,275,197,502,43,128,Singleplayer|Steam Achievements|Atmospheric|steam-trading-cards|RPG|Open World|First-Person|Partial Controller Support|Exploration|Sandbox|Steam Workshop|Includes level editor|Moddable|exclusive|Realistic|true exclusive|Management|Relaxing|Driving|Economy|TrackIR,Steam,https://media.rawg.io/media/games/1f5/1f5ddf7199f2778ff83663b93b5cb330.jpg,http://eurotrucksimulator2.com/,euro-truck-simulator-2,"You play as a truck driver, whose primary task throughout the game is to deliver essential goods to Europe. The actions of foreign drivers in the game are close to reality. It means that the computer does not only act following the rules of the road but also takes some other techniques taken from real life, for example, gives a sign that passes the driver to the main road. The time in the game is slightly different from the real time (1 minute in the set corresponds to five-ten seconds of real time). The driver can drive in total for 11 hours, after that he needs to go to the nearest Parking to make a nine-hour rest. If you do not, the driver gradually begins to struggle with sleep and yawn. The screen becomes dark, and the player, in turn, loses control of the truck, what can quickly lead to an accident. In the game, there are temporary and permanent road signs that limit the speed mode. The maximum speed of all trucks in the game is technically limited to 90 km/h by default (but it can be disabled in the game settings).",46.26,3.4,2010s,1,excellent,generally_favorable
261,28559,Dragon Age: Inquisition,2014-11-18,2014.0,Action|RPG|Strategy,Fantasy,Realistic,3D,Single & Multiplayer,1,Controller,BioWare|BioWare Edmonton,Electronic Arts,Xbox 360|PlayStation 3|PlayStation 4|Xbox One|PC,5.0,M — Mature (17+),3.8,86.0,1542.0,1559.0,6338.0,4.0,457.0,4.0,3943,1069,103,563,244,416,Singleplayer|Steam Achievements|Multiplayer|Full controller support|Atmospheric|Great Soundtrack|RPG|Co-op|Story Rich|Open World|Third Person|Online Co-Op|Fantasy|Female Protagonist|Action RPG|Nudity|War|Character Customization|Choices Matter|combat|Sexual Content|Steam Trading Cards|battle|character|Dragons|CRPG|explore|race|Classes,PlayStation Store|Xbox Store|Steam|Xbox 360 Store,https://media.rawg.io/media/games/260/26023c855f1769a93411d6a7ea084632.jpeg,http://www.dragonage.com/,dragon-age-inquisition,"You have to revive and lead the Inquisition, which aims to eradicate evil in the land of Thedas. War, intrigue, political strife deprived previously influential groups of Thedas the opportunity to act with the same efficiency. Players will have to respond to this threat, as well as explore a vast world, meet old and new characters and gather strength for the growing Inquisition. You play as an inquisitor, and you can choose for your character: gender, race, voice, name and customise his look. Depending on the selected race, the player will receive specific bonuses and will be offered a choice of three classes: rogue, mage and warrior. As in the previous parts of the series, the player controls not only his character but also a detachment of companions collected by him. In total, the game features nine companions. In battle, the player, as before, can activate a pause, during which the game stops, and at this time you can give orders to teammates. Everything is built on the dialogues between the characters, and they can directly change the ending of the game.",48.17,10.03,2010s,1,good,generally_favorable
262,16209,Kingdom: Classic,2015-09-21,2015.0,Strategy|Simulation|Indie,Fantasy,Pixel Art,2D,Singleplayer,0,Controller,Noio|Licorice,Raw Fury,Linux|macOS|PC,3.0,Not Rated,3.39,74.0,579.0,579.0,6332.0,4.0,34.0,2.0,5465,198,15,240,43,371,Singleplayer|Steam Achievements|Full controller support|Steam Cloud|Atmospheric|steam-trading-cards|Great Soundtrack|2D|Difficult|Female Protagonist|Survival|Pixel Graphics|Side Scroller|Roguelike|Medieval|Resource Management|Tower Defense|City Builder,Steam,https://media.rawg.io/media/games/e40/e40cc9d1957b0a0ed7e389834457b524.jpg,https://www.kingdomthegame.com/kingdom-classic/,kingdom-classic,"The game began to be called the Kingdom Classic after the release of the game Kingdom: New Lands, and before that was called simply Kingdom. **Wise Rulers know their kingdom will fall, Brave Rulers do not despair. Great Rulers know their riches can rule, And spend every coin with great care.** In Kingdom, each coin spent can tip the balance between prosperity and decay. Attend to your domain, border to border, or venture into the wild to discover its wonders and its threats. Master the land, build your defenses, and when the darkness comes, stand with your people, crown on your head, until the very end. _Gameplay_ Kingdom is a 2D sidescrolling strategy/resource management hybrid with a minimalist feel wrapped in a beautiful, modern pixel art aesthetic. Play the role of a king or queen atop their horse and enter a procedurally generated realm primed to sustain a kingdom, then toss gold to peasants and turn them into your loyal subjects in order to make your kingdom flourish. Protect your domain at night from the greedy creatures looking to steal your coins and crown, and explore the nearby, mysterious forests to discover curious and cryptic artifacts to aid your kingdom.",41.43,1.99,2010s,1,average,mixed
263,9600,The Forest,2018-04-30,2018.0,Action|Adventure|Indie,Horror,Realistic,3D,Single & Multiplayer,1,Controller & Keyboard/Mouse,Endnight Games,Endnight Games,PC|PlayStation 4,2.0,M — Mature (17+),3.75,78.5,916.0,927.0,6303.0,8.0,144.0,1.0,4788,614,64,540,115,182,Singleplayer|Multiplayer|Steam Cloud|Atmospheric|Co-op|Open World|First-Person|Horror|FPS|Gore|Exploration|Sandbox|Survival|Early Access|Zombies|Survival Horror|Crafting|Realistic|Building,PlayStation Store|Steam,https://media.rawg.io/media/games/1be/1be575aa6de86de328433a63fb534d9a.jpg,http://survivetheforest.com/,the-forest,"The Forest is a survival horror open-world game developed by Endnight games. After surviving a plane crash on a remote island, your son is taken away by local natives. You set out to find him. Find a place to rest in, gather food and defend yourself from the natives. Create weapons and survival tools using the games crafting system. Apart from the animals that inhabit the island, the cannibalistic natives are also present. They are active at night so the player can raid the caves the aborigines live in during the day and kill them in their sleep. The tribesmen seem to mutate due to an unknown reason. Descending down into the caves, the player finds stranger and stranger mutations. The tribe isnt always hostile towards the player. Sometimes the locals send patrols to the players camp, try to communicate with the player. During combat, the tribesmen hide behind cover, protect their wounded comrades or remove torches during the night to avoid detection.",44.66,5.93,2010s,1,good,generally_favorable
264,274762,The Outer Worlds,2019-10-25,2019.0,Action|Shooter|Adventure|RPG,Sci-Fi,Realistic,3D,Singleplayer,0,Controller,Obsidian Entertainment,Private Division,PlayStation 4|PC|Nintendo Switch|Xbox One,4.0,Not Rated,3.86,80.0,1468.0,1504.0,6300.0,8.0,188.0,1.0,3168,1020,196,536,917,463,Singleplayer|Full controller support|RPG|Story Rich|Open World|First-Person|Sci-fi|FPS|Action RPG|Space|role-playing|Choices Matter,PlayStation Store|Xbox Store|Nintendo Store|GOG|Steam|Epic Games,https://media.rawg.io/media/games/704/704f831d2d132e9614931f1c4eab9e86.jpg,https://www.theouterworlds.com/,the-outer-worlds,"The Outer Worlds is a new single-player first-person sci-fi RPG from Obsidian Entertainment and Private Division. In The Outer Worlds, you awake from hibernation on a colonist ship that was lost in transit to Halcyon, the furthest colony from Earth located at the edge of the galaxy, only to find yourself in the midst of a deep conspiracy threatening to destroy it. As you explore the furthest reaches of space and encounter various factions, all vying for power, the character you decide to become will determine how this player-driven story unfolds. In the corporate equation for the colony, you are the unplanned variable. Key Features The player-driven story RPG: In keeping with the Obsidian tradition, how you approach The Outer Worlds is up to you. Your choices affect not only the way the story develops but your character build, companion stories, and end game scenarios. You can be flawed, in a good way: New to The Outer Worlds is the idea of flaws. A compelling hero is made by the flaws they carry with them. While playing The Outer Worlds, the game tracks your experience to find what you arent particularly good at. Keep getting attacked by Raptidons? Taking the Raptiphobia flaw gives you a debuff when confronting the vicious creatures, but rewards you with an additional character perk immediately. This optional approach to the game helps you build the character you want while exploring Halcyon. Lead your companions: During your journey through the furthest colony, you will meet a host of characters who will want to join your crew. Armed with unique abilities, these companions all have their own missions, motivations, and ideals. Its up to you to help them achieve their goals, or turn them to your own ends. Explore the corporate colony: Halcyon is a colony at the edge of the galaxy owned and operated by a corporate board. They control everything... except for the alien monsters left behind when the terraforming of the colonys two planets didnt exactly go according to plan. Find your ship, build your crew, and explore the settlements, space stations, and other intriguing locations throughout Halcyon.",46.93,9.27,2010s,1,good,generally_favorable
265,11276,Call of Duty: Modern Warfare 3,2011-11-08,2011.0,Action|Shooter,Horror,Realistic,3D,Single & Multiplayer,1,Controller,Aspyr Media|Raven Software|Treyarch|Infinity Ward|Sledgehammer Games|Neversoft Entertainment,Aspyr|Activision Blizzard|Activison|ak tronic Software & Services,PC|macOS|Wii|Xbox 360|PlayStation 3|iOS|Xbox One,7.0,M — Mature (17+),3.78,85.0,1615.0,1622.0,6295.0,8.0,228.0,29.0,3799,2037,15,245,104,95,Singleplayer|Steam Achievements|Multiplayer|Steam Cloud|Co-op|cooperative|First-Person|FPS|Online Co-Op|Survival|Controller|Zombies|War|Military|Valve Anti-Cheat enabled|Linear,App Store|Steam|Nintendo Store|Xbox Store|Xbox 360 Store|PlayStation Store,https://media.rawg.io/media/games/e9c/e9c042d14515eb3ff7cb4db9fe78e435.jpg,http://www.callofduty.com,call-of-duty-modern-warfare-3,"The eighth Call of Duty game overall is the sequel to Modern Warfare 2 and is set in an alternate reality of the modern era. In the campaign mode, the game continues the Modern Warfare storyline about an American spec ops squad Task Force 141 fighting Russian nationalists. The player will control different characters on various military missions across the world. The protagonists from the previous part, Soap MacTavish and John Price, appear in certain missions but are sidelined by several new playable characters, most prominently, the Russian former Spetsnaz operative Yuri. Terrorist leader Vladimir Makarov, the villain of Modern Warfare 2, returns as well, and is trying to provoke the start of World War III. The players missions this time will be centered around protecting the West against Makarovs attacks. The game introduces a new Survival mode, in which the player repeals wave after wave of eternally respawning opponents. This mode allows for multiplayer co-op for two players. The traditional multiplayer mode was revised as well, adding a new reward mechanic, Pointstreaks, in which the player can choose between three sets of rules, called strike packages, to count his or her points.",48.02,17.47,2010s,1,good,generally_favorable
266,11686,POSTAL 2,2003-04-13,2003.0,Action|Shooter|Adventure|Indie,Fantasy,Realistic,3D,Single & Multiplayer,1,Controller,Running With Scissors,Running With Scissors,macOS|PC|Linux,3.0,AO — Adults Only (18+),3.91,59.0,1058.0,1066.0,6282.0,4.0,89.0,11.0,4690,876,26,381,60,249,Singleplayer|Steam Achievements|Multiplayer|Full controller support|Steam Cloud|steam-trading-cards|Open World|First-Person|FPS|Funny|Gore|Classic|Sandbox|Comedy|Violent|Steam Workshop|Includes level editor|Moddable|Family Friendly|exclusive|Mature|true exclusive|Dark Humor|Satire,GOG|Steam,https://media.rawg.io/media/games/2a2/2a2f9a0035544500e59a171c7038ec3a.jpg,http://www.runningwithscissors.com,postal-2,"Like original Postal, its sequel was specifically intended to spark controversy. The game is full of gross violence, black humor, obscenities, and biting satire of American life. The plot follows Postal Dude, a typical ""white trash"" and a small town trailer-park dweller, as he is given menial daily tasks, such as buying milk. The way he completes them, however, is what makes Postal 2 one of the most censored and offensive games ever. At the various points of the game, the player may piss over his opponents, use cats as gun silencers (by literally showing your gun up the cats anus), burn dogs alive, blow up cars (but not drive them, in Postal 2 cars are simply four-wheeled explosives), shoot people and flip them a bird. The game, however, is just as violent as the player wants it to be. Most missions can be accomplished without killing, though it would have spoiled all the fun. The gameplay has changed since the previous part. Isometric view from the original was replaced with the first-person view. The world around Postal Dude is living by itself, regardless of the players presence, much like in Grand Theft Auto series. All the town inhabitants are programmed to walk, chat and even fight each other as if they were real people.",41.75,7.55,2000s,1,good,mixed
267,23322,Surviving Mars,2018-03-14,2018.0,Strategy|Simulation,Sci-Fi,Realistic,2D / 3D,Singleplayer,0,Controller & Keyboard/Mouse,Haemimont Games|Paradox Interactive,Paradox Interactive,PlayStation 4|Xbox One|PC|macOS|Linux,5.0,E10+ — Everyone 10+,3.47,75.0,469.0,470.0,6273.0,4.0,440.0,1.0,5288,127,37,278,100,443,Singleplayer|Steam Achievements|cooperative|Sci-fi|Space|City Builder|Mars,PlayStation Store|Epic Games|Steam|GOG|Xbox Store,https://media.rawg.io/media/games/08b/08b2eee52a9876a48b955e5149affe5b.jpg,https://www.paradoxplaza.com/surviving-mars/SUSM01GSK-MASTER.html,surviving-mars,"Colonize Mars and discover her secrets, with minimal casualties. Welcome Home! The time has come to stake your claim on the Red Planet and build the first functioning human colonies on Mars! All you need are supplies, oxygen, decades of training, experience with sandstorms, and a can-do attitude to discover the purpose of those weird black cubes that appeared out of nowhere. With a bit of sprucing up, this place is going to be awesome! Surviving Mars is a sci-fi city builder all about colonizing Mars and surviving the process. Choose a space agency for resources and financial support before determining a location for your colony. Build domes and infrastructure, research new possibilities and utilize drones to unlock more elaborate ways to shape and expand your settlement. Cultivate your own food, mine minerals or just relax by the bar after a hard days work. Most important of all, though, is keeping your colonists alive. Not an easy task on a strange new planet. There will be challenges to overcome. Execute your strategy and improve your colonys chances of survival while unlocking the mysteries of this alien world. Are you ready? Mars is waiting for you. Main Features:Building a sustainable colony in space:Building on a planet not fit for human life challenges you to build a smart, functional colony. Bad planning isnt about traffic jams, its about survival of your colonists. You really dont want rolling blackouts in a city constructed in a place without oxygen.Individually simulated colonists:Each colonist is a unique individual with problems and strengths that influence the needs and behavior of the other colonists. Things can get really interesting if your chief scientists develops alcoholism after one too many long nights in the lab.Futuristic Space Dome construction:Retro-futuristic super structures housing colonists, factories and commercial buildings with their own neighborhood personality. Create colonies that value science over everything else, while tired workers drink their pay away at a local bar, or attempt a utopia among the stars.Exploration of Mars secrets:Inspired by the classic sci-fi of Asimov and Clarke, Surviving Mars holds many secrets. During each playthrough players may encounter one of Mars individually crafted mysteries. Uncovering these secrets might bring your colony great fortune, or terrible ruin. What is that sphere that manifested itself outside colony HUB B, and is it friendly?Randomized research tree:Combine static and random research through experimentation, which allows for a different experience for each journey through the game. Attain new scientific breakthroughs by exploring the uncharted terrain of Marss surface.Unique retro-futuristic aesthetic:A sleek, modern take on the bright futurism of the 1960s. A time of exploration and adventure.Expansive mod support:Craft your own fantastic buildings, parks or even a mystery to share through Surviving Marss extensive and convenient modding tools. Share your finest creations with the community to build the perfect society.",41.53,2.57,2010s,1,average,generally_favorable
268,58753,Forza Horizon 4,2018-10-02,2018.0,Racing|Arcade,Sports,Realistic,3D,Single & Multiplayer,1,Controller,Playground Games,Microsoft Studios|Xbox Game Studios,PC|Xbox One|Xbox Series S/X,3.0,E — Everyone (3+),4.37,90.0,1626.0,1642.0,6271.0,13.0,357.0,4.0,4148,646,337,649,314,177,Singleplayer|Steam Achievements|Multiplayer|Full controller support|Steam Cloud|Atmospheric|Great Soundtrack|Co-op|Open World|First-Person|Online Co-Op|Exploration|Sandbox|PvP|Cross-Platform Multiplayer|Family Friendly|exclusive|Realistic|Cinematic|VR|Online PvP|Steam Trading Cards|3rd-Person Perspective|Driving|explore|Offroad|street racing|w10 exclusive|winter|autumn|extreme,Steam|Xbox Store,https://media.rawg.io/media/games/786/7863e587bac630de82fca50d799236a9.jpg,https://forza.net/horizon,forza-horizon-4,"Forza Horizon 4 is the eleventh game in the Forza franchise of racing games and the fourth in the Horizon subseries. ###Premise Forza Horizon 4 takes place in a shared open world that is loosely based on the United Kingdom. Up to 72 players can share a server at which they participate in races together. They can also purchase in-game homes, which allow the players to unlock faster cars and driver perks. The drivers are customizable up to their clothing and emotions. ###Weather and seasons Forza Horizon 4 has a dynamic change of weather and seasons that change on a weekly basis. The weather conditions are synchronized and shared by all players on the same server. The weather and seasons alter the environment and thus the gameplay. Conditions like snow, mud, and ice can influence not only the driving style but also which areas and routes are accessible during which season. Most notably, the players can drive on the ice when lakes and rivers freeze. ###Cars Forza Horizon 4 features more than 450 vehicles that are licensed by over one hundred car manufacturers. Among the few notable manufacturers that were not included because of licensing problems are Toyota and Lexus. ###Modes Although the game is oriented towards online multiplayer gameplay, it also has a single player and local multiplayer modes. The game also introduces a level editor mode called Route Creator that allows the players to design and customize new routes.",51.36,7.21,2010s,1,excellent,universal_acclaim
269,15834,The Walking Dead: Season 2,2013-12-16,2013.0,Action|Adventure,Horror,Realistic,3D,Singleplayer,0,Controller,Telltale Games,Telltale Games|Skybound Games,macOS|PC|iOS|Android|PS Vita|PlayStation 3|Xbox 360|Nintendo Switch|PlayStation 4|Xbox One,10.0,M — Mature (17+),4.06,80.0,1451.0,1460.0,6238.0,10.0,320.0,4.0,4115,1631,18,116,108,250,Singleplayer|Full controller support|Atmospheric|Story Rich|Horror|Gore|Female Protagonist|Survival|Zombies|Point & Click|Post-apocalyptic|Choices Matter|Mature|Cinematic|Drama|Episodic|Comic Book|Choose Your Own Adventure|Quick-Time Events,PlayStation Store|Nintendo Store|App Store|Steam|GOG|Xbox 360 Store|Google Play|Xbox Store|Epic Games,https://media.rawg.io/media/games/471/4712c9ac591f556f553556b864a7e92b.jpg,http://www.telltalegames.com/walkingdead/,the-walking-dead-season-2,"The Walking Dead: Season 2 is an episodic adventure game based on eponymous comic book series. As it is a sequel to the previous game in the Walking Dead series, the further story progress depends on the events of the first part. The game is set in the world inhabited by walkers, as the story takes place after the zombie apocalypse. In the second season, players are offered to assume the role of Clementine, a young member of a group of survivors leaving Georgia and heading towards a large survivor camp in Michigan. The girls moves are controlled in a point-and-click way. The story progresses through short scenes including dialogues with other characters, which can impact upcoming events by selecting certain dialogue options, or short-term action events like defending the camp from walkers. The gameplay also features some sort of exploration and interaction with the environment that can give extra information or various collectible items. On the way through the game players are going to face dramatic turns of the plot caused by their own tough choice.",47.57,14.78,2010s,1,excellent,generally_favorable
270,22511,The Legend of Zelda: Breath of the Wild,2017-03-03,2017.0,Action|Adventure|RPG,Fantasy,Realistic,3D,Not Specified,0,Controller,Nintendo,Nintendo,Nintendo Switch|Wii U,2.0,E10+ — Everyone 10+,4.49,97.0,3103.0,3165.0,6187.0,121.0,0.0,26.0,1480,2338,715,494,801,359,RPG|Open World|Sandbox|Action-Adventure|exclusive,Nintendo Store,https://media.rawg.io/media/games/cc1/cc196a5ad763955d6532cdba236f730c.jpg,https://www.nintendo.com/games/detail/the-legend-of-zelda-breath-of-the-wild-switch,the-legend-of-zelda-breath-of-the-wild,"The Legend of Zelda: Breath of the Wild is an adventure game developed by Nintendo. It is the nineteenth installment in the series. After awakening from a hundred year sleep, memoryless Link hears a mysterious female voice that guides him to a destroyed kingdom of Hyrule. He finds a Wiseman who says that a ruthless creature, Calamity Ganon, was imprisoned for 100 years. Even though the creature is trapped, it is still gaining power. Link sets out to kill Ganon before he frees himself and destroys the world. In contrast to the previous titles in the series, Breath of the Wild the player to explore a vast open world. At the beginning of the game, a small tutorial is given to the players and they are free to travel the world at the pace they see fit. Link can climb almost every surface in the world, cook food to restore health. Fast travel to certain places in the world is also available for the players. The world is highly interactive thanks to the chemistry engine.",57.22,28.78,2010s,1,excellent,universal_acclaim
271,22781,Syberia 2,2004-03-30,2004.0,Adventure|Puzzle,Historical,Stylized,3D,Singleplayer,0,Controller & Keyboard/Mouse,Microids,1C Company|Microids|XS Games|Бука,iOS|Xbox|Android|PlayStation 3|PlayStation 2|Xbox 360|Nintendo Switch|macOS|PC,9.0,T — Teen (13+),3.88,80.0,572.0,574.0,6179.0,5.0,7.0,3.0,5023,531,8,106,104,407,Singleplayer|Atmospheric|Great Soundtrack|Story Rich|Classic|Female Protagonist|Point & Click|Mystery|Story|Steampunk|puzzles|Movie|factory|Dreams,PlayStation Store|App Store|Google Play|GOG|Xbox 360 Store|Steam|Nintendo Store,https://media.rawg.io/media/games/c00/c003705c0eaed100397ae408b7b89e90.jpg,https://www.microids.com/game-syberia-2/,syberia-2,Syberia 2 is a classic third-person point-and-click game from the famous French game producer Benoit Sokal. Play as American lawyer Kate Walker. She abandoned her stressful life in New York and ended up following her recent case into snowy Russian tundra -- Syberia. Continue the story that grasped players hearts in the first installment of the series. It is impossible to get stuck or die but the mere atmosphere and graphic design creates tension and lets player fully immerse into the game universe where surviving remnants of prehistoric beasts still live. The game was ported to a number of systems and gained the new life on new Nintendo console -- Switch.,44.29,4.72,2000s,1,good,generally_favorable
272,16343,A Story About My Uncle,2014-05-27,2014.0,Adventure|Arcade|Casual|Indie|Platformer,Horror,Stylized,2D / 3D,Singleplayer,0,Controller,Gone North Games,Coffee Stain Studios,PC|macOS|Linux,3.0,E10+ — Everyone 10+,3.15,73.0,640.0,646.0,6165.0,3.0,15.0,0.0,5056,403,13,178,67,448,Singleplayer|Steam Achievements|Full controller support|Steam Cloud|Atmospheric|steam-trading-cards|Great Soundtrack|Story Rich|Open World|First-Person|Sci-fi|Horror|Fantasy|Difficult|Family Friendly|controller support|Short|Parkour|3D Platformer|Narration,Steam|GOG,https://media.rawg.io/media/games/37a/37a9536e92cf8fe3b60045aa75dbd41f.jpg,http://gonenorthgames.com/games/a-story-about-my-uncle/,a-story-about-my-uncle,"A Story About My Uncle is a first-person adventure with a heavy focus on moving using a grappling hook and a non-violent approach thus making the plot and landscapes the critical focus of the gaming experience. There is no series of this game: it is the only title in the IP by Gone North also known as Goat Simulator creators. The core gameplay features are the energetic costume giving its owner the ability to jump higher and use the grappling hook, and various updates to this outfit, for example, jetpack boots. While mastering this Spider-Man-like potential, the hero encounters various non-hostile NPCs and environment, the only menacing obstacle in the game is a one-eyed worm, lurking in one of the caves. However, the worst scenario is that it blows you off the cliff. Worm likes to take a nap so getting over him is not a big deal. The plot follows a boy looking for his uncle, Freud. His nephew, after a little research in his flat, has discovered the super costume and traveled to another dimension. There are some optional collectibles scattered across the world. We shall also meet Maddy, who helps us find a missing character",40.13,3.56,2010s,1,average,mixed
273,58617,Borderlands 3,2019-09-13,2019.0,Action|Shooter|Adventure|RPG,Post-Apocalyptic,Realistic,3D,Single & Multiplayer,1,Controller,2K|Gearbox Software,2K Games|Gearbox Publishing,Nintendo Switch|PC|Xbox One|PlayStation 4|PlayStation 5|Xbox Series S/X,6.0,M — Mature (17+),3.87,83.0,940.0,958.0,6162.0,11.0,291.0,7.0,3956,659,197,340,570,440,Singleplayer|Steam Achievements|Multiplayer|Full controller support|Steam Cloud|Atmospheric|Great Soundtrack|RPG|Co-op|Open World|cooperative|First-Person|FPS|Online Co-Op|Gore|Exploration|Violent|Split Screen|Local Co-Op|Action-Adventure|Local Multiplayer|Cross-Platform Multiplayer|Space|role-playing|Nudity|Steam Trading Cards|Driving|online|Loot|console|friends|Epic|Masterpiece|offline|Western|Co-op Campaign|skill|looter shooter|Solo|planets|guns|LAN Co-op|Team|trees|wasteland,Nintendo Store|PlayStation Store|Steam|Epic Games|Xbox Store,https://media.rawg.io/media/games/9f1/9f1891779cb20f44de93cef33b067e50.jpg,https://borderlands.com/en-US/,borderlands-3,"MAYHEM IS COMING The original shooter-looter returns, packing bazillions of guns and a mayhem-fueled adventure! Blast through new worlds and enemies as one of four new Vault Hunters. Play solo or with friends to take on insane enemies, score loads of loot and save your home from the most ruthless cult leaders in the galaxy. A MAYHEM-FUELED THRILL RIDE Stop the fanatical Calypso Twins from uniting the bandit clans and claiming the galaxys ultimate power. YOUR VAULT HUNTER, YOUR PLAYSTYLE Become one of 4 new Vault Hunters, each with deep skill trees, abilities and customization. LOCK, LOAD, AND LOOT With bazillions of guns and gadgets, every fight is an opportunity to score new gear. NEW BORDERLANDS Discover new worlds beyond Pandora, each with unique environments and enemies.",45.85,7.06,2010s,1,good,generally_favorable
274,3371,Dark Souls II: Scholar of the First Sin,2015-04-01,2015.0,Action|RPG,Fantasy,Realistic,3D,Single & Multiplayer,1,Controller,BANDAI NAMCO Entertainment America|FromSoftware,Bandai Namco Entertainment|BANDAI NAMCO Entertainment US|FromSoftware,PlayStation 4|Xbox One|PC,3.0,M — Mature (17+),4.15,79.0,1203.0,1209.0,6159.0,25.0,106.0,10.0,4239,1114,94,250,127,335,Singleplayer|Steam Achievements|Multiplayer|Full controller support|Atmospheric|RPG|Co-op|Story Rich|cooperative|Third Person|Fantasy|Difficult|Action RPG|Dark|PvP|Hack and Slash|Character Customization|Dark Fantasy|Medieval|Remake|Lore-Rich,PlayStation Store|Xbox Store|Steam,https://media.rawg.io/media/games/8fc/8fc59e74133fd8a8a436b7e2d0fb36c2.jpg,http://www.darksoulsii.com,dark-souls-ii-scholar-of-the-first-sin,"New take in the Souls series. This time players are offered to overcome the immense difficulties in the kingdom of Drangleic. On the way to becoming human again, the hero must obtain a few greater souls. Gamers will experience player versus environment as well as player versus player gameplay using dedicated server technology. Invite your friends, fight your foes and survive your way through harsh medieval fantasy land. The game shares with the first installment in the series the engine and game universe but is not connected in terms of story. Known for its difficulty the game offers players unbeatable challenge. Bad play is severely punished by the game: each time player dies game protagonist loses a bit of maximum health just like in Demons Souls. Scholar of the First Sin bundles all previous DLCs for Dark Souls II as well as visual upgrades, new features and content.",46.9,11.38,2010s,1,excellent,generally_favorable
275,752,SMITE,2015-08-19,2015.0,Action,Mythology,Realistic,3D,Multiplayer,1,Controller & Keyboard/Mouse,Hi-Rez Studios,Hi-Rez Studios,PlayStation 4|Nintendo Switch|Xbox One|macOS|PC,5.0,Not Rated,3.05,83.0,803.0,803.0,6149.0,3.0,762.0,0.0,5236,105,56,612,15,125,Steam Achievements|Multiplayer|steam-trading-cards|RPG|Co-op|cooperative|Third Person|Funny|Survival|Free to Play|PvP|Nudity|Team-Based|Competitive|MMORPG|MOBA|Mythology|e-sports,Epic Games|Xbox Store|PlayStation Store|Steam|Nintendo Store,https://media.rawg.io/media/games/cc7/cc77035eb972f179f5090ee2a0fabd99.jpg,http://smitegame.com,smite,"Smite is a free-to-play MOBA game developed by Hi-Rez Studios. Gods from multiple mythologies serve as playable characters in the game. Each god has three base abilities, one ultimate ability, and one passive ability. Each character can buy up to 6 passive items that grant stats bonuses and up to 2 active items that give the player new abilities such as teleporting or healing. Such items dont require mana but have a long recovery time. The goal of the game is to destroy the opposing teams lane defenders and their Titan. Players are followed by minions that deal small amounts of damage to towers, lane defenders, the Titan or the opposing players. Smite features a five-class system. Players are free to choose from assassin, warrior, mage, hunter and guardian classes. Each class has its own specifics and should be carefully chosen according to the situation on the arena. In contrast to other MOBAs, there are multiple game modes in Smite. The main differences between them are the amount of gold the players spawn with, the number of players, and the number of lanes.",42.16,3.23,2010s,1,average,generally_favorable
276,4440,Deus Ex: Human Revolution,2011-08-22,2011.0,Action|RPG,Sci-Fi,Realistic,3D,Not Specified,0,Controller & Keyboard/Mouse,Eidos Montreal,Square Enix,PlayStation 3|Xbox One|PC|macOS|Xbox 360,5.0,M — Mature (17+),4.37,89.0,1534.0,1548.0,6143.0,17.0,76.0,5.0,3858,1471,34,338,181,261,Stealth|Cyberpunk,Xbox Store|Steam|PlayStation Store|Xbox 360 Store,https://media.rawg.io/media/games/81e/81e6c6819d4322caf375b6735c3043ec.jpg,https://rawg.io/games/deus-ex-human-revolution,deus-ex-human-revolution,"Deus Ex: Human Revolution is the third entry in the franchise and takes part as a prequel to the original Deus Ex. To save his life, Adam Jensen, a former SWAT officer must fill his body with augmentations. Humanity has battled any threat to it and now live in a cyberpunk world of future. When a new form of augmentations must be revealed, Sarif Industries is attacked by the group called the Tyrants. When Adam tries to save the facility, group leader Namir heavily wounds Jensen and kills Megan Reed. David Sarif saves Adams life, and he places augmentations in his body making him a supernatural human being, Jensen must investigate the problem of extremists in the modern world. One of the key features of the game is a flexible storyline. Based on your actions, the game will actually react to it by hiding some subplots or changing the main plot a little depending on your subject choices. The gameplay on its own is a stealth shooter with a big using implemented use of augmentations and experience system in order to level up your abilities.",50.67,13.57,2010s,1,excellent,generally_favorable
277,16113,Sleeping Dogs,2012-08-14,2012.0,Action|Adventure,Crime,Realistic,3D,Single & Multiplayer,1,Controller,United Front Games|Square Enix London Studios,Square Enix,PC|Xbox 360|PlayStation 3,3.0,M — Mature (17+),4.14,81.0,1308.0,1319.0,6142.0,14.0,373.0,2.0,4151,1304,21,315,129,222,Singleplayer|Multiplayer|Full controller support|Atmospheric|Great Soundtrack|RPG|Story Rich|Open World|Third Person|Sandbox|Violent|Third-Person Shooter|Parkour|Crime|Driving|Martial Arts,Steam|Xbox 360 Store,https://media.rawg.io/media/games/3d9/3d9bac98d79bcd2d445f829e8d6be902.jpg,https://square-enix-games.com/en_US/news/sleeping-dogs,sleeping-dogs,"Sleeping Dogs is a third-person action shooter with RPG elements, having Hong Kong as its central location. The city is an open world for the players exploration, and many gameplay features revolve around interacting with the surroundings. A huge aspect of immersion would be music, as it is themed according to the geographical location of the city. The main character Wei Shen finds himself in various situations which lead to the development of the main story. Resolving conflicts between local citizens and Hong Kongs organized crime, the protagonist is offered to join one of the citys gangs. Due to this, the players need to plan their actions carefully, building trust among both the gangsters and the police. The game features an unlock-based role-playing system, where every consecutive ability or trait is unlocked after the player achieves a specific goal or levels up characters prestige in each of the three in-game groups. The combat system is heavily reliant on the characters skill of martial arts, but conventional weaponry is also a favorable choice. Non-story related interactions add flavor to the overall gameplay, as there is a wide choice of how to spend the protagonists free time.",47.52,12.8,2010s,1,excellent,generally_favorable
278,13194,To the Moon,2011-01-10,2011.0,Action|Adventure|RPG|Casual|Indie,Sci-Fi,Pixel Art,2D,Singleplayer,0,Controller,X.D. Network|Freebird Games|GEORGIOS SYKIOTIS,X.D. Network|Freebird Games|GEORGIOS SYKIOTIS,PC|Nintendo Switch|Android|Linux|iOS|macOS,6.0,E — Everyone (3+),4.29,81.0,1126.0,1137.0,6138.0,4.0,1.0,2.0,4182,1202,21,116,227,390,Singleplayer|Steam Achievements|Full controller support|Steam Cloud|Atmospheric|steam-trading-cards|Great Soundtrack|RPG|Story Rich|2D|Sci-fi|Funny|Female Protagonist|Action-Adventure|Pixel Graphics|Retro|Space|role-playing|Cute|Short|Walking Simulator|Parkour|Relaxing|Linear|Romance|America|Interactive Fiction|Psychological|RPGMaker|Family Sharing|RPG Maker|2D Platformer|2D-платформер,Nintendo Store|GOG|Steam|App Store|Google Play,https://media.rawg.io/media/games/fae/faebf3c8cbf30db3f46bfbecf6ada3d6.jpg,http://www.freebirdgames.com/to_the_moon/,to-the-moon,"Eva Rosalyn and Neil Watts give people a chance to live their lives ""one more time"" - they are operators of the machine capable of penetrating into the human consciousness and rewriting memory, fulfilling unrealised dreams in minds. However, they do this only for those who are close to death, because such manipulation irreversibly cripples the body. Their dying client now is old Johnny. First, doctors learn from his memory his past to find out why before his death he wants to fulfil such a strange desire - to go to the Moon. Then there is a strong story about meetings and partings, about promises and losses. It ends well, but only in the patients memories. The gameplay consists of the study of small locations, the solution of simple puzzles and long, saturated dialogues. All this becomes fascinating thanks to the elaborated plot.",47.6,10.12,2010s,1,excellent,generally_favorable
279,20406,Team Fortress Classic,1999-04-01,1999.0,Action|Shooter|Massively Multiplayer,Comedy,Realistic,3D,Multiplayer,1,Keyboard / Mouse,Valve Software,Valve,Linux|macOS|PC,3.0,Not Rated,2.92,77.6,383.0,385.0,6132.0,1.0,0.0,2.0,5488,103,7,211,10,313,Multiplayer|Co-op|Story Rich|cooperative|First-Person|FPS|Online Co-Op|Funny|Classic|Retro|Team-Based|Fast-Paced|Competitive|Valve Anti-Cheat enabled|Remake|1990s|Class-Based|Mod,Steam,https://media.rawg.io/media/games/abd/abdb7e589f0a8ccd36c0582673120b1e.jpg,https://rawg.io/games/team-fortress-classic,team-fortress-classic,"A world whose atmosphere consists of fire and flying fragments of flesh. The shooting and explosions are just as natural in this world as the birds singing in the forest. Without a continually working Hastings machine gun, you just do not survive. And it is necessary to forget about steps - running is better. The game has six modes - each mode is different for the purpose of the game: Capture the enemy flag on the enemys base and bring it to your base. Set your flag on the territory of the enemy or in an area not occupied by anyone. Bring one of the players - an unarmed ""civilian"" (but he does have an umbrella!) - to a safe place, do not let him be shot by enemy snipers. Grab the ball (not the flag) and carry it to your base. Grab more control points (not territories). Capture places that are protected by enemies, or defend sites from invaders. There are only two means to achieve the goal. The first is obvious - to kill as many strangers as possible, but better all at once. The second is to establish interaction with the players on your team. This game is created to play in a team. For a diversity, there are nine classes for players - each class has one unique weapon.",39.36,0.92,1990s,1,below_average,generally_favorable
280,18336,Alan Wakes American Nightmare,2012-02-22,2012.0,Action|Shooter,Horror,Realistic,3D,Singleplayer,0,Controller,Remedy Entertainment,Microsoft Studios|THQ Nordic|Remedy Entertainment,Xbox 360|PC|Xbox One,3.0,Not Rated,3.41,73.0,809.0,814.0,6128.0,3.0,12.0,2.0,4651,690,13,182,103,489,Singleplayer|Full controller support|Atmospheric|Story Rich|Third Person|Horror|Survival|Controller|Third-Person Shooter|Survival Horror|controller support|Mystery|Short|Cinematic|Detective|Supernatural|Thriller,Epic Games|Xbox Store|GOG|Steam|Xbox 360 Store,https://media.rawg.io/media/games/0b3/0b34647c42271600399b93d19b10f1aa.jpg,http://www.alanwake.com,alan-wakes-american-nightmare,"Alan Wakes American Nightmare is a third-person shooter game, a follow-up to 2010 Remedy Entertainment title Alan Wake. However, it is not a full-fledged sequel to the game but rather a spin-off. The games tone and style are much more light-hearted and comedic than in the original, and the color palette is significantly brighter. The games story takes place two years after the original game in a fictional town Night Springs, Arizona. The series protagonist, Alan Wake, must defeat his dark doppelganger, Mr. Scratch to escape the Dark Place. American Nightmares gameplay is very similar to that of the original game however, this time it is much more action-oriented, rather than story-driven. Its combat is centered around the same chief combat mechanic focusing the flashlight on enemies on making them vulnerable to weapon.",41.58,5.91,2010s,1,average,mixed
281,4101,Bayonetta,2009-06-23,2009.0,Action|Adventure,Fantasy,Anime,3D,Singleplayer,0,Controller,Platinum Games,SEGA|Nintendo,PlayStation 4|PlayStation 3|Xbox 360|Wii U|PC|Xbox One|Nintendo Switch,7.0,M — Mature (17+),4.31,90.0,1145.0,1154.0,6127.0,5.0,316.0,5.0,3898,1001,107,286,393,442,Singleplayer|Steam Achievements|Full controller support|Steam Cloud|Atmospheric|steam-trading-cards|Great Soundtrack|Third Person|Fantasy|Gore|Classic|Female Protagonist|Comedy|Anime|Nudity|Hack and Slash|Mature|Fast-Paced|Sexual Content|Beat em up|Character Action Game|Spectacle fighter,Xbox Store|PlayStation Store|Steam|Nintendo Store|Xbox 360 Store,https://media.rawg.io/media/games/bee/bee483efadcf9d7e657e52184316a34e.jpg,http://www.bayonetta.com/,bayonetta,"Bayonetta is a slasher game developed by Platinum Games. The game is set in a fictional European city of Vigrid. The main character is a witch named Bayonetta who fights angels with pistols and magic wishing only one thing: to recall everything happened to her. Bayonetta is a third-person game. The player controls Bayonetta and uses close to medium range attacks, complicated combos and a wide variety of weaponry. Special Torture Attacks are present in the game when Bayonetta uses a torture weapon such as guillotine to execute an enemy. The Witch Time ability allows the player to slow down time after an enemy attack is successfully dodged. As the plot advances, the player transforms Bayonetta to a panther or other animals in order to enhance her abilities. The game consists of several chapters with each having multiple parts. A scoring system is present in the game as a medal is awarded at the end of each mission. Special medals can be found scattered across the secret areas of the levels.",49.52,9.46,2000s,1,excellent,universal_acclaim
282,306124,Borderlands Game of the Year Enhanced,2019-04-03,2019.0,Action|Shooter|RPG,Horror,Realistic,3D,Single & Multiplayer,1,Controller,Gearbox Software|Blind Squirrel Games,2K Games,PC|Nintendo Switch|PlayStation 4|Xbox One,4.0,M — Mature (17+),3.79,78.0,1028.0,1037.0,6115.0,3.0,66.0,0.0,4484,753,62,393,108,315,Singleplayer|Steam Achievements|Multiplayer|Steam Cloud|Atmospheric|RPG|Open World|cooperative|First-Person|Partial Controller Support|FPS|Online Co-Op|Gore|Exploration|Violent|Post-apocalyptic|Sexual Content|Dark Humor|Loot|Role Playing Game|humor|meat,Steam,https://media.rawg.io/media/games/df9/df988191048e92cf86dabd2987c47b62.jpg,https://rawg.io/games/borderlands-game-of-the-year-enhanced,borderlands-game-of-the-year-enhanced,"Discover the co-op shooter-looter that started it all, crammed with content and enhancements! Equip bazillions of guns as one of four trigger-happy mercenaries, each with unique RPG skills. Take on the lawless desolate planet Pandora in pursuit of powerful alien technology: The Vault. With new weapons, visual upgrades, all 4 add-on packs and more, enjoy the highly acclaimed FPS/RPG solo or together with friends! Bazillions of Guns: Rocket-launching shotguns, enemy-torching revolvers, SMGs that fire lightning rounds, and tons more. Radical Art Style: Traditional rendering techniques combined with hand-drawn textures give Borderlands its iconic style. Intense Vehicular Combat: Behind the wheel, engage in frenetic vehicle-to-vehicle combat. Co-op Frenzy: Tear through the opposition as a crew of up to 4.NEW:VISUALLY STUNNING: With improved character models, environments, weapons, and textures, Borderlands paired with a 4K display never looked so good. NEW WEAPONS: There are already too many to count so we added more. NEW CHARACTER HEADS: Be as beautiful as mom says you are. NEW GOLD CHESTS AND KEYS: More loot! AND MORE!PLUS: THE ZOMBIE ISLAND OF DOCTOR NED: Enter the corporate owned small town known as Jakobs Cove and put an end to the rumors of the walking undead. New areas, new missions, new enemies, Oh My! MAD MOXXIS UNDERDOME RIOT: Celebrate the grand opening of Marcus Bank by taking on hundreds of foes in the only competitive arena around where youre coming back famous... or not at all. THE SECRET ARMORY OF GENERAL KNOXX: Want more of the Borderlands story and more loot than you could possibly figure out what to do with? Add new guns, missions, vehicles and more! CLAPTRAPS NEW ROBOT REVOLUTION: This destructive adventure invites you to battle a vicious new threat, a massive uprising of your former friends: the claptraps.",44.69,6.59,2010s,1,good,generally_favorable
283,2728,Tom Clancys The Division,2016-03-07,2016.0,Action|Shooter|RPG,Post-Apocalyptic,Realistic,3D,Single & Multiplayer,1,Controller & Keyboard/Mouse,Ubisoft|Massive Entertainment,Ubisoft Entertainment,PC|Xbox One|PlayStation 4,3.0,M — Mature (17+),3.7,80.0,1340.0,1344.0,6082.0,27.0,455.0,3.0,4309,735,92,643,121,182,Singleplayer|Multiplayer|Atmospheric|steam-trading-cards|RPG|Co-op|Open World|cooperative|Third Person|FPS|Online Co-Op|Sandbox|Survival|Tactical|Third-Person Shooter|Post-apocalyptic|MMORPG,PlayStation Store|Steam|Xbox Store,https://media.rawg.io/media/games/c73/c73c4ffebfe968ba0982a56c2b5020ef.jpg,http://thedivisiongame.com,tom-clancys-the-division,"Tom Clancys The Division is an action shooter in a third-person perspective with role-playing elements. The game includes both single and multiplayer (co-op) experience. Playing for The Division agent gamers will fight against the sources of virus throughout the city to save America from the terrible cataclysm. The main action is set in New York City, so players have an opportunity to explore an open-world Manhattan infected with the dangerous pandemic. According to the storyline, the disease called Green Poison or The Dollar Flu appeared as a result of a failed experiment and spread with dollar banknotes on Black Friday 2015. Players should assume a role of The Strategic Homeland Division agent whose aim is to clear the city and to prevent further extension of the pandemic. The gameplay is about completing the missions, earning experience points (for the player progress) and currency (for upgrading the equipment level), and gradual fight against infection. Due to properly worked out high-quality textures all the objects and the city itself are meant to be willingly destructible for the improvement of gaming experience.",45.54,9.52,2010s,1,good,generally_favorable
284,12756,"Warhammer 40,000: Space Marine",2011-09-05,2011.0,Action|Shooter,Sci-Fi,Realistic,3D,Single & Multiplayer,1,Controller,Relic Entertainment,SEGA|THQ,PC|PlayStation 3|Xbox 360,3.0,AO — Adults Only (18+),3.47,74.0,735.0,738.0,6078.0,5.0,111.0,39.0,4972,472,20,185,76,353,Singleplayer|Steam Achievements|Multiplayer|Full controller support|Atmospheric|Great Soundtrack|Co-op|Story Rich|cooperative|Third Person|Sci-fi|Online Co-Op|Gore|Steam Leaderboards|Controller|Third-Person Shooter|Hack and Slash|Futuristic|Dystopian|Games Workshop|Warhammer 40K,GOG|Steam|Xbox 360 Store,https://media.rawg.io/media/games/ac2/ac25b5cef220bf5b8d052e0978451cab.jpg,http://www.spacemarine.com/,warhammer-40000-space-marine,"Reviews Steam Big Picture About the GameIn Warhammer 40,000 Space Marine you are Captain Titus, a Space Marine of the Ultramarines chapter and a seasoned veteran of countless battles. A millions-strong Ork horde has invaded an Imperial Forge World, one of the planet-sized factories where the war machines for humanitys never ending battle for survival are created. Losing this planet is not an option and be aware of the far more evil threat lurking large in the shadows of this world. DEVASTATING WEAPONRY Experience 40,000 years of combat, evolved. Enhance your vast arsenal as you unlock new weapons, upgrades, armor & abilities through an accessible progression system. This devastating weaponry empowers players to deliver bone crushing violence and dismemberment to their enemies. BLOCKBUSTER ENTERTAINMENT With an Imperial liberation fleet en-route, the Ultramarines are sent in to hold key locations until reinforcements arrive. Captain Titus and a squad of Ultramarine veterans use the bolter and chainsword to take the fight to the enemies of mankind. BRUTAL 8VS8 ONLINE COMBAT Form your own Space Marine squad or Chaos Space Marine warband and face off in 8 vs 8 online matches. Gain experience and unlock new weapons and armor to customize the Devastator, Assault, and Tactical Marine classes.",41.72,4.6,2010s,1,average,mixed
285,45821,Frostpunk,2018-04-24,2018.0,Strategy|Simulation,Post-Apocalyptic,Realistic,2D / 3D,Singleplayer,0,Controller & Keyboard/Mouse,11 Bit Studios,11 bit studios,Xbox One|Nintendo Switch|PlayStation 4|PC,4.0,M — Mature (17+),4.19,85.0,1034.0,1053.0,6076.0,6.0,400.0,1.0,4175,682,116,374,320,409,Singleplayer|Atmospheric|Difficult|Survival|Dark|Post-apocalyptic|Choices Matter|Building|Management|Real-Time with Pause|Resource Management|Economy|City Builder,PlayStation Store|Xbox Store|GOG|Steam,https://media.rawg.io/media/games/a88/a886c37bf112d009e318b106db9d420a.jpg,http://www.frostpunkgame.com/,frostpunk,"In an ultimately frozen world, people develop steam-powered technology to oppose the overwhelming cold. The city ruler has to manage both the inhabitants and the infrastracture the citizens live in. Leaders tactical skills face challenges, frequently questioning morality and the basic foundation of what we consider an organized society. Here optimization and resource management often clash with empathy and thoughtful decision-making. While city and society management consume most of the rulers time, at some point exploration of outside world is necessary to understand its history and present state. What decisions will you make so the society can survive? What will you do when pushed to the limits? And... ...who will you become in the process? THE CITY MUST SURVIVE Frostpunk is a city-survival game where heat means life and every decision comes with a cost. MAINTAIN THE HOPE Survival is about hope and will to live. Your ability to spark and maintain these two in your people will be a determinant factor for success. MAKE THE LAW Society is a group of people abiding the same rules and sharing similar beliefs. Establishing laws and customs will be a crucial factor shaping your society. WEIGHT YOUR CHOICES Will you allow child-labour? How will you treat the sick and wounded? Frostpunk challenges a players tactical skills, while questioning ones morality. EXPLORE The world covers not only bits of the past but also the potential means to secure the future of your people. ""(...) this is a game about finding reasons to survive rather than just the means to go on living."" - Adam Smith, Rock, Paper, Shotgun ""In a steampunk ice age, the only thing that can be crueler than the bitter cold are the decisions you have to make to keep your people alive."" - Stephanie Chan, VentureBeat ""(...) decisions push your morality to its limits for the sake of productivity, which could make for an captivating, draining adventure when the game releases later this year."" - Suriel Vazquez, Game Informer",47.64,7.22,2010s,1,excellent,generally_favorable
286,14446,Call of Duty: Black Ops II,2012-11-13,2012.0,Action|Shooter,Crime,Realistic,3D,Single & Multiplayer,1,Controller,Treyarch,Activison,Wii U|Xbox One|Xbox 360|PlayStation 3|PC,5.0,M — Mature (17+),3.96,74.0,1405.0,1414.0,6075.0,5.0,216.0,29.0,3856,1653,19,314,120,113,Singleplayer|Steam Achievements|Multiplayer|Full controller support|Steam Cloud|Atmospheric|steam-trading-cards|Great Soundtrack|Co-op|cooperative|First-Person|Sci-fi|Horror|FPS|Online Co-Op|Steam Leaderboards|Survival|Controller|Tactical|Zombies|War|Team-Based|Futuristic|Valve Anti-Cheat enabled|Story|character|death,Xbox 360 Store|Xbox Store|Steam|Nintendo Store,https://media.rawg.io/media/games/8ee/8eed88e297441ef9202b5d1d35d7d86f.jpg,http://www.callofduty.com,cod-black-ops-ii,"Call of Duty: Black Ops II is a first-person shooter, a direct sequel to Call of Duty: Black Ops that features its protagonists. The story is divided into two time periods. It starts in 1986 with Alex Mason that has to return to work after his retirement to catch Raul Menendez, responsible for multiple crimes. The second storyline takes place in 2025 you play as David, Masons son, who also needs to find Menendez who sparks the second Cold War. The game has several endings depending on your actions in both storylines. The campaign mode in Black Ops II is also selected in two parts. There are story missions, where you can make decisions that will affect the future of the characters. Additionally, Strike Force missions, available in 2025, feature permanent death - if the character is killed, you cant return to the checkpoint, and have to continue the game without them. Like two previous games in the series, Black Ops II has the Zombies mode with a completely new story. It starts with nuclear experiments in 2025 Nevada that cause the appearance of zombies.",45.55,14.61,2010s,1,good,mixed
287,22121,Celeste,2018-01-25,2018.0,Indie|Platformer,Horror,Pixel Art,2D,Singleplayer,0,Controller,Matt Makes Games|Extremely OK Games|Noel,Matt Makes Games,Xbox One|PC|macOS|Nintendo Switch|PlayStation 4|Linux,6.0,E10+ — Everyone 10+,4.38,91.0,1662.0,1709.0,6072.0,6.0,41.0,0.0,3004,1268,290,474,482,554,Singleplayer|Steam Achievements|Full controller support|Steam Cloud|Story Rich|2D|Horror|Female Protagonist|celeste|xna|miniboss|fna|towerfall|matt-makes-games|great-graphics|character-development,Epic Games|Steam|Nintendo Store|PlayStation Store|Xbox Store|itch.io,https://media.rawg.io/media/games/594/59487800889ebac294c7c2c070d02356.jpg,http://www.celestegame.com,celeste,"Celeste is a platformer about climbing a mountain, from the creators of TowerFall. Explore a sprawling mountain with over 500 levels bursting with secrets, across 8 unique areas. Unlock a hardcore Remix for each area, with completely new levels that will push your climbing skills to the limit. Madeline can air-dash and climb any surface to gain ground. Controls are simple and accessible, but super tight and expressive with layers of depth to master. Deaths are sudden and respawns are fast. Youll die a lot, but youll learn something every time. Meet peculiar characters and climb through a personal story of breaking through your self-doubt to find yourself, set in the present-day Pacific Northwest. Uncover the mystery of the mountains power and outrun your reflection on your journey to reach the top.",51.34,11.04,2010s,1,excellent,universal_acclaim
288,4573,PAYDAY The Heist,2011-10-18,2011.0,Action|Shooter,Crime,Realistic,3D,Single & Multiplayer,1,Controller & Keyboard/Mouse,OVERKILL Software|Daybreak Games Company,Sony Interactive Entertainment|Daybreak Game Company,PC|PlayStation 3,2.0,AO — Adults Only (18+),3.34,76.0,777.0,783.0,6071.0,4.0,97.0,3.0,5008,296,11,525,43,188,Singleplayer|Steam Achievements|Multiplayer|Steam Cloud|steam-trading-cards|Great Soundtrack|RPG|Co-op|cooperative|First-Person|FPS|Online Co-Op|Difficult|Stealth|Tactical|stats|Team-Based|Crime|Heist,PlayStation Store|Steam,https://media.rawg.io/media/games/546/546cf59a24b0ae308e311a07611ca22f.jpg,http://www.PAYDAY-TheHeist.com,payday-the-heist,"PAYDAY The Heist is a dynamic co-op shooter that allows players to assume the role of a bank robber and to try on the criminal life from the first-person view. This game is the first part of the PAYDAY series and the beginning of the story of four outlaws Dallas, Hoxton, Chains and Wolf. The gameplay is about completing 6 different heists throughout America alone (with bots) or in a team (up to 4 members). Each robbery could be carried out in two separate ways: players should decide whether stealth or a breakthrough attack is more suitable and prepare all the ammunition properly in advance. The squad of criminals searching for another big score is set up against easy-to-manipulate civilians and powerful police forces, so players are to try their best to prevent the alarm signals and not to face armed resistance. However, if the heavy combat begins, the best option will be to keep shooting countless enemies down till the money is in the bag and the heist is over.",41.71,3.04,2010s,1,average,generally_favorable
289,4094,Metal Gear Rising: Revengeance,2013-02-19,2013.0,Action,Sci-Fi,Realistic,3D,Singleplayer,0,Controller,Platinum Games,Konami,PlayStation 3|Xbox 360|PC|Android|Xbox One,5.0,M — Mature (17+),4.25,83.0,1235.0,1248.0,6041.0,6.0,116.0,14.0,3975,1147,59,299,224,337,Singleplayer|Steam Achievements|Full controller support|Steam Cloud|Great Soundtrack|Story Rich|Third Person|Sci-fi|Gore|Difficult|Stealth|Hack and Slash|Replay Value|Fast-Paced|Cyberpunk|Beat em up|Ninja|Mechs|Character Action Game|Swordplay|Spectacle fighter,GOG|Xbox Store|PlayStation Store|Steam|Xbox 360 Store|Google Play,https://media.rawg.io/media/games/8e6/8e699e91cf77c2060b6d515e2135b1b1.jpg,https://www.konami.com/mg/archive/mgr/,metal-gear-rising-revengeance,"After the events of the uprising took four years. Naomi Hunter creates the FOXAVILE computer virus that destroys the system of ""Sons of the Patriots"", thereby putting an end to the military economy, what turned the war into a profitable business. PMSC (Private Military Security Companies) began to protect essential people and act as peacekeepers. You play as Raiden, a katana-wielding cyborg who is forced to join the PMSC to protect his family. Most of the gameplay Raiden has to cut enemies and some objects with a mighty high-frequency sword. Along with the standard attacks available ""Free sword mode"" that allows you to control the assault. In the open mode, attacks are more powerful, but the range of their impact is lower. For the elimination of enemies in Free mode are given points that allow you to restore health and the scale of the free sword with the help of fluids that are in the spine of dead cyborgs. Being undetected, you can perform silent and quick kills on some enemies approaching from behind or from above. Available, at least, ten kinds of weapons and a few suits.",47.97,10.31,2010s,1,excellent,generally_favorable
290,2553,Ratchet & Clank,2016-04-12,2016.0,Action|Shooter|Adventure,Sci-Fi,Realistic,3D,Not Specified,0,Controller,Insomniac Games,Sony Interactive Entertainment,PlayStation 4,1.0,E10+ — Everyone 10+,4.05,85.0,1451.0,1470.0,6039.0,18.0,179.0,15.0,4075,1178,73,295,144,274,Action-Adventure|exclusive|true exclusive,PlayStation Store,https://media.rawg.io/media/games/d30/d30ef0c7dd4878161b1f781e297ae6a0.jpg,https://rawg.io/games/ratchet-clank,ratchet-clank,"A game about the adventures of Cosmic fennec Ratchet and his friend and ally, the robot Clank, whom Ratchet carries behind him in his satchel. Ratchet wants to be a space ranger, and he gets a chance to show that he deserves it. The missions look very serious, Ratchet himself is very serious - but this is a game, and one of its main features is humour and an elegant parody. The game corresponds to the canon of the genre, but always offers something that makes every mission and every decision fresh. For example, a mission in which it is necessary to steal weapons technology from an enemy planet - to execute it, you need to knock out as many brains as possible from giant flying octopuses. Why? Because these brains can exchange the necessary technology from one local scientist, who needs brains for the experiments, but the boss does not give it to him. The gameplay consists of destroying enemies in a variety of unexpected ways, with weapons of fourteen kinds, and among them a shotgun that turns enemies into pixel pictures and then crushes them into pixels. There are a lot of such finds in the game. In addition to shooting, there are chases and other things. And besides weapons - a lot of useful original devices.",48.17,11.72,2010s,0,excellent,generally_favorable
291,15426,Black Mesa,2020-03-06,2020.0,Action|Shooter|Indie,Horror,Realistic,3D,Single & Multiplayer,1,Controller,Crowbar Collective,Crowbar Collective,PC|Linux,2.0,Not Rated,4.34,86.0,1057.0,1073.0,6037.0,6.0,25.0,1.0,4072,887,95,237,339,407,Singleplayer|Multiplayer|Atmospheric|Great Soundtrack|Co-op|Story Rich|First-Person|Sci-fi|Partial Controller Support|Horror|FPS|Classic|Online multiplayer|Early Access|Cross-Platform Multiplayer|Zombies|Includes level editor|exclusive|Captions available|Aliens|true exclusive|Remake|Includes Source SDK|Mod,Steam,https://media.rawg.io/media/games/009/009e4e84975d6a60173ec1199db25aa3.jpg,http://www.blackmesagame.com,black-mesa,"Black Mesa is the original Half-Life as if it was made in the 21st century using modern graphics and updated mechanics. This remake of the classic game was envisioned by a group of enthusiasts, approved by Valve, and spent eight years in the making. The name, Black Mesa, refers to the secret research facility where the game is set. The player assumes the role of Gordon Freeman, a scientist caught in the midst of an experiment gone wrong. An anomaly breaks out, and hordes of monsters invade Black Mesa. While Black Mesa and Half-Life are basically the same game, there are many subtle changes besides the improved graphics. The amount of ammo has changed, as well as the order in which the weapons appear in the game. The iconic crowbar is found in a different place. There are also new options like zooming in and out and reprogramming gun turrets. Some of the levels were shortened, and some of the monsters became stronger. NPCs became more intelligent, and they will perform certain actions to aid Gordon. Design of the characters also became more varied, and women finally appeared in the game. Black Mesa also introduced an achievement system and a multiplayer mode.",48.43,7.91,2020s,1,excellent,generally_favorable
292,14512,Age of Wonders III,2014-03-31,2014.0,RPG|Strategy,Fantasy,Stylized,3D,Single & Multiplayer,1,Keyboard / Mouse,Triumph Studios,Paradox Interactive|Triumph Studios,PC|macOS|Linux,3.0,Not Rated,2.91,80.0,444.0,445.0,6023.0,4.0,74.0,4.0,5293,50,12,177,47,444,Singleplayer|Steam Achievements|Multiplayer|Steam Cloud|Atmospheric|steam-trading-cards|Great Soundtrack|RPG|Co-op|cooperative|Fantasy|Classic|Female Protagonist|Split Screen|Tactical|Steam Workshop|Cross-Platform Multiplayer|Includes level editor|Moddable|Turn-Based|Turn-Based Strategy|Grand Strategy|4X|Hex Grid,Steam|GOG,https://media.rawg.io/media/games/f95/f95ec06eddda5c5bf206618c49cd3e68.jpg,http://ageofwonders.com,age-of-wonders-iii,"Age of Wonders 3 is a turn-based strategy game developed by Triumph Studios. It is the fourth title in the Age of Wonders game series. ###Story Age of Wonders 3 is a fantasy game. It tells the story of a conflict between the Commonwealth Empire and the alliance of dark and forest elves. While the Commonwealth desires to take over the world and push all the old customs and traditions aside, elves fight to prevent such a thing from ever happening. Elves gather all the oppressed races and nations together to take the fight back to humans. ###Gameplay Age of Wonders 3 gameplay is based around a 4X principle, which focuses on exploration, expansion, exploitation, and extermination. The players slowly build up their empire from the ground up. Multiple ways of achieving that are available, such as diplomacy, colonization, or plain old simple war. At the beginning of the game, the players choose and customize the character they will play as. This character becomes a leader of a specific nation in the game. Six races are available. The races have their own perks, which must be carefully chosen to suit the players play style. The leader and empire perk trees are present in the game. As the players build up their empire, new units and buildings become available. There are 6 leader classes available for the players. Leaders can gain experience and level themselves up. The game also features a karma system, which influences the way the players are seen by their people.",39.77,0.95,2010s,1,below_average,generally_favorable
293,3631,inFAMOUS Second Son,2014-03-21,2014.0,Action,Adventure,Realistic,3D,Not Specified,0,Controller,Sucker Punch Productions,Sony Computer Entertainment,PlayStation 4,1.0,T — Teen (13+),3.91,80.0,1634.0,1648.0,5996.0,3.0,228.0,2.0,3778,1515,60,248,182,213,exclusive|true exclusive,PlayStation Store,https://media.rawg.io/media/games/be2/be239d5eb4d0bf02bf722aff51e694ad.jpg,https://www.suckerpunch.com/category/games/second-son/,infamous-second-son,"Action adventure game inFAMOUS: Second Son is a spin-off to the original inFAMOUS series. Players take control of Delsin Rowe from the third-person perspective in the open-world environment. The story takes place in Seattle 7 years after Cole McGraths sacrifice and the annihilation of The Beast (the ending of inFAMOUS 2). The protagonist is a 24-year-old local from the Akomish reservation. He has a Conduits superpower that gives him the control of different materials. Delsin also has an extraordinary parkour skill that allows him to climb vertical surfaces. Having supernatural power, Delsin is set up against mutant hunters from Department of Unified Protection (D.U.P.) As the story progresses, Delsin comes across new Conduits and acquire new special abilities spending Blast Shards scattered throughout the map of Seattle. While completing Delsins story players are able to choose whether they want to follow the good branch (healing civilians and stopping unnecessary violence) or the evil branch (murdering innocents and redundant enemies).",47.05,13.51,2010s,0,good,generally_favorable
294,9966,Dead by Daylight,2016-06-14,2016.0,Action,Horror,Realistic,3D,Multiplayer,1,Controller,Behaviour Interactive|Behaviour Digital,Koch Media|Behaviour Interactive|Starbreeze Studios,Nintendo Switch|PC|PlayStation 4|Xbox One|PlayStation 5,5.0,M — Mature (17+),3.49,72.0,977.0,990.0,5978.0,10.0,857.0,0.0,4605,194,214,667,68,230,Steam Achievements|Multiplayer|Steam Cloud|Atmospheric|steam-trading-cards|Co-op|First-Person|Third Person|Partial Controller Support|Horror|Online Co-Op|Gore|Difficult|Survival|Comedy|Violent|Stealth|Survival Horror|Mature|Team-Based|online|Blood|character|console|offline|work|death|escape|sacrifice,Epic Games|Google Play|App Store|Steam|Xbox Store|PlayStation Store|Nintendo Store,https://media.rawg.io/media/games/e11/e11325e2f89151d31f612e38dee3b6a0.jpg,http://www.deadbydaylight.com,dead-by-daylight,"This asymmetric multiplayer horror game in which one of the players tries on the role of a brutal killer, while the other four try to escape. Survivors play with a third person perspective, and the killer uses the first-person camera. The game has no singleplayer. Players can choose from 13 survivors and 12 killers. Each of them differs from each other with own upgrades system and special actions. There is no need to be polite and cooperative - every player for himself. Each level is procedurally generated, and each new round is offering a unique experience. The game engine selects from 10 presets, The plot of the game tells a story about the supernatural being of The Entity, who created the world and populated it with serial killers. To save players have to perform a number of tasks, which include the repair of generators and other interactions with the items on the map. All actions with objects launch the so-called Skill Check - RNG that decides whether or not the action will be successful.",41.9,4.83,2010s,1,average,mixed
295,18614,Half-Life: Source,2004-06-01,2004.0,Action,Horror,Realistic,3D,Single & Multiplayer,1,Keyboard / Mouse,Valve Software,Valve,Linux|PC|macOS,3.0,M — Mature (17+),3.71,79.9,548.0,552.0,5978.0,1.0,0.0,0.0,5084,435,4,152,26,277,Singleplayer|Multiplayer|Atmospheric|Great Soundtrack|Co-op|Story Rich|First-Person|Sci-fi|Horror|FPS|Classic|Zombies|Moddable|Aliens|Remake|1990s|Silent Protagonist,Steam,https://media.rawg.io/media/games/d54/d54f0267a042f44c032d8ca264584ecf.jpg,https://rawg.io/games/half-life-source,half-life-source,"Half-life: Source is a reissue of the 1998 Half-Life game based on a more modern ""Source"" game engine with many innovations in graphics performance and gameplay. The games plot is entirely consistent with the plot of the original Half-Life and tells us the story of the research centre ""Black Mesa"", which is located in the USA, New Mexico. You play as a young researcher Gordon Freeman, who works in the laboratory of unusual materials. In case of having a low level of tolerance, the scientist does not know the risks posed by the work to be undertaken. One morning Gordon was sent to a test chamber to perform a standard analysis of the crystal. The consequences of the experiment, however, are catastrophic. A distinctive feature of the Half-Life gameplay is the continuous interaction of the player with the environment. For example, the player can move the box to the desired height. On the base of interactivity were built a lot of puzzles that may require the players ingenuity.",43.16,3.72,2000s,1,good,generally_favorable
296,2597,LEGO The Lord of the Rings,2012-10-30,2012.0,Action|Adventure,Fantasy,Realistic,3D,Single & Multiplayer,1,Controller,Warner Bros. Interactive|Travellers Tales,Warner Bros. Interactive,PC|iOS|Nintendo DS|PlayStation 3|Nintendo 3DS|Xbox 360|Wii|PS Vita|Android,9.0,E10+ — Everyone 10+,3.55,80.0,614.0,618.0,5972.0,2.0,118.0,14.0,4863,393,32,202,82,400,Singleplayer|Steam Achievements|Multiplayer|Full controller support|Steam Cloud|Co-op|Open World|cooperative|Third Person|Fantasy|Funny|Comedy|Split Screen|Local Co-Op|Controller|Local Multiplayer|Family Friendly|3D Vision|LEGO,GOG|App Store|Xbox 360 Store|Steam|Nintendo Store|Google Play,https://media.rawg.io/media/games/89a/89a700d3c6a76bd0610ca89ccd20da54.jpg,http://www.thelordoftherings.lego.com,lego-lord-of-the-rings,"LEGO The Lord of Rings is an adventure game that reimagines the events of the Lord of the Rings film trilogy with humor and Lego style. The game doesnt follow the plot of the saga directly but features all the characters, major events and voice acting from it. There are 80 playable characters in the games, including Frodo Baggins, Legolas and other heroes, even not mentioned in the movies. Each of them has unique abilities and their own inventory. You can also create your own character. You play as a part of the party that needs to destroy the Ring. Besides the story mode, there is a free roam mode where you can explore the open world of the game switching between two characters. The game keeps the balance between environmental puzzles based on LEGO mechanics, QTE-fights and exploration. Different actions are more suitable for different characters. The game features multiple collectibles, side quests and unlockable heroes.",42.71,3.78,2010s,1,good,generally_favorable
297,4123,Batman: Arkham Asylum,2009-08-25,2009.0,Action,Fantasy,Realistic,3D,Not Specified,0,Controller & Keyboard/Mouse,Rocksteady Studios,Square Enix|Feral Interactive|Eidos Interactive,Nintendo Switch|macOS|PC|PlayStation 4|PlayStation 3|Xbox 360|Xbox One,7.0,T — Teen (13+),4.4,91.0,2293.0,2320.0,5964.0,13.0,130.0,31.0,2651,2500,53,268,201,291,Exploration|Stealth|puzzles|hero|island,Nintendo Store|App Store|PlayStation Store|Xbox 360 Store,https://media.rawg.io/media/games/d56/d564ee964eb3c17892b3b35dd607f836.jpg,http://www.batmanarkhamasylum.com,batman-arkham-asylum,"Batman: Arkham Asylum as an action-adventure game developed by Rocksteady Studios. It is the first installment in the Batman: Arkham series which is based on Batman comic series. Batman successfully captures Joker and transports him to the Arkham Asylum on the Arkham Island. Batman suspects Joker of surrendering intentionally hence why the hero decides to escort Joker personally. Joker breaks away from the security frees all the inmates and captures the asylum. Batman sets out to restore order in Arkham Asylum. Played from a third-person perspective, the gameplay of Batman: Arkham Asylum can be divided into three types: world exploration, stealth and beat em up. Batman explores the asylum while solving puzzles and using his wide range of gadgets. If Batman is spotted, the game turns into a beat em up featuring fast hand-to-hand combat. Batman himself does not use any weapons due to his moral choices while the enemies grow stronger and begin using different weaponry as the game progresses. In some cases, while confronting a group of enemies, it is suggested that Batmans actions should not be spotted and the game turns into a stealth action.",52.99,22.38,2000s,1,excellent,universal_acclaim
298,30899,Mafia: The City of Lost Heaven,2002-08-28,2002.0,Action,Crime,Realistic,3D,Singleplayer,0,Controller & Keyboard/Mouse,Illusion Softworks,2K Games|1C Company|Take Two Interactive|Gathering of Developers,PlayStation 2|PC|Xbox,3.0,M — Mature (17+),4.35,88.0,1290.0,1302.0,5960.0,2.0,0.0,6.0,4214,1192,14,245,125,170,Singleplayer|Story Rich|Open World|Third Person|Classic|Violent|Action-Adventure|mafia|1930s|30s,GOG|Steam,https://media.rawg.io/media/games/74c/74ca0ec569682a150f3c6f9f661fb6a5.jpg,http://www.mafia-game.com,mafia-the-city-of-lost-heaven,"Its 1930. After an inadvertent brush with the mafia, cabdriver Tommy Angelo is reluctantly thrust into the world of organized crime. Initially, he is uneasy about falling in with the Salieri family, but soon the rewards become too big to ignore. As he rises through the ranks, the paydays keep getting bigger, but the jobs get even dirtier. Tommy may ultimately earn the respect of the Salieris, but becoming a Made Man will leave him more conflicted than ever with the new life he has chosen.Experience New HeavenExplore more than 12 square miles of New Heaven, a quintessential 1930s American city based on historic Depression-era architecture and culture.Authentic Story and Action-packed GameplayPlay more than 20 thrilling missions inspired by events from the 1930s. Rise through the ranks of the Salieri family from foot-soldier to Made Man, taking on mob hits, car chases, bootlegging, shootouts, bank robberies and more.Era-inspired Vehicles and WeaponsAs a daring getaway driver, get behind the wheel of more than 60 historically-inspired cars featuring realistic physics and real-time damage. Complete those grittier jobs with more than a dozen weapons at your disposal. Choose from baseball bats, sawed-off shotguns, magnums and the renowned Tommy gun to deal with any wise guy who dares to cross you. Note: This rerelease of Mafia has an edited soundtrack and does not include any licensed music.",49.38,10.16,2000s,1,excellent,generally_favorable
299,42895,Assassins Creed Syndicate,2015-10-23,2015.0,Action,Historical,Realistic,3D,Single & Multiplayer,1,Controller,Ubisoft Montreal|Ubisoft Quebec|Ubisoft Singapore,Ubisoft Entertainment,PC|Xbox One|PlayStation 4,3.0,M — Mature (17+),3.66,74.0,1500.0,1519.0,5946.0,22.0,367.0,21.0,3269,1402,86,470,268,451,Singleplayer|Multiplayer|Atmospheric|Great Soundtrack|Co-op|Story Rich|Open World|cooperative|Third Person|Partial Controller Support|Funny|Gore|Female Protagonist|Stealth|Historical|Parkour|Steampunk|Assassin|Illuminati,PlayStation Store|Epic Games|Steam|Xbox Store,https://media.rawg.io/media/games/9f1/9f189c639f70f91166df415811a8b525.jpg,http://assassinscreed.ubi.com,assassins-creed-syndicate-2,"In 2015, the characters Shaun and Rebecca penetrate into one of the offices of ""Abstergo industries"", which is located in London, where they install bugs. There they find information that Abstergo looks through the life of British Assassins Jacob and Evie Frye, hoping to find a Piece of Eden hidden in London. In the centre of the story of the past are the twin assassins Jacob and Evie Frye. They go to London to put their orders there and at the same time to find a Piece of Eden. However, a more exciting innovation in the mechanics of Syndicate was the harpoon. It is actively used during a secretive passage - harpoon allows you to change position and save time instantly. Another important aspect of the game is the gang. You can spend money and resources not only on yourself but also on your allies. By investing in the development of Rooks, you will help them to sabotage the Gallows. Outside the story, the campaign begins classic Assassins Creed: towers, the liberation of territories and a lot of third-party jobs.",44.38,14.61,2010s,1,good,mixed
300,2115,Overcooked,2016-08-01,2016.0,Simulation|Arcade|Casual|Indie,Comedy,Stylized,2D / 3D,Single & Multiplayer,1,Controller,Team17 Digital|Ghost Town Games,Team17 Digital,PlayStation 4|Nintendo Switch|Xbox One|PC,4.0,E — Everyone (3+),4.07,81.0,1344.0,1354.0,5931.0,4.0,41.0,2.0,4117,668,152,620,78,296,Singleplayer|Steam Achievements|Multiplayer|Full controller support|Steam Cloud|steam-trading-cards|Great Soundtrack|Co-op|cooperative|Funny|Difficult|Split Screen|Local Co-Op|Local Multiplayer|Family Friendly|Colorful|Memes|4 Player Local|Co-op Campaign,PlayStation Store|Xbox Store|Steam|Epic Games,https://media.rawg.io/media/games/270/270b412b66688081497b3d70c100b208.jpg,http://www.ghosttowngames.com/overcooked,overcooked,"Overcooked puts the player into the shoes of two restaurant chefs at once. Each level is a kitchen, and your goal is to cook a list of meals following the onscreen recipes. The time is limited, and there are restrictions on how much money the player can spend on the ingredients. The player controls two characters that can be switched at any time or ordered to do a list of actions. The kitchens are often set in the oddball places, such as a pirate ship, two speeding trucks, a pedestrian crosswalk, or an iceberg. The level elements are dynamic and may move or change during the gameplay. Tables and ovens can slide, and the cooks can fall off the level, though they will respawn shortly. Theres a story mode in which cooking is tied to the plot. The game is set in the Onion Kingdom that was attacked by an insatiable spaghetti monster. The chefs travel back in time to refine their cooking skills and feed the monster when it appears again. Since even in the single mode the player has to control two cooks, the game predictably has a co-op multiplayer and a competitive mode in which the players try to outcook each other. Both modes, however, are local, and theres no online multiplayer.",46.96,6.07,2010s,1,excellent,generally_favorable
301,9671,Rust,2018-02-09,2018.0,Action|Shooter|RPG|Massively Multiplayer|Indie,Horror,Realistic,3D,Multiplayer,1,Controller & Keyboard/Mouse,Facepunch Studios,Facepunch Studios,PlayStation 4|Xbox One|PC|macOS|Linux,5.0,M — Mature (17+),3.37,66.0,854.0,860.0,5929.0,15.0,115.0,0.0,4761,176,60,687,85,160,Multiplayer|Co-op|Open World|cooperative|First-Person|FPS|Online Co-Op|Sandbox|Survival|Early Access|Steam Workshop|PvP|Cross-Platform Multiplayer|Nudity|In-App Purchases|Survival Horror|Post-apocalyptic|Crafting|Building|Valve Anti-Cheat enabled|mmo,Steam,https://media.rawg.io/media/games/447/4470c1e76f01acfaf5af9c207d1c1c92.jpg,https://rust.facepunch.com/,rust,"To survive is the main task in the game Rust. It is necessary to survive in the area, which is now wholly wild but was recently inhabited. At the beginning of the game, there is only a rock and a torch. The rest will have to be found or stolen. Bears and wolves roam the terrain, there are diseases and radiation in the game, but the main danger comes from other survivors. The game has only a multiplayer mode. We have to engage in skirmishes and hand-to-hand fighting with them. Players can not only compete, but also unite. Rare minutes of peace and security worth devoting to construction, equipment and strengthen the shelter, the base. Sometimes some helicopters shoot everyone on the ground. Fortunately, helicopters can be brought down. Weapons can be found, collected and improved. Sophisticated and more effective weapons sometimes cannot be assembled independently, you need to use drawings and find rare details, sometimes leaving very far. Sometimes planes drop from the sky ""parcels"" with various useful staff. The falling parcel is visible from afar, the path to its fall can be long. The package can be noticed by others. A long road can be facilitated by a vehicle. For example, a boat.",39.79,3.03,2010s,1,average,mixed
302,58550,Ghost of Tsushima,2020-07-17,2020.0,Action|Adventure|RPG,Historical,Realistic,3D,Singleplayer,0,Controller & Keyboard/Mouse,Sucker Punch Productions,Sony Interactive Entertainment,PlayStation 4|PC|PlayStation 5,3.0,M — Mature (17+),4.41,83.0,1074.0,1107.0,5894.0,3.0,368.0,1.0,3027,977,186,143,1180,381,Singleplayer|Atmospheric|RPG|Open World|Third Person|Action-Adventure|exclusive|japanese,Steam|PlayStation Store,https://media.rawg.io/media/games/f24/f2493ea338fe7bd3c7d73750a85a0959.jpeg,https://www.suckerpunch.com/category/games/ghost-of-tsushima/,ghost-of-tsushima,"The year is 1274. Samurai warriors are the legendary defenders of Japan--until the fearsome Mongol Empire invades the island of Tsushima, wreaking havoc and conquering the local population. As one of the last surviving samurai, you rise from the ashes to fight back. But, honorable tactics wont lead you to victory. You must move beyond your samurai traditions to forge a new way of fighting--the way of the Ghost--as you wage an unconventional war for the freedom of Japan.",47.9,9.56,2020s,1,excellent,generally_favorable
303,28152,STAR WARS Battlefront II,2017-11-17,2017.0,Action|Shooter|Adventure,Sci-Fi,Realistic,3D,Single & Multiplayer,1,Controller & Keyboard/Mouse,Electronic Arts DICE,Electronic Arts,PlayStation 4|PC|Xbox One,3.0,T — Teen (13+),3.58,74.0,1355.0,1369.0,5887.0,4.0,92.0,5.0,3984,756,158,649,127,213,Singleplayer|Steam Achievements|Multiplayer|Co-op|cooperative|First-Person|Third Person|Sci-fi|FPS|Online Co-Op|Tactical|Third-Person Shooter|PvP|Space|Character Customization|combat|Aliens|Online PvP|Steam Trading Cards|Star Wars|Vehicular Combat,Epic Games|Steam|PlayStation Store|Xbox Store,https://media.rawg.io/media/games/f54/f54e9fb2f4aac37810ea1a69a3e4480a.jpg,https://www.ea.com/games/starwars/battlefront/star-wars-battlefront-2,star-wars-battlefront-2,"Despite its name, Star Wars Battlefront II is the seventh game in the Battlefront series of action games. It is a direct sequel to the 2015 Star Wars Battlefront that became the seriess reboot. ###Story mode The game is set in the Star Wars universe during and after the fall of the Galactic Empire. Its story mode fills the gap between the original trilogy and Episode VII: The Force Awakens. In the story campaign mode, the player controls the Imperial Inferno Squad led by the games main protagonist, Iden Versio (who is voiced by Janina Gavankar). She and her special forces group participate in a variety of missions spanning almost 30 years. On certain levels, the player will also control other characters, including rebels. ###Arcade mode Besides the story mode, theres the Arcade mode that offers the players to take on the role of any Star Wars character from the said period, such as Darth Vader, Han Solo, Luke, Rey, Kylo Ren, among others. The player can choose the battle to participate in, the side to fight for, and the character, or even to customize the mission. ###Multiplayer The Arcade mode offers a local cooperative multiplayer. Besides that, there are nine online multiplayer modes that include traditional types like team deathmatch and capture the flag. Some of this modes, like Galactic Assault, support up to 40 players at once and allow the players to participate in a large-scale battle between the rebels and the Empire.",43.55,7.0,2010s,1,good,mixed
304,13247,Human: Fall Flat,2016-07-22,2016.0,Action|Indie|Puzzle,Comedy,Realistic,2D / 3D,Single & Multiplayer,1,Controller,505 Games|Curve Digital|No Brakes Games,505 Games|Curve Digital,Android|Linux|macOS|PC|iOS|PlayStation 4|Xbox One|Nintendo Switch,8.0,E — Everyone (3+),3.82,70.0,1014.0,1025.0,5884.0,5.0,639.0,0.0,4633,529,79,422,61,160,Singleplayer|Steam Achievements|Multiplayer|Full controller support|Steam Cloud|Co-op|Open World|cooperative|Funny|Sandbox|Survival|Split Screen|Local Co-Op|Local Multiplayer|stats|controller support|Physics|Memes|Puzzle-Platformer|3D Platformer|soft-body physics,GOG|Steam|PlayStation Store|Xbox Store|Nintendo Store|App Store|Google Play,https://media.rawg.io/media/games/74d/74dafeb9a442b87b9dd4a1d4a2faa37b.jpg,https://www.nobrakesgames.com/human/,human-fall-flat,"Human: Fall Flat is a low-poly adventure game with platforming elements and physics-based puzzles. You play as Bob, a fully customizable character that travels from one dream to another. Bob has neither no background nor superpowers. His abilities dont differ from yours: he can grab things, climb ledges and so on. Every level consists of multiple puzzles that can be solved in different ways. You can push and pull carts, break walls and interact with everything else comparable to your own size. The game heavily focuses on physics. Puzzles solutions are intuitive and make you act like in real life. In their core levels are quite linear: you need to reach the door at another side of the location to get into the next dream. While at the first levels you need to find exits from tiny rooms, the further you go, the larger locations become. There is a lot of content in the game in general, and it clearly references the sandbox genre where you can do almost everything you want.",42.75,6.69,2010s,1,good,mixed
305,13913,Deus Ex: Game of the Year Edition,2000-06-22,2000.0,Action|Shooter|RPG,Horror,Realistic,3D,Single & Multiplayer,1,Controller & Keyboard/Mouse,Ion Storm,Square Enix,macOS|PlayStation 2|PlayStation 3|PC,4.0,M — Mature (17+),4.12,90.0,567.0,567.0,5883.0,1.0,0.0,0.0,4790,331,30,193,109,430,Singleplayer|Multiplayer|Atmospheric|Great Soundtrack|RPG|Story Rich|First-Person|Sci-fi|FPS|Classic|Stealth|Action RPG|Moddable|Cyberpunk|Dystopian|Cult Classic|Immersive Sim|Conspiracy|Inventory Management,GOG|Steam,https://media.rawg.io/media/screenshots/67e/67e5be6ad7a555248f50bd367e9a071c.jpg,https://rawg.io/games/deus-ex-game-of-the-year-edition,deus-ex-game-of-the-year-edition,"The year is 2052 and the world is a dangerous and chaotic place. Terrorists operate openly - killing thousands drugs, disease and pollution kill even more. The worlds economies are close to collapse and the gap between the insanely wealthy and the desperately poor grows ever wider. Worst of all, an ages old conspiracy bent on world domination has decided that the time is right to emerge from the shadows and take control. Key Features: Real role-playing from an immersive 3D, first-person perspective. The game includes action, character interaction and problem solving. Realistic, recognizable locations. Many of the locations are built from actual blueprints of real places set in a near future scenario. A game filled with people rather than monsters. This creates empathy with the game characters and enhances the realism of the game world. Rich character development systems: Skills, augmentations, weapon and item selections and multiple solutions to problems ensure that no two players will end the game with similar characters. Multiple solutions to problems and character development choices ensure a varied game experience. Talk, fight or use skills to get past obstacles as the game adapts itself to your style of play. Strong storyline: Built on ""real"" conspiracy theories, current events and expected advancements in technology. If its in the game, someone, somewhere believes",46.7,2.89,2000s,1,excellent,universal_acclaim
306,17857,S.T.A.L.K.E.R.: Shadow of Chernobyl,2007-03-19,2007.0,Action|Shooter|Adventure|RPG,Horror,Realistic,3D,Single & Multiplayer,1,Controller & Keyboard/Mouse,GSC Game World,GSC Game World,Xbox Series S/X|PC|Xbox One|Nintendo Switch|PlayStation 4,5.0,AO — Adults Only (18+),4.28,82.0,1316.0,1327.0,5875.0,3.0,0.0,3.0,3764,1312,50,353,128,268,Singleplayer|Multiplayer|Atmospheric|RPG|Open World|First-Person|Sci-fi|Horror|FPS|Difficult|Classic|Sandbox|Survival|Moddable|Survival Horror|Post-apocalyptic|Based On A Novel|Inventory Management,Nintendo Store|Xbox Store|PlayStation Store|Steam|GOG,https://media.rawg.io/media/games/348/348640e78a7fcd4bb7dcad4fea014eeb.jpg,http://www.stalker-game.com/,stalker-shadow-of-chernobyl,"This post-apocalyptic game that spawned the S.T.A.L.K.E.R. franchise is inspired by (but not really based on) the Roadside Picnic novel by brothers Strugatsky and Tarkovskys movie Stalker, borrowing some of the terms and aesthetics from both. S.T.A.L.K.E.R.: Shadow of Chernobyl is set in Ukraine, in the infamous Chernobyl Exclusion Zone. Several parts of the open-world setting were modeled after the real Chernobyl surroundings, including the power plant and the city of Pripyat, although designers took some liberties. The bleak environment and dark ambient music help to create an unsettling atmosphere of this place. According to the backstory, in 2006, the second Chernobyl disaster occurred, turning the surrounding area into post-apocalyptic ruins, full of grotesque mutants and time-space anomalies. The ""stalkers"" in this world are the explorers who wander The Zone in search of valuable loot. You play as the Marked One, a stalker who lost his memory. All that remains of his past is a memo that says Kill Strelok. The Marked One will have to learn more about himself, Strelok, The Zone, and its mysteries. The plot is non-linear, and there are multiple endings that depend on the quests you completed earlier.",47.82,11.41,2000s,1,excellent,generally_favorable
307,46956,Doki Doki Literature Club!,2017-09-22,2017.0,Adventure|Indie,Horror,Anime,3D,Singleplayer,0,Keyboard / Mouse,Team Salvato,Team Salvato,Linux|PC|macOS,3.0,Not Rated,4.06,78.0,1277.0,1306.0,5838.0,3.0,0.0,0.0,3770,1439,41,203,84,301,Singleplayer|Horror|Free to Play|Anime|Cute|Visual Novel|Romance|Dating Sim,Steam|itch.io,https://media.rawg.io/media/games/972/972aea3c9eb253e893947bec2d2cfbb9.jpg,http://ddlc.moe,doki-doki-literature-club,"Doki Doki Literature Club puts you into the role of an anime character, an average Japanese schoolboy. Your protagonist joins a literature club in which hes the only male member. The remaining four girls Monica, Sayori, Natsuki, and Yuri compete for the boys attention. Each girl represents a certain anime character stereotype, such as tsundere, genki or kudere. As you get to know them closer, however, they turn out to have individual character traits on their own. Eventually, you will choose one of the girls to romance with and follow her personal storyline. The gameplay is based on interactions with the other characters and carefully choosing dialogue options. You will also perform tasks as a club member. The latter includes ""writing"" poetry, although the player actually only gets to select certain words to fill the blanks. The plot and dialogue are front and center in this game. The visuals and soundtrack, however, are static and minimalistic: the music is looped, and characters have a very limited number of sprites in each scene. Theres no voice acting, and you only interact with characters through text.",45.96,12.57,2010s,1,excellent,generally_favorable
308,50778,A Way Out,2018-03-23,2018.0,Action|Adventure,Crime,Realistic,3D,Multiplayer,1,Controller,Electronic Arts|Hazelight,Electronic Arts,PC|Xbox One|PlayStation 4,3.0,M — Mature (17+),4.12,78.0,1581.0,1622.0,5837.0,6.0,41.0,0.0,3159,1729,79,190,444,236,Steam Achievements|Multiplayer|Full controller support|Atmospheric|Co-op|Story Rich|cooperative|Third Person|Online Co-Op|Violent|Stealth|Split Screen|Local Co-Op|Action-Adventure|Nudity|Cinematic|Sexual Content|Crime|Steam Trading Cards|Emotional|Remote Play Together|Shared/Split Screen Co-op|Remote Play on TV|Remote Play on Tablet|Conversation|Remote Play on Phone|prison|ea play,Steam|PlayStation Store|Xbox Store,https://media.rawg.io/media/games/473/473bd9a5e9522629d6cb28b701fb836a.jpg,https://www.ea.com/games/a-way-out,a-way-out-2018,"This action-adventure game released under the auspices of EA Originals Electronic Arts initiative. The game can not be played alone: there is simply no singleplayer. The available options are either to play the game on one device using split-screen or using the online multiplayer. You do not need to buy two games to play with somebody: when buying a friend, you can give the code for downloading a full version of the game, which, however, will be active only if you pass it together. The story tells of two prisoners who were together in one prison in the US at the beginning of the 70s. To avoid the dangers of prison, they decide to flee. A Way Out is a third-person adventure game in which the story is told simultaneously for two characters. Since they develop asynchronously, there are often situations where one of the players loses the control over the character because of the story cutscene, and the other can safely move around the prison. Roles are not fixed and can change during the playthrough.",47.05,15.41,2010s,1,excellent,generally_favorable
309,3209,Until Dawn,2015-08-25,2015.0,Action|Adventure,Horror,Realistic,3D,Not Specified,0,Controller,Supermassive Games,Sony Computer Entertainment,PlayStation 4|PlayStation 3,2.0,M — Mature (17+),4.1,79.0,1725.0,1750.0,5831.0,14.0,7.0,0.0,3446,1688,51,181,206,259,Horror|exclusive,PlayStation Store,https://media.rawg.io/media/games/d64/d6443375f9971152866ea76bff97d6d6.jpg,http://www.supermassivegames.com/index.php/games/until-dawn,until-dawn,"Ten young people spend time in a cottage on a mountain. Around the cottage, there is a forest and something supernatural. First, they joke with each other, then unknown and deadly participants appear in the game. Some people will die in any case, the lives of others will depend on the player. There will also be helpers - one of them will tell you that the mountain is inhabited by Wendigo - supernatural beings who were once human beings, but after eating peoples flesh they became obsessed with evil spirits and turned into bloodthirsty monsters. Wendigo will be settled in some of the dead characters - and they will come to life and will get superpowers that help win even the Wendigo. The plot is ramified so that you will have to go through the game several times to familiarise with all the options. The player has to make decisions quickly, conduct investigations, collect and take into account numerous clues. Actually, this is the gameplay.",47.56,15.64,2010s,1,excellent,generally_favorable
310,14962,Dark Souls: Prepare To Die Edition,2012-08-23,2012.0,Action|RPG,Horror,Realistic,3D,Single & Multiplayer,1,Controller,FromSoftware,Bandai Namco Entertainment,Xbox 360|PlayStation 3|PC,3.0,M — Mature (17+),4.37,85.0,1246.0,1252.0,5821.0,14.0,41.0,0.0,4219,928,55,337,99,183,Singleplayer|Steam Achievements|Multiplayer|Atmospheric|Great Soundtrack|RPG|Story Rich|Open World|Third Person|Partial Controller Support|Fantasy|Difficult|Exploration|Action RPG|Dark|Character Customization|Replay Value|Dark Fantasy|Medieval|Lore-Rich,Steam,https://media.rawg.io/media/games/511/5116b4524cea34c6b3f12e0ca027d850.jpg,http://www.preparetodie.com/,dark-souls-prepare-to-die-edition,"Dark Souls: Prepare To Die Edition is an RPG set in the grim landscapes of Lordran, bringing the series for the first time on PCs. An open, seamless world, which spans from the top of the mountains to the lowest depths, offers players a new experience in the form of constant dangers and easily overpowering enemies. The main character of the game is the Chosen Undead, whose features and background are customizable by the player, following a steep path of fate, death, and life after death. The time is running short in the world, and only you can decide, will it hold fast or expire. The evergreen hills and the thick forests, the dark dungeons and the burning lakes of lava underneath the earth, all shall welcome the Chosen Undead with a deadly embrace. The outstanding soundtrack lets all the players immerse in the world of Dark Souls. The game features a well-crafted fighting system, with various weapons and armor, magical enchantments and handy tools to help the player on their journey. Another point of interest would be the multiplayer mode, allowing players to invade each others worlds, and fight to the death or cooperate and take on the strongest in-game bosses.",48.49,9.23,2010s,1,excellent,generally_favorable
311,18183,Company of Heroes,2006-09-11,2006.0,Strategy,Sci-Fi,Realistic,3D,Single & Multiplayer,1,Keyboard / Mouse,Feral Interactive|Relic Entertainment,SEGA|Feral Interactive,PC|iOS,2.0,Not Rated,3.68,93.0,565.0,571.0,5813.0,7.0,0.0,3.0,4890,323,13,239,59,289,Singleplayer|Multiplayer|Steam Cloud|steam-trading-cards|Co-op|cooperative|First-Person|FPS|Classic|Violent|Tactical|Steam Workshop|Moddable|War|Historical|Team-Based|RTS|Military|Base Building|World War II|Real-Time with Pause|Real-Time|Tanks,App Store|Steam,https://media.rawg.io/media/games/0fa/0fadc446fd1e9ae9e23a32793d9a5406.jpg,http://www.companyofheroesgame.com/,company-of-heroes,"Company of Heroes is an RTS game set during the WWII, featuring an extensive single-player campaign and various multiplayer modes. One of the fundamental differences from other strategies of the time is the dynamic environment and complete destruction of almost any object on the map. The game starts with the invasion of Normandy by the Allied forces and leads through Europe. The almost cinematic experience of every battle allows players to immerse in the darkest hours of humankind fully. The warfare itself in the game is exceptionally refined, featuring cover systems and different damage types, making players plan their movements, know their enemies and know themselves. However, not every battle is won by plans, and thus, reaction to the surroundings also plays a significant role. Company of Heroes successfully reimagined how WWII RTS should look like and play like, with its different squad compositions, various routes to be taken, and new challenges in the form of multiplayer battles with players who will try to outcompete you, outplay you and overrun your forces.",45.41,3.35,2000s,1,good,universal_acclaim
312,19569,Hitman: Blood Money,2006-05-29,2006.0,Action|Shooter,Crime,Realistic,3D,Singleplayer,0,Controller & Keyboard/Mouse,Square Enix|IO Interactive,Square Enix|Io-Interactive,Xbox 360|PlayStation 4|PC|PlayStation 2|PlayStation 3|Xbox,6.0,Not Rated,4.31,82.0,1034.0,1038.0,5812.0,2.0,80.0,9.0,4097,1008,26,286,109,286,Singleplayer|Atmospheric|Great Soundtrack|First-Person|Third Person|Difficult|Classic|Sandbox|Stealth|Third-Person Shooter|Dark|Replay Value|Crime|Assassin|Cult Classic,PlayStation Store|Steam|Xbox 360 Store|GOG,https://media.rawg.io/media/games/233/233cdc08cce0228f6f35222eca3bff92.jpg,http://www.hitman.com/,hitman-blood-money,"Money Talks. Silence Pays. Prepare to Make a Killing. When assassins from Agent 47s contract agency, The ICA, are eliminated in a series of hits, it seems a larger, more powerful agency has entered the fray. Sensing he may be a target, 47 travels to America, and prepares to make a killing.",47.04,9.06,2000s,1,excellent,generally_favorable
313,750,FINAL FANTASY XV,2016-11-29,2016.0,RPG,Sci-Fi,Stylized,3D,Not Specified,0,Controller & Keyboard/Mouse,Square Enix,Square Enix,PlayStation 4|PC|Xbox One,3.0,T — Teen (13+),3.87,82.0,1413.0,1430.0,5807.0,5.0,687.0,27.0,3477,1134,138,399,301,358,RPG|Fantasy|combat|Story|battle|friends|Tanks|night,PlayStation Store|Steam|Xbox Store,https://media.rawg.io/media/games/2ee/2eeed8524931b4fae1e4a40d0e5443b5.jpg,https://finalfantasyxv.square-enix-games.com/,final-fantasy-xv,"Final Fantasy XV is an action RPG developed by Square Enix and is not connected to the previous installments of the series. The story takes place in a world of Eos. Noctis Lucis Caelum, the heir of the Lucis Empire throne sets out on a quest with his comrades in order to recover a stolen magical gem the theft of which sparks a global conflict between all the nations in Eos. The combat system resembles the same one featured in Final Fantasy Type-0 but is heavily modified. There is no option to control any of the four main protagonists apart from Noctis himself, yet it is possible to command your teammates. It is possible for the players to use vehicles such as tanks or robots or summon beings that differ in rank based on their size. There are no battle-specific battle screens in FFXV. Magic is also present in the game. By consuming the power of natural elements from their sources, Noctis is able to cast spells. The Protagonists have the ability called Link Form which allows for contextual attacks. The main emphasis is put on the road trip with your friends. FFXV features a massive open world which can be freely explored. Dynamic day-night cycle and weather systems are also present.",46.33,12.09,2010s,1,good,generally_favorable
314,11312,The Long Dark,2014-09-22,2014.0,Action|Adventure|Simulation|Indie,Horror,Realistic,3D,Single & Multiplayer,1,Controller,Hinterland Studio,Hinterland Studio,PlayStation 4|Xbox One|Nintendo Switch|PC|macOS|Linux,6.0,T — Teen (13+),3.91,76.0,857.0,865.0,5782.0,5.0,233.0,1.0,4311,206,125,559,187,394,Singleplayer|Steam Achievements|Multiplayer|Full controller support|Steam Cloud|Atmospheric|steam-trading-cards|Open World|First-Person|Horror|Difficult|Exploration|Steam Leaderboards|Sandbox|Female Protagonist|Survival|Early Access|Survival Horror|Post-apocalyptic|Crafting|Walking Simulator|overlay|in development,PlayStation Store|Steam|GOG|Xbox Store|Epic Games,https://media.rawg.io/media/games/fd2/fd20a68d7ef195855588c937865dd0a7.jpg,http://www.hinterlandgames.com,the-long-dark,"The Long Dark is a game about surviving in the unforgiving conditions of frozen North Canadian taiga. The Arctic wilderness may be breathtakingly beautiful, thanks to the games artful visual style, but it is also deadly. Low temperatures, hungry animals like wolves and bears, and starvation can easily kill your character. To stay alive, he will need to learn how to light a campfire, find shelter, care about his wounds, hunt for food and protect himself in an unfriendly environment. Many necessary items in the game, including some of the weapons, need to be crafted out of the junk that you can find in the woods and in abandoned buildings. In the story mode, called Wintermute, you control a pilot, Will Mackenzie, who was hired by his ex-wife Astrid to deliver a mysterious cargo. Eventually, his plane crashed in the woods. Will is injured, and Astrid is missing, presumably lost somewhere in the wilderness. Your goal is to survive and to rescue your companion. Wintermute follows a linear plot and only allows you to explore a limited area. However, it is recommended to start with, since it serves as a sort of tutorial to the open-world sandbox mode. This is the most popular mode, in which you are not confined to the plot and can discover new areas.",43.69,2.84,2010s,1,good,generally_favorable
315,5193,Oddworld: Abes Oddysee,1997-09-19,1997.0,Action|Platformer,Sci-Fi,Realistic,2D,Single & Multiplayer,1,Controller,Sony Interactive Entertainment|Oddworld Inhabitants|Saffire|Digital Dialect,GT Interactive Software|Oddworld Inhabitants|SoftBank|PSN|SCE,PlayStation 5|PlayStation 4|PC|PlayStation,4.0,T — Teen (13+),3.53,85.0,561.0,563.0,5754.0,3.0,0.0,8.0,4800,217,10,233,75,419,Singleplayer|Multiplayer|Atmospheric|steam-trading-cards|2D|Fantasy|Funny|Difficult|Classic|Comedy|Dark|Retro|controller support|Cinematic|Puzzle-Platformer|Cult Classic,GOG|PlayStation Store|Steam,https://media.rawg.io/media/games/2ae/2aedae90b1377a0f3e5ce54d24f8e41a.jpg,http://www.oddworld.com/?p=68,oddworld-abes-oddysee,"Oddworld: Abes Oddysee is the first chapter of the Oddworld franchise. The game is set in the fictional Oddworld universe inhabited by extraterrestrials. The story follows Abe, a slave on the Mudokon meat factory, who suddenly realizes the perspective of being slaughtered in the near future with all of his fellow slaves. Players are offered to take control of Abe on his way to the liberation of the rest of enslaved Mudokons. The gameplay features classic platformers mechanics: all the action is divided into 2D levels that should be passed. In the course of the completion, Abe is going to solve puzzles, overcome obstacles and defeat (or dodge) enemies. Each players mistake from failing a grenade throw to falling from high ground will cause death and a restart of the level from the last checkpoint, which means difficulties. On the way through the Oddworld Abe can use his supernatural ability to telepathically influence Sligs (unplayable characters). However, their help is only available in safe areas, so the Mudokons rescue is though up to Abe.",43.09,2.13,1990s,1,good,generally_favorable
316,14016,Tropico 4,2011-08-24,2011.0,Strategy|Simulation,Fantasy,Realistic,2D / 3D,Singleplayer,0,Controller & Keyboard/Mouse,Feral Interactive|Haemimont Games,Kalypso Media,PC|Xbox 360|Xbox One|macOS,4.0,Not Rated,3.5,78.0,509.0,509.0,5743.0,4.0,129.0,5.0,4931,200,13,265,39,295,Singleplayer|Steam Achievements|Atmospheric|steam-trading-cards|Great Soundtrack|Funny|Sandbox|Comedy|Building|RTS|Management|Real-Time with Pause|Resource Management|Economy|City Builder|Political|Cold War|Politics|God Game|Capitalism,Xbox Store|Steam|GOG|Xbox 360 Store,https://media.rawg.io/media/games/d1e/d1e70ce3762efcfc170c6bd067d7e9e3.jpg,http://www.worldoftropico.com/,tropico-4,"Tropico 4 is a simulator/strategy game, where the player takes control of a small island nation as its president. The game is the fourth installment in the series, which have seen lots of changes throughout its existence. The game focuses on the well-being of your nations citizens, the political sphere around the country and the economics. The player will face various difficulties in guiding the country through one of the most challenging times of our world. Victory can be swift, but the consequences will always happen. The unique art style of the game, as well as the soundtrack and in-game humor, will provide an excellent experience for new and seasoned players alike. The different paths that can be taken in the game for successs sake will challenge the players to make the most exquisite decisions, and the overall goal of making all people happy is a challenge in itself. Juggling between different factions of people, dealing with disagreement, and sometimes foreign invasions and natural hazards.",41.41,2.43,2010s,1,good,generally_favorable
317,670682,Counter-Strike: Condition Zero Deleted Scenes,2004-03-23,2004.0,Shooter,General,Realistic,3D,Not Specified,0,Keyboard / Mouse,Valve Software|Turtle Rock Studios|Ritual Entertainment,Valve|Vivendi Universal Games,PC|macOS|Linux,3.0,M — Mature (17+),2.88,81.0,178.0,180.0,5742.0,1.0,0.0,0.0,5447,85,3,76,5,126,cs|counter-strke|condition zero,Steam,https://media.rawg.io/media/screenshots/9fd/9fd128fef547eb630182a1995b1edeb5.jpg,https://rawg.io/games/counter-strike-condition-zero-deleted-scenes,counter-strike-condition-zero-deleted-scenes,"Counter-Strike: Condition Zero Deleted Scenes (CS:CZ DS) is a bonus game, originally developed by Ritual Entertainment, included with Counter-Strike: Condition Zero making up a series of eighteen unconnected single-player missions which were cut from the main game.",38.6,0.82,2000s,1,below_average,generally_favorable
318,2518,Max Payne,2001-07-25,2001.0,Action|Shooter,Crime,Realistic,3D,Singleplayer,0,Controller & Keyboard/Mouse,Remedy Entertainment,Microsoft Studios|Feral Interactive|Rockstar Games|1C-SoftClub|3D Realms|MacSoft|Gathering of Developers,PC|PlayStation 3|Xbox|Classic Macintosh|PlayStation 2|Xbox 360|PlayStation 4,7.0,M — Mature (17+),4.45,89.0,1994.0,2015.0,5739.0,2.0,27.0,2.0,2883,2087,34,297,211,227,Singleplayer|Classic|Third-Person Shooter|Noir|first person mod,PlayStation Store|Steam|Xbox 360 Store,https://media.rawg.io/media/games/2f5/2f5eb72fe45540e93ac2726877551a20.jpg,http://www.rockstargames.com/maxpayne/,max-payne,"Max Payne is a man with nothing to lose in the violent, cold urban night. A fugitive undercover cop framed for murder and now hunted by cops and the mob. Max is a man with his back against the wall, fighting a battle he cannot hope to win. Prepare for a new breed of deep action game. Prepare for pain... Developed by Remedy Entertainment and produced by 3D Realms, Max Payne is a relentless story-driven game about a man on the edge, fighting for his justice while uncovering plot-twists and twisted thugs in the gritty bowels of New York during the centurys worst blizzard. Max Payne is an original third-person 3D game based on the MAX-FX engine and uses photo-digitized textures and radiosity lighting, resulting in one of the most realistic looking games ever seen on the PC.",51.55,18.42,2000s,1,excellent,generally_favorable
319,3368,Titan Souls,2015-04-13,2015.0,Action|Indie,Fantasy,Pixel Art,2D,Singleplayer,0,Controller,Devolver Digital|Acid Nerve,Devolver Digital,PlayStation 4|PS Vita|PC|macOS,4.0,Not Rated,3.34,74.0,528.0,531.0,5734.0,1.0,108.0,0.0,4866,169,28,297,58,316,Singleplayer|Steam Achievements|Full controller support|Atmospheric|Great Soundtrack|2D|Fantasy|Difficult|Action-Adventure|Pixel Graphics|Controller|Retro|controller support|Short|Roguelike|Top-Down,PlayStation Store|Steam|GOG,https://media.rawg.io/media/screenshots/2fc/2fc6994425146f9dba3133400b414e29.jpg,http://www.acidnerve.com,titan-souls,"Between our world and the world beyond it lies the Titan Souls, the spiritual source and the entirety of all living things. Now among the ruins and among the titans a lone hero armed with only one arrow gathers again the souls of the Titans in search of strength. Titan Souls is a 2D game in the open world with a top-down camera. The player has only one arrow and can only withstand one hit from the enemies. The main task is to defeat 19 giant monsters called Titans, who can also endure only one hit. There is only one way to beat each titan and only difficulty increases: the fact that the player needs to retrieve the only arrow after every unsuccessful attempt The developers were inspired by Dark Souls the series Shadow of the Colossus and ""The Legend of Zelda"", taking incredible complexity, atmosphere and puzzles from them. The game was meant for replaying for truly devoted fans to achieve faster times and fewer deaths.",40.0,1.86,2010s,1,average,mixed
320,250,The Binding of Isaac: Rebirth,2014-11-03,2014.0,Action|RPG,Horror,Pixel Art,2D,Single & Multiplayer,1,Controller,Nicalis|Edmund McMillen,Nicalis,Xbox One|macOS|Linux|Nintendo Switch|Nintendo 3DS|Wii U|PlayStation 4|PS Vita|iOS|PC,10.0,M — Mature (17+),4.32,86.0,1150.0,1160.0,5718.0,31.0,550.0,1.0,4234,635,159,414,138,138,Singleplayer|Steam Achievements|Full controller support|Steam Cloud|Atmospheric|steam-trading-cards|Great Soundtrack|Co-op|cooperative|2D|Horror|Gore|Difficult|Split Screen|Local Co-Op|Pixel Graphics|Dark|Replay Value|Roguelike|Remake|Roguelite|Dungeon Crawler|Procedural Generation|Twin Stick Shooter,PlayStation Store|Steam|Nintendo Store|Xbox Store|App Store|GOG,https://media.rawg.io/media/games/926/926928beb8a9f9b31cf202965aa4cbbc.jpg,http://www.bindingofisaac.com,the-binding-of-isaac-rebirth,"The Binding of Isaac: Rebirth is a remake of The Binding of Isaac. The plot is based on a biblical story. Little Isaac and his mother live happily in a small house on the hill. And suddenly the mother heard a voice, which told her that her son is defiled by sins and must be saved. The voice asks the woman to remove all evil from Isaac to save him. There are 12 endings in the game. By controlling Isaac or other of the six characters to choose from, the player must go through several levels of the basement, consisting of many rooms that are procedurally generated in the game, and the places are inhabited by hostile creatures with who you have to fight. Inside the rooms, the gameplay is designed as a shooter. The character can shoot to defeat his enemies with tears that he cries while avoiding collisions with them. Also, if the character loses all his health, he does not continue the game from the saved point, he dies. After that, the game starts from the beginning. The game will include all the content of the original game, as well as some innovations: a new Chapter, new characters and enemies, as well as new items and rooms.",48.03,9.62,2010s,1,excellent,generally_favorable
321,16359,Divinity: Original Sin - Enhanced Edition,2015-10-27,2015.0,RPG|Indie,Fantasy,Stylized,2D,Single & Multiplayer,1,Controller,Larian Studios,Focus Home Interactive|Larian Studios,PC|Linux|macOS|PlayStation 4|Xbox One,5.0,M — Mature (17+),4.26,94.0,1015.0,1025.0,5693.0,8.0,108.0,1.0,4119,530,123,413,170,338,Singleplayer|Steam Achievements|Multiplayer|Full controller support|Steam Cloud|steam-trading-cards|Great Soundtrack|RPG|Co-op|Story Rich|Open World|cooperative|Fantasy|Split Screen|Local Co-Op|Cross-Platform Multiplayer|Character Customization|Turn-Based|Captions available|Isometric|Turn-Based Strategy|Turn-Based Combat|CRPG|Party-Based RPG,PlayStation Store|Xbox Store|Steam|GOG,https://media.rawg.io/media/games/33b/33b825c76382931df0fd8ecddf5caebe.jpg,http://www.divinityoriginalsin-enhanced.com/,divinity-original-sin-enhanced-edition,"In the fantasy world of the game, there is a confrontation between the Order of the Sourcerers, the adepts of the magic of the ""Source"" and the Order of Source Hunters. Hunters believe that the Sources magic is dangerous and consider it their duty to destroy it. At the beginning of the game, two characters are created, which the player will control. You can choose the gender, appearance, features and skills of the characters. The game world is totally interactive. Almost all items can be transferred. For example, to make a barricade of them at the entrance. You can create strong combinations of objects. For example, tie a knife to a broomstick and get a spear. In the game world, much is connected. If the enemy is wet, it will be harder to defeat him with a fiery spell. The players actions also do not remain without consequences, especially immoral, such as looting and murder. Between the characters is a dialogue. If it concerns a joint action, but the characters can not agree, the game itself will decide for them. It is interesting that the relationship in this pair can also develop in a romantic direction.",48.97,5.61,2010s,1,excellent,universal_acclaim
322,274480,Mortal Kombat 11,2019-04-22,2019.0,Action|Adventure|Fighting,General,Realistic,3D,Single & Multiplayer,1,Controller & Keyboard/Mouse,NetherRealm Studios|QLOC|Shiver Games,Warner Bros. Interactive,Nintendo Switch|Xbox One|PC|PlayStation 4|Xbox Series S/X|PlayStation 5,6.0,M — Mature (17+),3.96,82.0,1125.0,1141.0,5687.0,9.0,352.0,22.0,3931,660,175,395,326,200,Singleplayer|Multiplayer|Atmospheric|Gore|Violent|Online multiplayer|Blood,PlayStation Store|Steam|Nintendo Store|Xbox Store,https://media.rawg.io/media/games/eb5/eb514db62d397c64288160d5bd8fd67a.jpg,http://mortalkombat.com,mortal-kombat-11,"Mortal Kombat is back and better than ever in the next evolution of the iconic franchise. The all new Custom Character Variations give you unprecedented control to customize the fighters and make them your own. The new graphics engine showcasing every skull-shattering, eye-popping moment, brings you so close to the fight you can feel it. And featuring a roster of new and returning Klassic Fighters, Mortal Kombats best in class cinematic story mode continues the epic saga over 25 years in the making.",45.67,7.52,2010s,1,good,generally_favorable
323,3346,Wolfenstein: The Old Blood,2015-05-04,2015.0,Action|Shooter,Horror,Realistic,3D,Single & Multiplayer,1,Controller,Bethesda Softworks|Machine Games,Bethesda Softworks,Xbox One|PlayStation 4|PC,3.0,Not Rated,4.0,76.0,1129.0,1141.0,5668.0,7.0,330.0,9.0,3765,1170,35,134,240,324,Singleplayer|Steam Achievements|Multiplayer|Steam Cloud|Atmospheric|Story Rich|First-Person|Sci-fi|Partial Controller Support|Horror|FPS|Funny|Gore|Steam Leaderboards|Stealth|Zombies|War|Mature|Blood|World War II|Alternate History,PlayStation Store|GOG|Steam|Xbox Store|Epic Games,https://media.rawg.io/media/games/f14/f1422eacab98c5f85a5123da4e9d9e89.jpg,http://www.wolfenstein.com,wolfenstein-the-old-blood,"Wolfenstein: The New Blood is an FPS game which serves as a prequel to Wolfenstein: The New Order developed by MachineGames. The game is set in the alternate 1946, where Nazi Germany is close to winning World War II. You play as B.J Blaskowicz set out on a secret mission to turn the tides in favor of the Allies. The game is divided into two chapters: Rudi Jger and the Den of Wolves and The Dark Secrets of Helga Von Schabbs. In the first chapter, you have to escape the prison Blaskowicz was put into after his cover was blown. The second chapter has Blaskowicz infiltrate the fictional city of Wolfburg, where Helga Von Schabbs, a high-ranked Nazi archaeologist found several dark magic artifacts. Each level in the game is a semi-open sandbox which the player can navigate and explore freely. Experience intense and fast combat with the ability of dual-wielding any weapon you find. The game features an uncommon cover system, where the character leans out of the cover. The perk system is also present. In order to unlock a perk, the player has to complete a specific task. Perks can grant a bonus to health, armor or an ability to perform a silent takedown.",44.6,11.81,2010s,1,excellent,generally_favorable
324,17803,Ryse: Son of Rome,2013-11-22,2013.0,Action|Adventure,Historical,Realistic,3D,Single & Multiplayer,1,Controller,Crytek,Microsoft Studios|Crytek,Xbox One|PC,2.0,M — Mature (17+),3.59,61.0,966.0,980.0,5656.0,6.0,157.0,0.0,4235,782,31,281,105,222,Singleplayer|Multiplayer|Full controller support|Atmospheric|RPG|Co-op|Open World|cooperative|Third Person|Fantasy|Gore|stats|Nudity|Hack and Slash|War|Short|Historical|Linear|Quick-Time Events|Benchmark|Rome,Steam|Xbox Store,https://media.rawg.io/media/games/736/736c0eaec96d848d7824b33298a182f2.jpg,http://www.rysegame.com,ryse-son-of-rome,"The action of Ryse: Son of Rome is set in the capital of the Roman Empire, which is besieged by the Celtic barbarians led by Boudica. Emperor Nero says from the balcony of the Palace that the defenders of the city should protect him. Marius, the General of Rome (you will play for him) and the commander of the defenders, gives a small sack to a subordinate with the instructions to display it, saying this is the key to victory. Then he secures the ruler in the secret room and begins his story. The player will have to fight a lot with the enemies. There is a weak attack, there are quick sword strikes, allowing to deprive the enemy off balance, as well as a potent offence, for which you need to hold the button for a few seconds. It is better to attack at the right moments: striking, dodging and parrying, you can bring the combo counter to indecently high numbers. There is also a system of finishing the enemy, which can finally overthrow the opponent. Over the heads of heavily wounded enemies there is an icon in the form of a skull, and by pressing the right trigger, you can finish them with the help of the provided reception.",39.49,7.84,2010s,1,good,mixed
325,9653,Hacknet,2015-08-11,2015.0,Simulation|Indie,Horror,Pixel Art,2D,Single & Multiplayer,1,Keyboard / Mouse,Team Fractal Alligator,Fellow Traveller|Surprise Attack,PC|macOS|Linux,3.0,M — Mature (17+),3.19,82.0,491.0,494.0,5651.0,3.0,11.0,0.0,4804,144,28,192,48,435,Singleplayer|Steam Achievements|Multiplayer|Steam Cloud|Atmospheric|steam-trading-cards|Great Soundtrack|Story Rich|2D|Sci-fi|Horror|Steam Workshop|Includes level editor|Captions available|Cyberpunk|Education|Hacking|Programming|Typing,GOG|Steam,https://media.rawg.io/media/games/23b/23b69bfef2a1ce2e3dcdf1aa8ef1150b.jpg,http://www.hacknet-os.com/,hacknet,"Hacknet is a computer hacking simulator. You take on the role of a user nicknamed Bit and need to investigate the death of the previous ""Bit"" that was probably involved in illegal activity. To get through the story, you search for the files on other computers that can help to reveal the truth about your predecessor. Hacknet combines a graphical interface with a text-based console creating the impression of real hacking software. As a rule, every mission consists of connecting to another computer, breaking its protection system and getting special privileges and access to the database. You need to complete the mission before the speed countdown reaches zero. If you fail, youll have one more try to finish the level. Hacknet is expanded with Hacknet Labyrinths DLC that adds two more chapters to the story, new hacking tools, and a fully new soundtrack. The game can also be modified by players.",40.75,1.55,2010s,1,average,generally_favorable
326,10449,Darksiders II Deathinitive Edition,2015-11-05,2015.0,Action|RPG,Post-Apocalyptic,Realistic,3D,Single & Multiplayer,1,Controller,THQ Nordic|Vigil Games|Gunfire Games,THQ Nordic|Nordic Games Publishing,PlayStation 4|Xbox One|Nintendo Switch|PC,4.0,Not Rated,3.79,75.0,674.0,678.0,5640.0,9.0,126.0,5.0,4323,409,38,274,102,494,Singleplayer|Steam Achievements|Multiplayer|Full controller support|Steam Cloud|steam-trading-cards|Great Soundtrack|RPG|Story Rich|Open World|Third Person|Fantasy|Gore|Steam Leaderboards|Action RPG|Controller|Hack and Slash|Post-apocalyptic|Dark Fantasy|Parkour|Loot|Spectacle fighter,Epic Games|Steam|Xbox Store|PlayStation Store,https://media.rawg.io/media/games/cfe/cfe5960b5caca432f3575fc7d8ff736b.jpg,https://rawg.io/games/darksiders-ii-deathinitive-edition,darksiders-ii-deathinitive-edition,"Become the terrifying force which everything fears but nothing can escape. Awakened by the End of Days, Death, the most feared of the legendary Four Horsemen embarks on a quest to redeem his brothers name. Along the way, the Horseman discovers that an ancient grudge may threaten all of Creation. Death lives! Deathinitive Edition Features: Darksiders 2 with all DLC included and integrated into the game which offers a total playtime of more than 30 hours Reworked and tuned game balancing and loot distribution Improved Graphic Render Engine for higher visual quality especially in terms of lighting and shadows Improved and reworked level, character and environment graphics Running in native 1080p resolution Steam Trading Cards Features: Play Death: Become the most feared of the legendary Four Horsemen, able to destroy entire worlds and battle forces beyond Heaven and Hell. Epic Universe: Unlike anything the player has seen before, delivered in the unique style of Joe Mad. Player Choice & Customization: Customize your experience with varied armor sets, weapons, and Skill Trees allowing players to create their own Death. Replay-ability: Explore a vast open world, complete dozens of side quests and customize your Death with a full leveling system, Skill Trees and endless equipment combinations. Traversal: Death is a nimble and agile character capable of incredible acrobatic feats allowing the player to explore the world like never before.",42.24,4.71,2010s,1,good,generally_favorable
327,9793,Guns of Icarus Online,2012-09-30,2012.0,Action|Simulation|Indie,Sci-Fi,Realistic,3D,Multiplayer,1,Controller,Muse Games,Muse Games,Linux|PC|macOS,3.0,Not Rated,2.59,64.0,404.0,404.0,5637.0,4.0,889.0,3.0,5048,41,1,223,15,309,Steam Achievements|Multiplayer|steam-trading-cards|Co-op|cooperative|First-Person|Partial Controller Support|FPS|Online Co-Op|Tactical|stats|Steam Workshop|PvP|Team-Based|Competitive|Steampunk|Kickstarter|Class-Based|Flight,Steam,https://media.rawg.io/media/games/179/179245a3693049a11a25b900ab18f8f7.jpg,http://gunsoficarus.com/,guns-of-icarus-online,"The player is one of the four members of the combat airship team in the alternate steampunk world. At the disposal of the player are several ships with different characteristics and weapons. Vital ship systems can be damaged and repaired, all damages affect the combat capability of the ship. You can choose who to be on the team: pilot, engineer or shooter. In PvP mode, two teams participate, each team includes 2 to 4 ships. The purpose of the game varies, but, as a rule, it is the destruction of the ships of the enemy team or capture of control points. In PvE mode, all players are combined into one team, which can include from 1 to 4 ships. Own unique PvE modes include defence of the base, destruction of enemy bases, interception of enemy ships, battles with boss ships and others. In addition to PvE mode, there is a war scenario of six parties: players earn points to enforce their party in the process of capture or defence of territories.",34.48,3.17,2010s,1,below_average,mixed
328,15858,Star Wars: Knights of the Old Republic II – The Sith Lords,2004-12-06,2004.0,Adventure|RPG,Sci-Fi,Stylized,3D,Singleplayer,0,Controller,Aspyr Media|Obsidian Entertainment|Lucasfilm,Aspyr|Disney Interactive|LucasArts Entertainment,Xbox|Xbox 360|Linux|macOS|PC|Nintendo Switch|Android,7.0,T — Teen (13+),4.37,85.0,913.0,919.0,5618.0,4.0,57.0,2.0,4116,733,23,175,162,409,Singleplayer|Steam Achievements|Full controller support|Steam Cloud|Atmospheric|RPG|Story Rich|Third Person|Sci-fi|Classic|Female Protagonist|Steam Workshop|Space|role-playing|Moddable|Character Customization|Turn-Based|Choices Matter|Multiple Endings|Turn-Based Combat|Real-Time with Pause|Party-Based RPG|Star Wars,Steam|GOG|Xbox 360 Store|App Store,https://media.rawg.io/media/games/046/0464f4a36cd975a37c95b93b06058855.jpg,http://aspyr.com/games/star-wars-knights-of-the-old-republic-ii-the-sith-lords?utm_source=MacApp&utm_medium=ProductLink&utm_campaign=star-wars-knights-of-the-old-republic-ii-the-sith-lords,kotor-ii,"The game takes place in the expanded Star Wars Universe, almost 4,000 years before the events described later in the films. The game begins on the ship ""The Endar Spire "", attacked by the Sith fleet near the planet Taris. Player and one of the pilots, Carth Onasi, descend on the planet in an escape pod. Their primary goal is to find a Jedi named Bastila Shan, who commanded their ship. She has the mastery of battle meditation, by which the Republic has managed so far to withstand the onslaught of the Sith. Knights of the Old Republic is the first computer game, which takes place in the authors world of Star Wars. Battles go through in real time, but they can be suspended at any time. The main character balances between good and evil, and each of his actions depends on his belonging to the Light or Dark sides of the Force, and ultimately the ending of the game. In place of magic came the Force Powers that is vested in the Jedi, and they are divided into three categories: light, dark and neutral. Any Jedi can study any force that is sufficient for his level.",47.19,7.01,2000s,1,excellent,generally_favorable
329,13628,Dear Esther: Landmark Edition,2017-02-14,2017.0,Adventure|Casual|Indie,Adventure,Stylized,3D,Singleplayer,0,Controller,The Chinese Room|Robert Briscoe,The Chinese Room,PlayStation 4|Xbox One|PC|macOS,4.0,Not Rated,3.31,76.5,432.0,435.0,5617.0,1.0,44.0,0.0,4808,349,4,63,57,336,Singleplayer|Steam Achievements|Full controller support|Steam Cloud|Atmospheric|Great Soundtrack|First-Person|Exploration|Walking Simulator|Commentary available,Steam|PlayStation Store|Xbox Store,https://media.rawg.io/media/screenshots/b20/b20a20205954f9765e82298dbd41e48a.jpg,http://www.thechineseroom.co.uk/games/dear-esther/,dear-esther-landmark-edition,"One of the earliest ""walking simulators"" made by the same team that developed Everybodys Gone To The Rapture, Dear Esther is an art piece rather than a regular game. Theres very little interactivity and zero action you just walk around a rocky Scottish island in autumn. The major events of the plot are set in the past, and we only learn about them through the voice of the unseen narrator - the only voice in the game who will read a certain letter from his past when he approaches a certain place. The letters slowly unfurl the mystery around him as you visit various locations on an island: the lighthouse, the cave, and others. The world of Dear Esther is far from open, and you can only follow the restricted pathways. To unlock all the achievements and find every audio clip, however, may require several walkthroughs. The Landmark Edition is based on the Unity 5 engine and contains better graphics, minor interface improvements and a system of achievements. It also includes the creators commentaries that provide additional insight into their narrative intentions.",39.9,3.31,2010s,1,average,generally_favorable
330,12320,Prison Architect,2015-10-05,2015.0,Strategy|Simulation|Indie,Sci-Fi,Realistic,2D,Singleplayer,0,Controller & Keyboard/Mouse,Double Eleven|Introversion Software,Introversion Software,Xbox One|PC|macOS|Linux|Nintendo Switch|PlayStation 4,6.0,M — Mature (17+),3.72,83.0,581.0,581.0,5604.0,5.0,18.0,0.0,4570,196,46,417,57,318,Singleplayer|Steam Achievements|Steam Cloud|steam-trading-cards|2D|Funny|Sandbox|Comedy|Steam Workshop|Includes level editor|Moddable|Replay Value|Building|RTS|Top-Down|overlay|Management|achievements|Base Building|Resource Management|Economy|City Builder,Epic Games|Steam|GOG|Xbox Store|Nintendo Store|PlayStation Store,https://media.rawg.io/media/games/6bc/6bc79f5bc023b1e6938f6eaf9926f073.jpg,http://www.introversion.co.uk/prisonarchitect/,prison-architect-all-day-and-a-psych,"Prison Architect is a person construction and management simulator developed by Introversion Software. It is a two-dimensional top-down simulator where it is the players responsibility to build new prison blocks, cells, facilities, manage the staff such as wardens, guards and so on. The more staff hired - the more options does the player have while building the prison. It is advised to complete the games campaign first which also serves as a tutorial and consists of 5 parts. Each part of the campaign focuses on two game aspects and has its own story told with Polaroid photos. The player cant lose the game in campaign mode as there are no failure conditions whatsoever. Two more modes are present: Sandbox Mode and Escape Mode. There is no main goal in Sandbox Mode, so you basically cant win the game, but there are several failure conditions such as a riot or bankruptcy. Escape Mode, on the other hand, has both winning and losing conditions. In this mode, you play as a prisoner making their escape causing the most destruction on your way out. Escape Mode starts automatically if you allow too many deaths in a short period of time in Sandbox Mode.",43.24,2.21,2010s,1,good,generally_favorable
331,51610,Dark Souls: Remastered,2018-05-23,2018.0,Action|RPG,Sci-Fi,Realistic,3D,Single & Multiplayer,1,Controller,FromSoftware|QLOC,Bandai Namco Entertainment|FromSoftware,Nintendo Switch|PC|PlayStation 4|Xbox One,4.0,Not Rated,4.48,84.0,1431.0,1453.0,5591.0,15.0,202.0,0.0,3290,1095,185,291,423,307,Singleplayer|Steam Achievements|Multiplayer|Full controller support|Atmospheric|Great Soundtrack|RPG|Co-op|Story Rich|Open World|cooperative|Third Person|Difficult|Exploration|Action RPG|Dark|Character Customization|Replay Value|Dark Fantasy|Mature|Lore-Rich,Nintendo Store|PlayStation Store|Xbox Store|Steam,https://media.rawg.io/media/games/29c/29c6c21cc0c78cff6f45d23631cc82f4.jpg,https://rawg.io/games/dark-souls8482-remastered,dark-souls8482-remastered,"Then, there was fire. Re-experience the critically acclaimed, genre-defining game that started it all. Beautifully remastered, return to Lordran in stunning high-definition detail running at 60fps. Dark Souls Remastered includes the main game plus the Artorias of the Abyss DLC. Key features: Deep and Dark Universe Each End is a New Beginning Gameplay Richness and Possibilities Sense of Learning, Mastering and Accomplishment The Way of the Multiplayer (up to 6 players with dedicated servers)",48.83,11.58,2010s,1,excellent,generally_favorable
332,3554,The Evil Within,2014-10-12,2014.0,Action|Shooter|Adventure,Horror,Realistic,3D,Singleplayer,0,Controller,Bethesda Softworks|Tango Gameworks,Bethesda Softworks,PlayStation 3|PlayStation 4|Xbox 360|PC|Xbox One,5.0,M — Mature (17+),3.97,68.0,1152.0,1167.0,5586.0,6.0,622.0,1.0,3628,885,82,324,232,435,Singleplayer|Steam Achievements|Full controller support|Steam Cloud|Atmospheric|steam-trading-cards|Story Rich|Open World|Third Person|Horror|Gore|Difficult|Survival|Stealth|Third-Person Shooter|Dark|Zombies|Survival Horror|Captions available|Cinematic|Walking Simulator,Epic Games|GOG|PlayStation Store|Steam|Xbox 360 Store|Xbox Store,https://media.rawg.io/media/games/157/1570121f5c4d240504f1eae5c3854733.jpg,http://www.theevilwithin.com,the-evil-within,"The Evil Within is a third-person survival horror action game developed by Tango Gameworks. Detective Sebastian Castellanos and two of his and two of his partners come on call to the Beacon mental hospital. The hospital is filled with dead bodies upon the police arrival. Castellanos has to find out what is going on in the Beacon. Being a survival horror, looking for supplies is crucial in The Evil Within. The game teaches the player when should they run away from the enemy or pick up the fight. Terrible monsters are not the only dangers in the game as there are a lot of traps scattered around the level that can be either used by Sebastian or trap him causing a lot of damage. The game world transforms during the game as a result of player actions. Players can use a safe house named Safe Haven that is accessed either further into the plot development or by finding mirrors during the game. This safe house features a save room, an upgrade room, and several storage safes. Although the ammunition is hard to find in the game, players have access to a wide variety of firearms which include but are not limited to a revolver, shotgun, and a sniper rifle.",42.8,10.15,2010s,1,good,mixed
333,10092,Minion Masters,2019-05-24,2019.0,Action|Strategy|Indie,Sci-Fi,Realistic,2D,Single & Multiplayer,1,Controller,BetaDwarf,BetaDwarf,Xbox One|PC,2.0,Not Rated,2.3,70.3,389.0,390.0,5584.0,5.0,76.0,0.0,5048,24,9,173,9,321,Singleplayer|Steam Achievements|Multiplayer|Steam Cloud|steam-trading-cards|RPG|Co-op|Online Co-Op|Fantasy|Gore|Violent|Online multiplayer|Controller|PvP|In-App Purchases|Competitive|Top-Down|Blood|Card Game|Real-Time|Real Time Tactics|Strategy RPG|Trading Card Game,Xbox Store|Steam,https://media.rawg.io/media/games/e4a/e4ab7f784bdc38c76ce6e4cef9715d18.jpg,http://minionmastersthegame.com,minion-masters,"Two small platforms hang in space, each has a place for the commander and his few, but diverse warriors. Between the platforms there are two bridges. The goal of the game is to capture and hold bridges. The game involved more than three hundred characters. You can fight with players of different levels. There are game modes with the computer and with any partners, friends or players found on the game server on the Internet. After the end of the battle, you can see all the initial conditions of the opponent in the last game and all his actions in it. It is possible to trace what decisions the enemy took, how he equipped the troops and how he controlled them. The amount of armament and power increases from level to level, from battle to victory. A variety of monsters and fantastic teams are combined in different combinations to conquer and suppress the enemy. Control of the bridge and neutralization of enemy forces - in this game this is the sacred grail, after which the player goes away time and again, honing his mastery of strategic planning.",34.44,0.84,2010s,1,below_average,mixed
334,50781,Sea of Thieves,2018-03-20,2018.0,Action|Adventure|Massively Multiplayer,Comedy,Realistic,3D,Single & Multiplayer,1,Controller,Rare,Xbox Game Studios,PC|PlayStation 5|Xbox Series S/X|Xbox One,4.0,T — Teen (13+),3.69,68.0,1046.0,1058.0,5580.0,13.0,507.0,0.0,4213,199,195,695,157,121,Singleplayer|Steam Achievements|Multiplayer|Full controller support|Co-op|Open World|cooperative|First-Person|Online Co-Op|Funny|PvP|Cross-Platform Multiplayer|In-App Purchases|exclusive|Online PvP|PvE|Pirates|Sailing|sea|w10 exclusive,Steam|Xbox Store,https://media.rawg.io/media/games/5f6/5f61441e6338e9221f96a8f4c64c7bb8.jpg,https://www.seaofthieves.com,sea-of-thieves,"Sea of Thieves is a cooperative multiplayer action-adventure game developed by Rare. ###Gameplay The game features a cartoonish pirate aesthetic to it and features no plot whatsoever. The players set out to explore an open shared world. The first thing available to the players is player creation, as the game offers the players to choose one out of eight randomly generated characters. After that, the players are let go to the open world. There is no certain objective present in the game. The players have to create a story for themselves. Players can take mission known as voyages. Voyages require you to locate an island on the map, sail to it, find a treasure, dig it out, and safely bring it back to the games hub island. You will get gold upon completion. Gold can be obtained either through voyages mentioned above, boarding and raiding other players ships or clearing out a fort full of skeletons who have a lot of gold hidden in their stronghold. The gold can be used to buy cosmetic upgrades, such as new ship bodies or skins for your weapons. There are four weapons present in the game, with the players being able to carry two at the time. The game relies on the player to player interaction, as they are able to dance, use emotes or even get drunk together either on the ship or on the games hub island bar. The ships cannot be appropriately handled by only one player, so it is a must to gather a team.",41.37,4.26,2010s,1,good,mixed
335,19299,Fallout 2,1998-09-30,1998.0,RPG,Post-Apocalyptic,Stylized,2D,Singleplayer,0,Keyboard / Mouse,Black Isle Studios,Bethesda Softworks|Interplay Productions,macOS|PC,2.0,M — Mature (17+),4.35,86.0,1129.0,1136.0,5573.0,2.0,0.0,11.0,3900,733,41,294,159,446,Singleplayer|Steam Cloud|Atmospheric|Great Soundtrack|RPG|Story Rich|Open World|2D|Sci-fi|Exploration|Classic|Sandbox|Retro|role-playing|Turn-Based|Post-apocalyptic|Replay Value|Isometric|Dark Humor|Turn-Based Combat|CRPG,Epic Games|Steam|GOG,https://media.rawg.io/media/games/218/218167ff4011acc825c844d0070940a0.jpg,https://fallout.bethesda.net/en/games/fallout-2,fallout-2-a-post-nuclear-role-playing-game,"This sequel to the original Fallout is set in a post-apocalyptic era many decades after a nuclear war broke out and eliminated most of the world as we know it. America is turned into the Wasteland, a grim world full of ugly ghouls, powerful super mutants, mad robots and raiders, and various factions fighting for power. There are also many pre-war Vaults, some of which allowed their inhabitants to survive the war. The game uses an isometric view like most 1990s RPGs did, and the battles are turn-based. You play as a Chosen One, a distant descendant of the original Vault Dweller, living in the village called Arroyo. The Chosen One is tasked by the villages elders to retrieve Garden of Eden Creation Kit, a gadget that can transform the wasteland into a fertile environment. Before you start, you can customize your Chosen One and assign him with various skills, perks and traits using the system called S.P.E.C.I.A.L. Your actions and choices affect both your karma, which defines how ""good"" your character is overall and your reputation that may vary from settlement to settlement.",47.83,6.74,1990s,1,excellent,generally_favorable
336,10090,Beholder,2016-11-08,2016.0,Adventure|RPG|Strategy|Indie,Horror,Stylized,2D,Singleplayer,0,Controller,Alawar Entertainment|Warm Lamp Games,Alawar Entertainment|Alawar Premium|Creative Mobile|Osauhing Creative Mobile,Nintendo Switch|iOS|Xbox One|PC|macOS|Linux|PlayStation 4|Android,8.0,T — Teen (13+),3.81,75.0,712.0,715.0,5570.0,4.0,60.0,2.0,4325,390,33,329,117,376,Singleplayer|Steam Achievements|Full controller support|Steam Cloud|Atmospheric|steam-trading-cards|Great Soundtrack|RPG|Story Rich|2D|Horror|Violent|Stealth|Dark|Point & Click|Choices Matter|Multiple Endings|Dystopian|Political,Epic Games|Nintendo Store|PlayStation Store|Steam|GOG|Google Play|App Store,https://media.rawg.io/media/games/40a/40ab95c1639aa1d7ec04d4cd523af6b1.jpg,https://beholder-game.com/,beholder,"If someone has to live in the totalitarian society, that person has to work not to become a victim of it. Carl, a state-appointed landlord, has to spy on the tenants and to receive orders from the government. But to follow them or to dismiss them is up to the player, controlling Carl. Players will have to eavesdrop, bug the apartments of tenants, search through their personal items and complete quests, given to them by the higher ups. The moral choice system will take note of every action players will make, and every decision will have consequences. Much like in a similar in spirit game Papers, please, a government worker has to report any suspicious activity or anyone involved in suspicious activity. Beholder has multiple endings, and each of them is a compilation of player-made choices over the course of the game. Each tenant has their own personality, distinct appearance, conditions, and issues. Its up to the player, to empathize with the lives of the tenant, or to follow orders.",42.3,3.99,2010s,1,good,generally_favorable
337,17380,Sid Meiers Civilization III Complete,2001-10-29,2001.0,Strategy|Simulation,Sci-Fi,Realistic,2D / 3D,Single & Multiplayer,1,Keyboard / Mouse,Firaxis,2K Games|Infogrames,PC,1.0,E — Everyone (3+),3.7,90.0,464.0,466.0,5557.0,1.0,0.0,6.0,4796,238,13,174,23,313,Singleplayer|Multiplayer|Exploration|Classic|Includes level editor|Turn-Based|Replay Value|Historical|Turn-Based Strategy|Military|Grand Strategy|4X,Steam|GOG,https://media.rawg.io/media/games/054/0549f1a0a5e782d4e81cdf8d022073fa.jpg,http://www.civ3.com/,sid-meiers-civilization-iii-complete,"Civilization III is the third installment in 4X strategy series Sid Meiers Civilization. The game is centered around building a civilization starting in 4000 BC and until modern days. The player can choose from 16 different civilizations (15 more are added in expansion packs included in Complete Edition) all of which have their unique characteristics and individual units. The primary goal of every match is to defeat other civilizations. This can be achieved in different ways, such as: destroying every other civilization with, controlling more than 2/3 of the worlds land, building a spacecraft, assimilating other nations and diplomatic domination. This brings a significant amount of variety in gameplay and lets player experiment with different ways of progression for each civilization. The Complete Edition of Civilization III includes the most updated version of the game and both released expansions: Play The World and Conquest.",44.14,2.22,2000s,0,good,universal_acclaim
338,452638,Stray,2022-07-19,2022.0,Action|Adventure|Indie|Puzzle|Platformer,Horror,Stylized,2D / 3D,Singleplayer,0,Controller,BlueTwelve|BlueTwelve Studio,Annapurna Interactive,macOS|Xbox One|Nintendo Switch|PC|Xbox Series S/X|PlayStation 5|PlayStation 4,7.0,E10+ — Everyone 10+,4.15,82.0,1188.0,1219.0,5542.0,5.0,68.0,0.0,2632,1248,120,251,957,334,Singleplayer|Steam Achievements|Full controller support|Steam Cloud|Atmospheric|Open World|Third Person|Sci-fi|Horror|Exploration|Stealth|exclusive|Cute|Mystery|Colorful|Cyberpunk|Dystopian|Steam Trading Cards|Robots|Beautiful|Remote Play on TV|cats|Котики,Nintendo Store|App Store|PlayStation Store|Xbox Store|Steam,https://media.rawg.io/media/games/cd3/cd3c9c7d3e95cb1608fd6250f1b90b7a.jpg,https://stray.game/,stray-2,"Lost, alone and separated from family, a stray cat must untangle an ancient mystery to escape a long-forgotten city. Stray is a third-person cat adventure game set amidst the detailed, neon-lit alleys of a decaying cybercity and the murky environments of its seedy underbelly. Roam surroundings high and low, defend against unforeseen threats and solve the mysteries of this unwelcoming place inhabited by curious droids and dangerous creatures. See the world through the eyes of a cat and interact with the environment in playful ways. Be stealthy, nimble, silly, and sometimes as annoying as possible with the strange inhabitants of this mysterious world. Along the way, the cat befriends a small flying drone, known only as B-12. With the help of this newfound companion, the duo must find a way out. Stray is developed by BlueTwelve Studio, a small team from the south of France mostly made up of cats and a handful of humans.",46.34,11.86,2020s,1,excellent,generally_favorable
339,19451,Fallout 3: Game of the Year Edition,2009-10-13,2009.0,Action|RPG,Post-Apocalyptic,Realistic,3D,Singleplayer,0,Controller & Keyboard/Mouse,Bethesda Game Studios,Bethesda Softworks,Xbox 360|PlayStation 3|PC,3.0,M — Mature (17+),4.13,91.0,929.0,932.0,5511.0,4.0,0.0,0.0,3911,985,45,241,74,255,Singleplayer|Atmospheric|Great Soundtrack|RPG|Story Rich|Open World|First-Person|Third Person|Sci-fi|FPS|Exploration|Sandbox|Action RPG|Moddable|Post-apocalyptic|Replay Value,Epic Games|Steam,https://media.rawg.io/media/games/e53/e5372e767149bc88106e1da0ae7e9104.jpg,https://rawg.io/games/fallout-3-game-of-the-year-edition,fallout-3-game-of-the-year-edition,"Fallout 3: GOTY edition is an open-world role-playing game developed by Bethesda Game Studios. It is the fifth installment in the series and is the first 3D and real-time combat game in it. The game takes place in the year 2277 - 200 years after the nuclear Great War. You play as a vault dweller and set out on a quest to find your father that left the vault. Fallout 3 offers the player immense freedom: create your own character with a particular set of skills using the role-playing S.P.E.C.I.A.L system and explore Washington, D.C., which has turned into a wasteland over the years without even following the main quest or complete every side quest you come across in the game. One of the main features of the game is the V.A.T.S system, that allows the players to target specific body parts of the enemy. For example, if you target the enemies hand, they could drop their weapon. GOTY edition features all the DLCs that were released: Operation: Anchorage, The Pitt, Broken Steel, Point Lookout and Mothership Zeta.",47.28,9.26,2000s,1,excellent,universal_acclaim
340,15274,Jotun: Valhalla Edition,2015-09-29,2015.0,Action|Indie,Sci-Fi,Realistic,2D,Singleplayer,0,Controller,Thunder Lotus|Thunder Lotus Games,Thunder Lotus Games,PlayStation 4|Nintendo Switch|PC|Xbox One|Linux|macOS,6.0,T — Teen (13+),3.07,79.0,509.0,513.0,5508.0,3.0,220.0,0.0,4459,155,24,234,73,563,Singleplayer|Steam Achievements|Full controller support|Steam Cloud|Atmospheric|steam-trading-cards|Great Soundtrack|2D|Fantasy|Difficult|Exploration|Female Protagonist|Controller|Isometric|Hand-drawn|Kickstarter|Mythology|Boss battle|Norse,Xbox Store|Epic Games|itch.io|Steam|Nintendo Store|GOG|PlayStation Store,https://media.rawg.io/media/games/032/0329db96e252aa41e672da2ba16f914c.jpg,http://jotungame.com/,jotun,"The graphics solution of the game may seem simple at first glance, but in fact, it is very addictive and elaborated with the exceptional talent of the artist. Reminds the best samples from the history of world animation. There is an impression that the directors and operators of the highest Hollywood level worked on all the scenes in the game - the heros simple passage through the hanging ladder suddenly turns into an exciting panorama that you want to admire for a long time. Voices speaking the ancient Scandinavian languages, and beautiful original music help to create a tangible atmosphere of Nordic folklore and adventure. These advantages draw attention to the game, despite the lack of continuous action. There is no such action in the game, but when it does happen, its epic nature is suited to the world of Nordic fairy tales. Plots of these tales and a description of the world of Nordic myths are adequately represented in the game, it is even possible to study this topic. The gameplay consists of exploring large levels, searching for runes to enter the next level, avoiding various exotic troubles and rare but epic and picturesque battles.",39.46,2.27,2010s,1,average,generally_favorable
341,3427,Murdered: Soul Suspect,2014-06-03,2014.0,Action|Adventure|RPG,Crime,Realistic,3D,Singleplayer,0,Controller,Square Enix|Airtight Games,Square Enix,Xbox One|PC|PlayStation 4|PlayStation 3|Xbox 360,5.0,M — Mature (17+),3.48,59.0,981.0,985.0,5475.0,5.0,301.0,0.0,3898,812,26,282,138,319,Singleplayer|Steam Achievements|Full controller support|Atmospheric|steam-trading-cards|RPG|Story Rich|Open World|Third Person|Horror|Stealth|Dark|Point & Click|Mystery|Short|Walking Simulator|Crime|Detective|Supernatural|Noir,Xbox Store|PlayStation Store|Steam|Xbox 360 Store,https://media.rawg.io/media/games/54a/54a3e4c617217848dc43c4de9989fe37.jpg,http://www.murdered.com,murdered-soul-suspect,"The hero is a policeman, talented and devoted to duty. But there is a clarification - this is a dead policeman, killed because of his work, but he did not leave the world, he turned into a ghost and did not lose his passion for investigations. A hero can do many things in our world, but not all. Can be present everywhere and even pass through the walls (but not in closed houses, only through open doors and windows). Can see what ordinary people see, read, think. But he can not take and move things, cannot talk with living people - for actions with objects and communication he has to find a girl-medium. In the game, you need to collect evidence and draw conclusions from this. Ways to extract proof are sometimes very exotic. For example, a hero can penetrate the memory of a witness and find there information that the witness himself cannot remember. The hero can meet other ghosts, who were once people and killed - after talking with them, you can learn about the circumstances of this. Finding evidence and reasoning is not the only thing that you have to do. The hero can be killed a second time, and it will be definitive - some disembodied beings seek to destroy the heros soul. But they are vulnerable, and the hero can kill them.",38.36,8.66,2010s,1,average,mixed
342,12569,Starbound,2016-07-22,2016.0,Action|RPG|Casual|Indie,Sci-Fi,Pixel Art,2D,Single & Multiplayer,1,Keyboard / Mouse,Chucklefish,Chucklefish,Linux|PC|macOS,3.0,Not Rated,3.82,81.0,852.0,853.0,5474.0,17.0,102.0,0.0,4274,337,64,523,86,190,Singleplayer|Steam Achievements|Multiplayer|Atmospheric|steam-trading-cards|Great Soundtrack|RPG|Co-op|Open World|cooperative|2D|Sci-fi|Online Co-Op|Exploration|Sandbox|Survival|Online multiplayer|Pixel Graphics|Steam Workshop|Cross-Platform Multiplayer|Space|Crafting|Building|overlay,Steam|GOG,https://media.rawg.io/media/games/6d9/6d92d50affeebf2eb3894d178eb1117e.jpg,http://www.playstarbound.com,starbound,"Starbound is a 2D adventure game with a heavy focus on the sandbox aspect and procedurally generated levels. Unlike many similar games of this genre, Starbound has a story you need to follow. Playing as a space officer whose planet was destroyed by aliens, you explore the universe and prepare for the revenge. In general, Starbound is a typical 2D sandbox with such activities as spelunking, crafting and exploring that are united with story missions. Quests help to find the information about the in-game universe and races and lead through different tasks. Some levels are based on platforming only, while the others make you change the environment and solve puzzles. Some of them are based on the characters ability to turn into a ball and use both hands to hold tools. And still, the key feature of Starbound is procedurally generated levels and their design. The game features a huge amount of planets to explore, with multiple caves, buildings, labyrinths, and forests.",43.76,4.75,2010s,1,good,generally_favorable
343,3729,LEGO The Hobbit,2014-04-08,2014.0,Action|Adventure|Family,Fantasy,Realistic,3D,Single & Multiplayer,1,Controller,Feral Interactive|Warner Bros. Interactive|Travellers Tales,Warner Bros. Interactive,PC|PlayStation 3|Nintendo 3DS|Xbox 360|Xbox One|Wii U|PlayStation 4|PS Vita|macOS,9.0,Not Rated,3.41,70.0,464.0,466.0,5468.0,2.0,328.0,12.0,4561,270,19,139,63,416,Singleplayer|Steam Achievements|Multiplayer|Full controller support|Steam Cloud|Atmospheric|RPG|Co-op|Open World|cooperative|Third Person|Fantasy|Funny|Comedy|Split Screen|Local Co-Op|Family Friendly|LEGO,GOG|Steam|Nintendo Store|Xbox 360 Store|Xbox Store,https://media.rawg.io/media/games/e4f/e4fb3fd188f61fabec48dca22e6ef28a.jpg,http://videogames.lego.com/en-us/lego-the-hobbit/about/features,lego-the-hobbit,"LEGO The Hobbit is another installment in the LEGO series of games adapted from popular movie franchises. It is based on the first two films in Peter Jacksons The Hobbit film trilogy, that was, in turn, adapted from John R.R. Tolkiens book of the same name. Like with all LEGO games, its visual style imitates a world that is entirely made of LEGO constructions and inhabited by mini-figures. ###Plot The game follows the plot of the movies rather than the original book. LEGO The Hobbit recreates The Hobbit story using voice samples from the movies, while also parodying it with the addition of the tongue-in-cheek humor. The plot takes place in the high fantasy world of Middle-Earth. Bilbo Baggins, the main protagonist, is a hobbit. He lived a peaceful life until one day a company of thirteen dwarves and the wizard named Gandalf called him to join them on an adventure. Bilbo and his new friends left out on a quest to reconquer the dwarves home, the Lonely Mountain, and its treasures from the wicked dragon Smaug. ###Gameplay The player controls the Thorins party, switching between characters when needed. Each character has his unique abilities, such as climbing or shooting arrows. The game is divided into a series of short, linear levels that correspond to certain scenes in the movies. On the way, the player has to smash objects made of LEGO and sometimes use them to assemble new objects. The game also has a cooperative multiplayer for two.",38.82,3.55,2010s,1,average,mixed
344,3912,Sanctum 2,2013-05-15,2013.0,Action|Shooter|Strategy|Indie,Sci-Fi,Realistic,3D,Single & Multiplayer,1,Controller,Coffee Stain Studios|Reverb Publishing,Coffee Stain Studios|Reverb Communications,macOS|Linux|PlayStation 3|Xbox 360|PC,5.0,T — Teen (13+),2.97,77.0,399.0,400.0,5449.0,3.0,70.0,1.0,4812,88,10,228,29,282,Singleplayer|Steam Achievements|Multiplayer|Full controller support|Steam Cloud|steam-trading-cards|Great Soundtrack|RPG|Co-op|cooperative|First-Person|Sci-fi|FPS|Online Co-Op|Funny|Steam Leaderboards|Female Protagonist|Survival|Futuristic|Aliens|Tower Defense,PlayStation Store|Steam|Xbox 360 Store,https://media.rawg.io/media/games/963/963815b2a1a88475a31f311b591e70fb.jpg,https://www.coffeestainstudios.com/games/sanctum-2/,sanctum-2,"Sanctum 2 is a first-person shooter game, the second installment in Sanctum series by Coffee Stain Studios. The story takes place on planet Loek-III colonized by people. The colonies are built around the Cores, large spheres of energy that make Loek atmosphere suitable for humans. You take a role of one of four Core Guardians team members. There are 4 characters in the game with its unique abilities and characteristics and several unlockable weapons for every one of them. The gameplay may be essentially described as a mix of FPS and tower defense. Every level is necessarily a tower-defense-style map with the main building, the Core, which player has to protect from waves of enemies, coming from the access shafts. Every round consists of two phases: building phase, when the player can build towers and walls that help hold back waves of enemies, and defending phase when the player has to kill enemies in order not to let them destroy the Core.",38.25,1.25,2010s,1,below_average,generally_favorable
345,5161,Braid,2008-08-06,2008.0,Action|Arcade|Indie|Puzzle|Platformer,Fantasy,Realistic,2D,Singleplayer,0,Controller,Hothead Games|Number None,Microsoft Studios|Hothead Games|Number None,PlayStation 3|Xbox One|iOS|PC|macOS|Linux|Xbox 360,7.0,E10+ — Everyone 10+,4.16,92.0,991.0,999.0,5449.0,2.0,36.0,0.0,3895,794,31,357,162,210,Singleplayer|Steam Achievements|Full controller support|Steam Cloud|Atmospheric|Great Soundtrack|Story Rich|2D|Fantasy|Difficult|Classic|Controller|controller support|Side Scroller|overlay|Puzzle-Platformer|Time Travel|Time Manipulation,PlayStation Store|Steam|GOG|Xbox 360 Store|App Store,https://media.rawg.io/media/games/a5a/a5abaa1b5cc1567b026fa3aa9fbd828e.jpg,http://braid-game.com/,braid,"Braid is a traditional platform game with puzzle solving. The story follows the main character Tim on his way through twisted 2D levels. According to the storyline, Tims aim is to rescue the princess from a monster. In the course of the completion, players will be able to get some additional information about the protagonists relationship with the princess. Players control the protagonist as he climbs platforms, jumps on the enemies to defeat them and to collect keys to hidden quests and mosaic parts. Players have to lead Tim through 6 worlds, each based on an intriguing time mechanic, as Tim features the ability to rewind the original pace of time. For example, Time and Forgiveness world allows respawning Tim after his death by switching time back. To attend the last level, Tim must assemble the mosaic. The story ends in the world simply called 1, where time flows in reverse and returns to the normal pace by rewinding. The last room of the final world contains Tims meeting with the princess, but, due to the time pace turned back, players face some unpredictable twists of the plot.",47.66,7.55,2000s,1,excellent,universal_acclaim
346,10001,Serious Sam Fusion 2017 (beta),2017-03-20,2017.0,Action|Indie,Sci-Fi,Realistic,3D,Single & Multiplayer,1,Controller,Croteam,Devolver Digital|Croteam,PC|macOS|Linux,3.0,Not Rated,3.05,74.3,329.0,329.0,5440.0,1.0,76.0,20.0,4925,77,3,121,17,297,Singleplayer|Steam Achievements|Multiplayer|Full controller support|Steam Cloud|Co-op|cooperative|First-Person|FPS|Online Co-Op|Gore|Steam Leaderboards|Comedy|Violent|Online multiplayer|Split Screen|Local Co-Op|Local Multiplayer|Steam Workshop|Cross-Platform Multiplayer|Includes level editor|VR,Steam,https://media.rawg.io/media/games/21b/21babfc41e2a6972290833d1b860f13e.jpg,http://www.croteam.com,serious-sam-fusion-2017-beta,"Serious Sam Fusion 2017 is a special edition of the original first-person shooter series. This is a central hub for the whole Serious Sam franchise, which includes remastered and VR versions of both First and Second Encounters, and Serious Sam 3: BFE. The series follows Sam Stones adventures set in the environment of Egyptian pyramids, jungles and medieval castles. According to the plot, the protagonist fights against science-fictional extraterrestrial forces and their leader Mental, whose only aim is the devastation of humanity. The gameplay consists of eliminating waves of re-spawning invaders all across the game map. Enemies themselves range from basic soldiers to gigantic robots. As far as health and armor are non-regenerative, players controlling Sam have to gather special packs, which are scattered all around, in addition to dodging aliens attacks. From the technical side remasters offer lots of graphical issues and fixtures. The 2017 Fusion also allows players to maneuver within the whole series not exiting the game.",37.81,1.0,2010s,1,average,mixed
347,829,Killing Floor 2,2016-11-18,2016.0,Action,Horror,Realistic,3D,Single & Multiplayer,1,Controller,Tripwire Interactive,Tripwire Interactive|Iceberg Interactive,PlayStation 4|Xbox One|PC,3.0,Not Rated,3.53,75.0,809.0,812.0,5436.0,9.0,540.0,1.0,4289,243,60,516,56,272,Singleplayer|Steam Achievements|Multiplayer|Full controller support|Atmospheric|steam-trading-cards|Great Soundtrack|Co-op|Open World|First-Person|Horror|FPS|Online Co-Op|Funny|Gore|Difficult|Survival|Online multiplayer|Steam Workshop|Zombies|Includes level editor|In-App Purchases|Survival Horror|Team-Based|Valve Anti-Cheat enabled,PlayStation Store|Epic Games|Steam|Xbox Store,https://media.rawg.io/media/games/192/1921ec949024a5fbd1e1c7008f54b5af.jpg,http://www.killingfloor2.com,killing-floor-2,"Killing Floor 2 is a cooperative first-person survival horror game developed by Tripwire Interactive. The game is based on events of the first Killing Floor. A biotech corporation Horzine attempts to create military clones, yet something goes wrong and now the mutant clones are spread all around Europe. Governments collapse and the infrastructure is almost non-existent. Up to 6 players spawn on the map in order to kill the boss. The players have to hold out 4, 7 or 10 waves of enemies after which the boss spawns. Each wave has more enemies and special mutants. After the end of a wave, the players can visit the trader, where they can buy weaponry and equipment. Players earn money and experience points for killing enemies. The more players there are on the map - the more enemies spawn. The difficulty level is also affected by the number of players. The only difference between singleplayer and multiplayer is in the number of players. The game features a class system. Players spawn with level 0 and can level themselves up to level 25. Each class is better in one field of combat. For example, medics have a speed boost and can heal other players while supports are able to seal the doors.",41.21,4.48,2010s,1,good,generally_favorable
348,14062,Red Orchestra 2: Heroes of Stalingrad with Rising Storm,2011-09-13,2011.0,Action,Historical,Realistic,3D,Single & Multiplayer,1,Keyboard / Mouse,Tripwire Interactive,Tripwire Interactive,PC,1.0,Not Rated,3.25,76.0,433.0,434.0,5432.0,4.0,140.0,0.0,4829,104,15,201,35,248,Singleplayer|Steam Achievements|Multiplayer|Atmospheric|steam-trading-cards|Co-op|cooperative|First-Person|FPS|Gore|Difficult|Tactical|stats|Steam Workshop|Includes level editor|War|Realistic|Historical|Team-Based|Military|Valve Anti-Cheat enabled|World War II|Tanks,Steam,https://media.rawg.io/media/games/bff/bff077fb7c3b037bd5ed920bf447c863.jpg,http://www.heroesofstalingrad.com/,red-orchestra-2-heroes-of-stalingrad-with-rising-s,"Red Orchestra 2: Heroes of Stalingrad with Rising Storm is a first-person tactical shooter, continuing the legacy of the series and adding various new mechanics. The game focuses on multiplayer battles, and the only singleplayer campaigns are tutorials. RO2 is set during the World War II, showing the many confrontations on the Eastern Front. The players may take up arms as one of the two opposing factions, and either fight for their ground as the Red Army or try to take more land as the soldiers of Wehrmacht. The game features 7 playable classes, from a mere footsoldier to the tank commander. The playable maps include up to 64 players and feature different game modes. Red Orchestra 2 emphasizes on the difficulty of battles and maximum realism, making it one of the few hardcore WW2 shooters. The Rising Storm expansion focuses on the Pacific front, adding two new factions with varying equipment and battlefield capabilities, and new maps to play on. The game, together with expansions, supports Steam Workshop and encourages its players to enhance their game experience further.",39.23,1.67,2010s,0,average,generally_favorable
349,3449,Resident Evil,1996-03-22,1996.0,Action|Shooter,Horror,Realistic,3D,Not Specified,0,Controller & Keyboard/Mouse,Capcom|GOG,Capcom,SEGA Saturn|PC|PlayStation,3.0,M — Mature (17+),4.18,91.0,791.0,794.0,5425.0,4.0,139.0,19.0,4262,587,46,212,118,200,gameplay feature: multiple endings|playstation platinum range releases|1990s|games made into books|games made into comics|games made into movies|hudless games|live action cut-scenes|setting: 1990s|setting: future now past|theme: law enforcement|theme: zombies|video games turned into board / card games|white label releases|biohazard / resident evil series|boss fight books games,GOG|PlayStation Store|Xbox 360 Store|Xbox Store|Nintendo Store,https://media.rawg.io/media/games/510/51039d0ec5dc8c3e08ae4374dfceecec.jpg,https://rawg.io/games/resident-evil,resident-evil,"Resident Evil is a survival horror video game developed and released by Capcom originally for the PlayStation in 1996, and is the first game in the Resident Evil series. The games plot follows Chris Redfield and Jill Valentine, members of an elite task force known as S.T.A.R.S., as they investigate the outskirts of Raccoon City following the disappearance of their team members. They soon become trapped in a mansion infested with zombies and other monsters. The player, having selected to play as Chris or Jill at the start of the game, must explore the mansion to uncover its secrets.",46.94,6.12,1990s,1,excellent,universal_acclaim
350,4729,Assassins Creed,2007-11-13,2007.0,Action,Sci-Fi,Realistic,3D,Not Specified,0,Controller & Keyboard/Mouse,Ubisoft,Ubisoft Entertainment,PlayStation 3|Xbox 360|Xbox One|PC,4.0,M — Mature (17+),3.91,80.0,1969.0,1997.0,5421.0,5.0,63.0,21.0,2157,2523,42,431,138,130,Stealth|Space|Assassin|character|city|Investigation|future|Single player only|office|treasure,Xbox Store|PlayStation Store|Xbox 360 Store,https://media.rawg.io/media/games/0bc/0bcc108295a244b488d5c25f7d867220.jpg,https://www.ubisoft.com/en-us/game/assassins-creed-1/,assassins-creed,"The game takes place in 1191. In the present time, 2012, bartender Desmond Miles, the main character, kidnapped by the Corporation ""Abstergo industries"", which with the help of a machine called ""Animus"" wants to find an artefact. He learns that he is a descendant of the assassin Altair, who discovered this artefact. They need Desmond to know the location of the treasure through him. The game belongs to the category of open world projects. It means that the world can be explored by the player in a free manner there. All the game space is a simplified model of the Holy Land. The area is divided into seven main sections. The player will have to climb on a lot of different buildings and towers. The architecture of the cities in Assassins Creed is specially designed so that Altair can jump on any roof. Throughout the game, these skills will not just be used to perform additional tasks. An essential part of the game is the investigation and the associated need to merge with the crowd. Each time, getting to the big city, Altair has to look around properly and find the office of assassins. The head of the Bureau will tell him about his future victim and will bring to some people who have useful information.",46.95,23.85,2000s,1,good,generally_favorable
